id,type,name,name_zh,name_en,latitude,longitude,elevation,prominence,wikipedia,wikidata,description
12468292489,summit_board,,,,22.6490606,121.4796023,232,,,,
12468292490,summit_board,,,,22.6691204,121.4925361,127,,,,
12468292491,summit_board,,,,22.6705909,121.4796892,108,,,,
12468292492,summit_board,,,,22.6478708,121.4824537,256,,,,
12468292493,summit_board,,,,22.6815997,121.5113902,23,,,,
12468292494,summit_board,,,,22.6619763,121.5098516,48,,,,
12468292495,summit_board,,,,22.6631891,121.5123922,31,,,,
12468292496,summit_board,,,,22.6606173,121.5070651,124,,,,
12468292497,summit_board,,,,22.654551,121.5067585,61,,,,
12468292498,summit_board,,,,22.6548156,121.5096677,51,,,,
12468295065,summit_board,,,,22.0631112,121.5709778,,,,,
12468291435,summit_board,(大)金字面山,,,22.9053795,120.5098896,364,,,,
12468292114,summit_board,(小)金字面山,(小)金字面山,Jinzimianshan,22.9039587,120.510796,330,,,Q31621095,
12468294219,summit_board,1029峰,1029峰,1029feng,24.3444681,121.6431695,1029.00,,,,
12468292782,summit_board,1048,1048,1048,24.4188834,121.6427549,,,,,
12468292310,summit_board,1277峰,1277峰,1277feng,23.4270126,120.6723867,1277,,,,
12468292746,summit_board,1535,1535,1535,23.0617259,121.1177373,1535,,,,
12468292574,summit_board,1695,1695,1695,23.2026578,120.9983945,,,,,
12468292193,summit_board,2046,2046,2046,23.8308277,120.9712909,,,,,
12468292236,summit_board,2125峰,2125峰,2125feng,22.7951009,120.9532578,2125,,,,
12468292115,summit_board,2468峰,2468峰,2468feng,24.530636,121.300848,,,,,
12468292527,summit_board,2659,2659,2659,23.4886728,120.8924322,,,,,
12468292302,summit_board,3085峰,3085峰,3085feng,24.1564077,121.2441765,,,,,
12468295315,summit_board,3167峰,3167峰,3167feng,24.3141351,121.1951071,3167,,,,
12468292742,summit_board,373,373,373,23.0305449,121.1498358,188,,,,
12468291739,summit_board,381峰,381峰,381feng,25.1113757,121.8760686,,,,,
12468292413,summit_board,443森補,443森補,443senbu,24.113652,121.1500473,,,,,
12468291718,summit_board,496,496,496,25.1312629,121.4229498,,,,,
12468292668,summit_board,555峰,555峰,555feng,25.1072663,121.8721108,555,,,,
12468291531,summit_board,581峰,,,25.0318956,121.7031706,,,,,
12468292522,summit_board,742,742,742,22.9116235,121.2013839,,,,,
12468292731,summit_board,869,869,869,23.2274005,121.3235349,,,,,
12468292638,summit_board,MZ41,MZ41,Mz41,23.7143521,120.6548343,,,,,
12468294577,summit_board,一場山,一場山,Yichangshan,22.7917642,120.8182619,1403.88,,,Q31602529,
12804267024,summit_board,一尖山,,,23.2500884,120.4966347,815,,,,
12468291899,summit_board,丁子漏山,丁子漏山,Dingziloushan,23.6075467,121.4972971,331.55,,,Q31391419,
12468294973,summit_board,丁火巧山,丁火巧山,Dinghuoqiaoshan,25.1774011,121.6699143,472,,,Q31595682,
12468293776,summit_board,丁蘭山,丁蘭山,Dinglanshan,24.9921714,121.8694031,409.41,,,Q31611423,
12468292325,summit_board,七佳溪山,七佳溪山,Qijiaxishan,22.4686482,120.7226004,,,,,
13141927476,summit_board,七分寮,,,23.3801755,120.5806263,772,,,,
12468292778,summit_board,七分寮山,七分寮山,Qifenliaoshan,25.1458269,121.6449678,,,,Q31622833,
12468294172,summit_board,七塊厝山,七塊厝山,Qikuaicuoshan,22.9471332,121.2009834,610.00,,,,
12468294128,summit_board,七塊山,七塊山,Qikuaishan,24.3162823,120.752446,417.77,,,Q31611172,
12468293467,summit_board,七嶺山,七嶺山,Qilingshan,23.0626011,120.4689095,151.97,,,,
12468292386,summit_board,七斗山,七斗山,Qidoushan,25.1463893,121.8016112,,,,,
12468292562,summit_board,七星山,七星山,Mt. Qixing,25.1706976,121.5534438,1118,,,,小百岳認證 #002 七星山
12468292385,summit_board,七星山北峰,七星山北峰,Mt. Qixing North peak,25.1725552,121.5536748,1064.94,,,,
12468292075,summit_board,七星山南峰,七星山南峰,Qixingshannanfeng,25.1688304,121.5519674,1088.45,,,,
12468295043,summit_board,七星山東峰,七星山東峰,Mt. Qixing East Peak,25.1694784,121.555575,1105.74,,,Q31623115,
12468292752,summit_board,七星嶺,七星嶺,Qixingling,24.6038354,121.8534287,229,,,,
12468293507,summit_board,七股山,七股山,Qigushan,23.9563057,120.7248352,321.00,,,,
12468295344,summit_board,七股山,七股山,Mt. Qigu,25.1717767,121.5656867,889.77,,,Q31622393,
12468294754,summit_board,七腳川山,七腳川山,Qijiaochuanshan,24.0296109,121.4937514,2311.98,,,Q31606059,
12468292551,summit_board,七里香山,七里香山,Qilixiangshan,24.6164075,120.8885351,,,,,
12638259722,summit_board,三仙台,,,23.1251011,121.4163832,7,,,,
12468293304,summit_board,三仙嶺,三仙嶺,Sanxianling,23.5640677,120.6888775,1080.00,,,Q31609538,
12468293266,summit_board,三份山,三份山,Sanfenshan,24.5200238,120.9278199,550.00,,,,
12468295127,summit_board,三來稜山,三來稜山,Sanlailengshan,23.9031903,121.1049846,2407,,,Q31598135,
12468293566,summit_board,三分二山,三分二山,Sanfenershan,24.940661,121.8416636,522.02,,,,
12468292878,summit_board,三分山,三分山,Sanfenshan,25.0029631,121.3311308,,,,,
12468293539,summit_board,三十二分山,三十二分山,Sanshierfenshan,24.3570777,120.7958941,554.03,,,,
12468293437,summit_board,三十六崙山,三十六崙山,Sanshiliulunshan,23.0428154,120.367046,99.96,,,,
12468295349,summit_board,三叉山,三叉山,Sanchashan,23.2971666,121.028609,3496,,zh:三叉山,Q10865460,
12487688420,summit_board,三叉峰,,,25.0005911,121.9752724,435,,,,
12468292130,summit_board,三叉崙山,三叉崙山,Sanchalunshan,23.6580046,120.7765526,1820,,,,
12468293150,summit_board,三台山,三台山,Santaishan,22.024043,120.7720089,531.00,,,,
12468294018,summit_board,三台山,三台山,Santaishan,22.0205107,120.7712536,433.59,,,,
12468294571,summit_board,三地山,三地山,Sandishan,22.7425395,120.6623697,1052.74,,,Q31598072,
12468293183,summit_board,三地山南峰,三地山南峰,Sandishannanfeng,22.7296305,120.6613552,758.00,,,,
12468293167,summit_board,三地山西南峰,三地山西南峰,Sandishanxinanfeng,22.7295644,120.6439379,379.12,,,,
12468293759,summit_board,三城,三城,Sancheng,24.9478347,121.4890863,102.49,,,,
12468292857,summit_board,三塔峰,三塔峰,Santafeng,22.6337096,120.7642498,2765,,,,
12468292555,summit_board,三字坑山,,,24.5894744,120.9368926,,,,,
12468294975,summit_board,三尖山,三尖山,Sanjianshan,24.590165,120.9374944,418.22,,,Q31616968,
12804267025,summit_board,三尖山,,,23.2439313,120.4941548,814,,,,
12468293226,summit_board,三尖山東北峰,三尖山東北峰,Sanjianshandongbeifeng,24.5940636,120.940446,340.00,,,,
12468293232,summit_board,三層山,三層山,Sancengshan,24.8620691,121.3098744,310.00,,,,
12468293436,summit_board,三崁山,三崁山,Sankanshan,23.0445885,120.3894807,139.27,,,,
12468295061,summit_board,三崁山,三崁山,Sankanshan,23.0439903,120.387279,140,,,,
12468293988,summit_board,三方向山,三方向山,Sanfangxiangshan,24.9634871,121.8613617,619.66,,,Q31598174,
12468295014,summit_board,三星山,三星山,Sanxingshan,24.5092221,121.5639466,2351.89,,,,小百岳認證 #085 三星山
12468294195,summit_board,三望山,三望山,Sanwangshan,23.6469826,121.5086625,741.05,,,,
12468294615,summit_board,三榮山,三榮山,Sanrongshan,24.4570173,121.179793,2869.40,,,Q31598148,
12468295257,summit_board,三汀山,三汀山,Santingshan,24.1390332,120.7525824,480,,,,小百岳認證 #043 三汀山
12468294656,summit_board,三池山,三池山,Sanchishan,24.2835893,121.4513894,2919.08,,,Q31598216,
12468292158,summit_board,三湖山,三湖山,Sanhushan,24.5417369,120.902455,,,,Q31616917,
12468292000,summit_board,三爪子坑山,三爪子坑山,Sanzhuazikengshan,25.0852697,121.8130729,536.28,,,Q31598366,
12468293653,summit_board,三爺坑山,三爺坑山,Sanyekengshan,24.7435455,121.1121461,282.18,,,,
12468293072,summit_board,三玄宮山,三玄宮山,Sanxuangongshan,24.964631,121.5911383,476.45,,,,
12468293413,summit_board,三界埔山,三界埔山,Sanjiepushan,23.4252524,120.4875998,118.20,,,,
12468293811,summit_board,三界山,三界山,Sanjieshan,25.1548839,121.6776193,361.56,,,Q31622820,
13319330933,summit_board,三界山,三界山,Sanjieshan,25.1548505,121.6776609,361.56,,,Q31622820,
12468293823,summit_board,三疊山,三疊山,Sandieshan,25.0913014,121.729205,142.36,,,Q31392414,
12482235422,summit_board,三疊山北峰,,,25.0975233,121.729831,115,,,,
12480568450,summit_board,三疊山南峰,,,25.0906987,121.7283889,151,,,,
12468291697,summit_board,三福山,三福山,Sanfushan,25.0076819,121.4046423,233,,,,
12468291942,summit_board,三等三角點 403,,,23.4772109,120.5116714,207.651,,,,
12468294871,summit_board,三等三角點 4137;大桶山,大桶山,Datongshan,24.8762712,121.5630117,916.794;916,,,Q31595958,
12468291943,summit_board,三等三角點 416;牛山,牛山,Niushan,23.2837868,120.4158642,212.175;212,,,Q31391523,
12468291958,summit_board,三等三角點 59;新港頭莊,,,24.6037654,120.8455402,111.434;111,,,,
12468295046,summit_board,三粒半,三粒半,Sanliban,24.9444924,121.4517678,369,,,,
12805988390,summit_board,三縣界山,,,23.2245859,120.6535603,957,,,,
12468294971,summit_board,三腳南山,三腳南山,Sanjiaonanshan,23.2406261,120.592441,1187.20,,,,小百岳認證 #065 三腳南山
12468292335,summit_board,三腳南山南峰,三腳南山南峰,Sanjiaonanshannanfeng,23.2340286,120.5902155,1191,,,,
12468293914,summit_board,三腳木山,三腳木山,Sanjiaomushan,25.0196634,121.6161013,324.68,,,Q31622303,
12468293080,summit_board,三腳木山西峰,三腳木山西峰,Sanjiaomushanxifeng,25.0194911,121.6078894,295.00,,,,
12468291613,summit_board,三補公山,三補公山,Sanbugongshan,24.1317503,120.5660975,102,,,,
12468295048,summit_board,三見山,三見山,Sanjianshan,23.1667644,120.3998826,165,,,Q31392527,
12468292276,summit_board,三角埔頂山,三角埔頂山,Sanjiaopudingshan,25.005551,121.4004945,285,,,,
12468293862,summit_board,三角尖,三角尖,Sanjiaojian,25.0720414,121.7931181,525.32,,,Q31617551,
12468294122,summit_board,三角山,三角山,Sanjiaoshan,24.4207005,120.7861819,567.14,,,Q31598254,
12468293275,summit_board,三角山北峰,三角山北峰,Sanjiaoshanbeifeng,24.4364746,120.7898219,560.00,,,,
12468295178,summit_board,三角峰,三角峰,Sanjiaofeng,24.0975905,121.1918375,2376,,,Q31598317,
12468294364,summit_board,三角崙山,三角崙山,Sanjiaolunshan,23.9727285,120.8905359,590.00,,,Q31618050,
12468295137,summit_board,三角崙山,三角崙山,Sanjiaolunshan,24.8592141,121.729689,1028,,,,小百岳認證 #083 三角崙山
12468295136,summit_board,三角崙山東南峰,三角崙山東南峰,Sanjiaolunshandongnanfeng,24.8571836,121.7317068,997,,,,
12468293498,summit_board,三角嶺,三角嶺,Sanjiaoling,24.0463104,120.9537113,931.93,,,Q31598304,
12468293809,summit_board,三角嶺頭山,三角嶺頭山,Sanjiaolingtoushan,25.1447096,121.7159257,157.46,,,Q31392432,
12468293241,summit_board,三角洲嶺,三角洲嶺,Sanjiaozhouling,25.1142523,121.7325438,129,,,,
12468292362,summit_board,三角洲嶺北峰,三角洲嶺北峰,Sanjiaozhoulingbeifeng,25.1159295,121.7329179,126,,,,
12468291749,summit_board,三角湖山,三角湖山,Sanjiaohushan,24.5870851,121.0399971,850.00,,,,
12468294807,summit_board,三角錐山,三角錐山,Sanjiaozhuishan,24.209563,121.5909821,2607.26,,,Q31598330,
12468291537,summit_board,三貂嶺山,三貂嶺山,Sandiaolingshan,25.0805843,121.8406536,528,,,Q31617509,
12468292007,summit_board,三貢嶺山,三貢嶺山,Sangonglingshan,24.9949707,121.639653,441.16,,,Q31615865,
12468293911,summit_board,三重埔山,三重埔山,Sanchongpushan,25.0496936,121.6019465,64.83,,,,
12468293424,summit_board,三重溪山,三重溪山,Sanchongxishan,23.3112283,120.4455869,150.68,,,,
12468294984,summit_board,三針後山,三針後山,Sanzhenhoushan,24.7371631,121.6456498,814.97,,,Q31598341,
12468295181,summit_board,三錐山,三錐山,Sanzhuishan,24.1854771,121.1472103,2570,,,Q31598201,
12468294998,summit_board,三間屋山,三間屋山,Sanjianwushan,23.3705353,121.4299646,1333.86,,,Q31598241,
12487688418,summit_board,上內平林山,,,25.0121863,121.7825095,532,,,,
12468293633,summit_board,上南片山,上南片山,Shangnanpianshan,24.7890451,121.1582839,295.77,,,Q31391852,
12468293029,summit_board,上台,上台,Shangtai,23.9526,121.1184667,1338,,,,
12819781067,summit_board,上四社寮山,,,23.1045364,120.581038,675,,,,
12468293399,summit_board,上坑山,上坑山,Shangkengshan,22.8878443,120.5820099,126.40,,,Q31392327,
12468294433,summit_board,上坪山,上坪山,Shangpingshan,24.6529021,121.1170574,610.00,,,,
12468293265,summit_board,上大窩山,上大窩山,Shangdawoshan,24.5443004,120.9446263,768.00,,,,
12468294438,summit_board,上宇內山,上宇內山,Shangyuneishan,24.7817255,121.4105108,900.00,,,,
12468294602,summit_board,上島山,上島山,Shangdaoshan,24.4601232,120.9845975,1438.07,,,Q31607154,
12468294068,summit_board,上平山,上平山,Shangpingshan,22.568507,120.3963822,97.83,,,,
12468293203,summit_board,上後山,上後山,Shanghoushan,23.0806029,120.6050097,423.71,,,,
12468294131,summit_board,上果作園山,上果作園山,Shangguozuoyuanshan,24.6314166,120.9035608,153.16,,,Q31392164,
12468293382,summit_board,上楓港山,上楓港山,Shangfenggangshan,22.2210152,120.6800419,130.04,,,,
12468293328,summit_board,上湖山,上湖山,Shanghushan,24.3709388,120.8925045,717.00,,,,
12468294246,summit_board,上牡丹東山,上牡丹東山,Shangmudandongshan,22.1844914,120.8595556,330.00,,,,
12774459713,summit_board,上瓦硐,,,23.6552334,119.5923435,32,,,,
12468291472,summit_board,上種瓜坑山,,,23.9607438,120.8848995,590,,,,
12468291753,summit_board,上谷關山,上谷關山,Shangguguanshan,24.207685,121.015178,898,,,,
12468291754,summit_board,上谷關山北峰,上谷關山北峰,Shangguguanshanbeifeng,24.208889,121.014829,914,,,,
12468291797,summit_board,上谷關山南南峰,上谷關山南南峰,Shangguguanshannannanfeng,24.204904,121.016272,978,,,,
12468291806,summit_board,上谷關山南峰,上谷關山南峰,Shangguguanshannanfeng,24.206132,121.015858,915,,,,
11109942798,summit_board,上野山,,,24.7124131,121.2611499,1062,,,,
12468293148,summit_board,下七股山,下七股山,Mt. Xiaqigu,25.1874621,121.5776445,462.79,,,Q31622119,
12468293369,summit_board,下中寮山,下中寮山,Xiazhongliaoshan,22.8090555,120.4375216,168.38,,,,
12468293861,summit_board,下內平林山,下內平林山,Xianeipinglinshan,25.018147,121.784841,504.40,,,Q31617586,
12468293701,summit_board,下北高山,下北高山,Xiabeigaoshan,24.734647,120.9508601,72.78,,,,
12468292072,summit_board,下員坑山,下員坑山,Xiayuankengshan,25.2861855,121.5109208,31.35,,,,
12468293689,summit_board,下員山,下員山,Xiayuanshan,24.7734091,121.0357329,139.05,,,,
12468293719,summit_board,下坪頂埔,下坪頂埔,Xiapingdingpu,24.8641911,121.0397664,143.58,,,,
12468291982,summit_board,下安通山,下安通山,Xiaantongshan,23.2839711,121.3314119,313.99,,,,
12468292252,summit_board,下林坪山,下林坪山,Xialinpingshan,24.6300401,120.9496211,198.01,,,,
12468291523,summit_board,下橫坑山,下橫坑山,,24.7652024,121.1376631,470,,,Q31608889,
12468294249,summit_board,下牡丹池山,下牡丹池山,Xiamudanchishan,22.1515783,120.825132,450.00,,,,
12468291461,summit_board,下猴洞山,,,24.0444235,120.9594009,876,,,,
12468291703,summit_board,下盆山,下盆山,Xiapenshan,24.8071483,121.4914275,,,,,
12468293744,summit_board,下社庄,下社庄,Xiashezhuang,25.0712398,121.3120613,191.46,,,,
12468293156,summit_board,下虎頭山,下虎頭山,Xiahutoushan,22.0340311,120.7476817,111.85,,,,
12468293186,summit_board,下達洼蘭山,下達洼蘭山,Xiadawalanshan,22.7962041,120.7056052,876.00,,,,
12468294070,summit_board,下里龍山,下里龍山,Xialilongshan,22.1691594,120.7199249,723.65,,,,
12468291929,summit_board,下銅山,下銅山,Xiatongshan,24.5016348,121.685273,1828.37,,,Q31603258,
12468291908,summit_board,下阿玉山,下阿玉山,Xiaayushan,24.8333039,121.5983323,1089.42,,,Q31603505,
12468294143,summit_board,下香蘭山,下香蘭山,Xiaxianglanshan,22.5883929,120.9884905,190.00,,,,
12468294512,summit_board,世場山,世場山,Shichangshan,23.1612571,120.9246832,2867.16,,,,
12468294589,summit_board,中之山,中之山,Zhongzhishan,22.6779184,120.9169008,1105.51,,,Q31613638,
12468293217,summit_board,中和下山,中和下山,Zhonghexiashan,24.1584531,120.8391193,710.00,,,,
12468291532,summit_board,中坑山,,,24.9791629,121.3817429,256,,,,
12468293634,summit_board,中坑山,中坑山,Zhongkengshan,24.7819631,121.1344017,224.84,,,,
12468293904,summit_board,中坑山,中坑山,Zhongkengshan,24.9899483,121.4860836,49.26,,,,
12468294111,summit_board,中坑山,中坑山,Zhongkengshan,23.5823556,120.5197148,163.94,,,Q31391897,
12468294285,summit_board,中坑山,中坑山,Zhongkengshan,23.2180832,120.4581583,219.31,,,,
12468295138,summit_board,中坑山,中坑山,Zhongkengshan,24.7665285,121.1189645,462,,,,小百岳認證 #027 中坑山
12468292699,summit_board,中坑東山,中坑東山,Zhongkengdongshan,24.9945464,121.7957911,506,,,,
12468291594,summit_board,中坑西山,中坑西山,Zhongkengxishan,24.9963524,121.7830227,461,,,,
12468292823,summit_board,中坡山,中坡山,Zhongposhan,25.0351788,121.5895166,110,,,,
12468293278,summit_board,中城山,中城山,Zhongchengshan,24.7484027,121.1774519,280.00,,,,
12468291733,summit_board,中埔山,中埔山,zhongpu mountain,25.1002799,121.6888913,170,,,,
12468292875,summit_board,中埔山,中埔山,Zhongpushan,25.0117344,121.5552371,137.55,,,Q31392344,
12468291732,summit_board,中埔山東峰,中埔山東峰,Zhongpu east peak,25.1016034,121.691293,165,,,,
12468292090,summit_board,中埔山東峰,中埔山東峰,Zhongpushandongfeng,25.0121522,121.5564811,137.00,,,,
12468295340,summit_board,中央尖,中央尖,Zhongyang Peak,25.0143103,121.7393939,568,,,Q31622975,
12468295237,summit_board,中央尖山,中央尖山,Zhongyang Jianshan,24.3102143,121.4162213,3705,,,Q5061754,
12819781065,summit_board,中央尖山,,,23.1271714,120.5904222,769,,,,
12468292217,summit_board,中央尖山東峰,中央尖山東峰,Zhongyangjianshandongfeng,24.3081659,121.4236105,3580,,,Q31608567,
12468292216,summit_board,中央尖山西峰,中央尖山西峰,Zhongyangjianshanxifeng,24.3087275,121.4045108,3417,,,Q31608494,
12468293370,summit_board,中寮,中寮,Zhongliao,22.8072674,120.4206063,322.05,,,Q31612997,
12468291658,summit_board,中寮山,中寮山,Zhongliaoshan,22.8299798,120.4324454,,,,Q31597642,
12468294918,summit_board,中山,中山,Zhongshan,24.4459997,121.1506686,2631.70,,,Q31604590,
12468292917,summit_board,中島田山,中島田山,Zhongdaotianshan,24.6468179,121.2438116,1815,,,,
12468293546,summit_board,中嵙山,中嵙山,Zhongkeshan,24.249168,120.8562209,534.27,,,,
12468292927,summit_board,中嶺山,中嶺山,Zhonglingshan,24.7170667,121.5772333,1059,,,,
12497979608,summit_board,中嶺山,,,24.938973,121.5999475,626,,,,
12468292612,summit_board,中心山,中心山,Zhongxinshan,23.9450466,120.8073818,630,,,Q31604667,
12468293448,summit_board,中心崙山,中心崙山,Zhongxinlunshan,22.9819557,120.4669548,149.44,,,Q31392027,
12468293851,summit_board,中心崙山,中心崙山,Zhongxinlunshan,24.9465641,121.7888703,613.59,,,,
12468293896,summit_board,中正山,中正山,Mt. Zhongzheng,25.1578021,121.5159008,646.43,,,Q31622044,
12468293870,summit_board,中窯尖,中窯尖,Zhongyaojian,25.0537917,121.7477646,605.05,,,Q31622595,
13319330931,summit_board,中窯尖,中窯尖,Zhongyaojian,25.0537848,121.7477846,605.05,,,Q31622595,
12468291605,summit_board,中阿冷,中阿冷,Zhongaleng,24.1278019,120.9495333,1421,,,,
12468292972,summit_board,中阿玉山,中阿玉山,Zhongayushan,24.8111731,121.6211833,,,,Q31604679,
12468295225,summit_board,中雪山,中雪山,Mt. Zhongxue,24.3364823,121.0780667,3173,,zh:中雪山,Q10876827,
12468292266,summit_board,串空湖山,串空湖山,Chuankonghushan,24.9963374,121.6681202,351.00,,,,
12468294005,summit_board,丸山,丸山,Wanshan,24.6409272,121.7617931,57.94,,,,
12468294371,summit_board,丹大山,丹大山,Dandashan,23.6004081,121.2135381,3325.00,,zh:丹大山,Q10877283,
12468292338,summit_board,丹大山東峰,丹大山東峰,Dandashandongfeng,23.6027585,121.2241674,3145,,,Q31623394,
12468293471,summit_board,丹目座山,丹目座山,Danmuzuoshan,23.0921839,120.4453524,115.19,,,,
12468293790,summit_board,丹裡山,丹裡山,Danlishan,25.0559103,121.907277,74,,,,
12468292192,summit_board,丹錐山,丹錐山,Danzhuishan,24.1512573,121.5885685,1749,,,Q31596389,
12468291813,summit_board,丹鳳山,丹鳳山,Danfengshan,25.1318893,121.5082019,118,,,,
12468291938,summit_board,久久巢山,久久巢山,Jiujiuchaoshan,23.8743002,121.0570431,1383.16,,,,
12468294910,summit_board,久保山,久保山,Jiubaoshan,22.4920216,120.6878378,1506.41,,,Q31605093,
12468293191,summit_board,久保山南峰,久保山南峰,Jiubaoshannanfeng,22.4824285,120.6800905,1329.00,,,,
12468291777,summit_board,久集山,久集山,Jiujishan,22.4973938,120.6700095,1129,,,,無基石
12468291620,summit_board,九九峰(最高峰),,,24.0196978,120.7802203,779,,,,
12468295326,summit_board,九五峰,九五峰,Jiuwushan (9-5 Peak),25.0261872,121.5865007,375,,,,
12468294348,summit_board,九仙山西南峰,九仙山西南峰,Jiuxianshanxinanfeng,24.1668043,121.0669505,2940.00,,,,
12468294992,summit_board,九份二山,九份二山,Jiufenershan,23.9345849,120.8416285,1173.63,,,,小百岳認證 #047 九份二山
12468293999,summit_board,九份坑山,九份坑山,Jiufenkengshan,25.0419329,121.8904751,301,,,,
12468293289,summit_board,九個厝山,九個厝山,Jiugecuoshan,22.0505922,120.8185893,183.00,,,,
12468294945,summit_board,九分山,九分山,Jiufenshan,24.6075405,121.5718284,1088.72,,,Q31605134,
12468292269,summit_board,九層坪山,九層坪山,Jiucengpingshan,25.0346742,121.684819,510,,,Q31622845,
12468293438,summit_board,九層嶺,九層嶺,Jiucengling,23.0350676,120.3731884,118.00,,,,
12468294455,summit_board,九層源坑山,九層源坑山,Jiucengyuankengshan,24.9064047,121.7401495,770.00,,,,
12468294013,summit_board,九棚山,九棚山,Jiupengshan,22.0984749,120.8755226,351.68,,,Q31596779,
12468294258,summit_board,九溪山,九溪山,Jiuxishan,23.4071266,120.8795651,2550.00,,,,
12468294867,summit_board,九紀山,九紀山,Jiujishan,24.9179271,121.6080346,402,,,Q31605172,
12468291991,summit_board,九股山,九股山,Jiugushan,24.6097565,121.8221676,169.56,,,Q31391734,
12468293840,summit_board,九股山,九股山,Jiugushan,24.8830409,121.7956371,643.06,,,Q31605121,
12468293877,summit_board,九芎坑山,九芎坑山,Jiuqiongkengshan,24.9866558,121.7116704,596.57,,,,
12468293478,summit_board,九芎坪山,九芎坪山,Jiuqiongpingshan,23.5491474,120.6535797,1038,,,Q31609636,
12468293303,summit_board,九芎林山,九芎林山,Jiuqionglinshan,22.9257362,120.5964972,362.78,,,Q31621081,
12468293854,summit_board,九芎林山,九芎林山,Jiuqionglinshan,24.9196848,121.7177205,725.80,,,,
12468293355,summit_board,九芎根山,九芎根山,Jiuqionggenshan,24.8782708,121.6596637,610.00,,,,
12485960124,summit_board,九茶山,,Jyocharshan,22.9228007,120.5998308,292,,,,
12468292444,summit_board,九華山,九華山,Jiuhuashan,25.1456529,121.7306629,,,,Q31392436,
12468293442,summit_board,九重橋山,九重橋山,Jiuzhongqiaoshan,23.2154657,120.4141801,142.54,,,,
765549198,summit_board,九龍山,九龍山,Nine Dragons Mt.,25.0153754,121.726187,475;490,,,Q31622668,
12803538504,summit_board,九龍山,,,23.3218731,120.5334868,1212,,,Q31620594,
12468291714,summit_board,乳姑山,乳姑山,Rugushan,24.8670309,121.1869448,,,,Q31602419,
12468294334,summit_board,乾峰,乾峰,Qianfeng,24.0294678,120.8180183,310.00,,,,
12468294453,summit_board,乾溝山,乾溝山,Qiangoushan,24.9131138,121.6295687,379.00,,,,
12468293858,summit_board,乾溪山,乾溪山,Qianxishan,24.9798926,121.7388449,669.08,,,Q31615964,
9671321817,summit_board,二凍山,,,23.2895756,120.5164255,660,,,,
12468292866,summit_board,二坪頂山,二坪頂山,Mt. Erping Ding,25.2460325,121.5421929,,,,,
12468292933,summit_board,二子山,二子山,Mt. Erzi,25.1797467,121.5132819,896,,,Q31623037,
12468294750,summit_board,二子山,二子山,Erzishan,23.8789968,121.3296754,2453.79,,,Q31604307,
12468294930,summit_board,二子山,二子山,Erzishan,24.2567959,121.5700075,2565.07,,,Q31604294,
12468294286,summit_board,二寮坑山,二寮坑山,Erliaokengshan,23.2668098,120.6443311,491.12,,,,
12468293670,summit_board,二寮岡頂山,二寮岡頂山,Erliaogangdingshan,24.6882738,121.0655039,234.17,,,Q31392045,
12468292637,summit_board,二尖山,二尖山,Erjianshan,23.8672751,120.8233734,928,,,Q31604362,
12468292946,summit_board,二尖山,二尖山,Erjianshan,23.5840153,120.6186595,1279,,,Q31609512,
12468294100,summit_board,二尖山,二尖山,Erjianshan,23.2477064,120.496441,863,,,Q31604376,
12468293339,summit_board,二層坪山,二層坪山,Ercengpingshan,24.8158989,121.2946214,330.00,,,,
12468295087,summit_board,二嵙山(三等),,,24.1886418,120.8002223,775,,,,
12468292230,summit_board,二延平山,二延平山,Eryanpingshan,23.4256595,120.6529233,1454,,,Q31620144,
12468294376,summit_board,二本松山,二本松山,Erbensongshan,24.3939108,120.9855986,1270.00,,,,
12468292095,summit_board,二格山,二格山,Ergeshan,24.9672358,121.6196361,677.65,,,,小百岳認證 #017 二格山
12468294475,summit_board,二溪山,二溪山,Erxishan,23.3058832,120.7416284,1453.52,,,Q31620119,
12468291522,summit_board,二確山,二確山,,24.7347799,121.1473613,320,,,,
12468292021,summit_board,二等三角點 1088;六甲山,六甲山,Liujiashan,23.225036,120.3673575,87.501;87.50,,,,
12468292398,summit_board,二萬坪山,二萬坪山,Erwanpingshan,23.5027687,120.7877157,2195,,,,阿里山林補36號基石
12468292287,summit_board,二載山,二載山,Erzaishan,24.0410473,120.8233184,818,,,Q31621963,
12468294280,summit_board,二集團山,二集團山,Erjituanshan,23.0584157,120.7257,1510.00,,,,
12468293797,summit_board,二鬮山,二鬮山,Erjiushan,24.9115408,121.3577173,159.71,,,,
12468293287,summit_board,二龍山,二龍山,Erlongshan,24.9200577,121.5541589,352.00,,,,
12468291720,summit_board,五八山,五八山,Wubashan,25.13229,121.4250216,531,,,,八里與五股行政界線海拔最高點。無基點，兩張長椅，一張在五股，一張在八里。
12468293646,summit_board,五分埔山,五分埔山,Wufenpushan,24.8277105,121.0950033,152.85,,,,
12468293780,summit_board,五分寮山,五分寮山,Wufenliaoshan,25.0582898,121.8069766,326.11,,,Q31617635,
12468293666,summit_board,五分寮頂山,五分寮頂山,Wufenliaodingshan,24.667959,121.0646343,409.96,,,,
12468295242,summit_board,五分山,五分山,Wufenshan,25.0709531,121.780662,757,,,,小百岳認證 #010 五分山
12468291638,summit_board,五分山西峰,五分山西峰,Wufenshanxifeng,25.0700479,121.7756647,740,,,,
12468293798,summit_board,五十分山,五十分山,Wushifenshan,24.918186,121.3369369,296.00,,,Q31392265,
13319330928,summit_board,五十分山,五十分山,Wushifenshan,24.9181938,121.3369346,296.00,,,Q31392265,
12468294342,summit_board,五城口山,五城口山,Wuchengkoushan,23.88282,120.8825051,740.00,,,,
12468294340,summit_board,五城山,五城山,Wuchengshan,23.8920839,120.8954268,760.00,,,,
12468295045,summit_board,五城山,五城山,Wuchengshan,24.9511386,121.4660035,409,,,Q31619354,
13319330927,summit_board,五城山,五城山,Wuchengshan,24.9509168,121.4658523,409,,,Q31619354,
12468292559,summit_board,五堵南山,五堵南山,Wudunanshan,25.0797287,121.6789925,96,,,Q31392407,
12468293348,summit_board,五寮尖,五寮尖,Wuliaojian,24.8768234,121.3656164,639.01,,,Q31619329,
12468295203,summit_board,五尖山,五尖山,Wujianshan,24.9644574,121.4799267,320,,,,
12468293218,summit_board,五峰旗山,五峰旗山,Wufengqishan,24.8445198,121.755469,650.00,,,,
12468292012,summit_board,五指山,五指山,Wuzhishan,25.1292331,121.6074581,680.92,,,Q31594149,
12468292934,summit_board,五指山,五指山,Wuzhishan,24.6413134,121.0961661,1061,,,,小百岳認證 #030 五指山
13319330926,summit_board,五指山,五指山,Wuzhishan,25.12923,121.6074514,680.92,,,Q31594149,
12468292384,summit_board,五棲嶺,五棲嶺,Wuqiling,23.5023041,120.652342,1340,,,,
12468291700,summit_board,五榕山,五榕山,Wurongshan,24.1221269,120.7529601,170,,,,
12468293921,summit_board,五步哭山,五步哭山,Wubukushan,24.7569688,121.0226524,187.19,,,Q17164568,
12468294471,summit_board,五溪山,五溪山,Wuxishan,23.3301478,120.8093318,2057.12,,,Q31606995,
12468292974,summit_board,五甲崩山,五甲崩山,Wujiabengshan,24.0267167,121.32455,2005,,,Q31611134,
12468291821,summit_board,五窯坑山,五窯坑山,Wuyaokengshan,24.194175,120.867593,843,,,,
12468293749,summit_board,五股坑山,五股坑山,Wugukengshan,25.1079293,121.4216258,223.74,,,Q31392508,
12468293649,summit_board,五股林山,五股林山,Wugulinshan,24.7687466,121.0897553,140.87,,,,
12468293770,summit_board,五郎寮山,五郎寮山,Wulangliaoshan,24.9509688,121.618446,547.53,,,Q31615680,
12468293775,summit_board,五酒桶山,五酒桶山,Wu Jiutong Shan,24.9960141,121.9023198,386.05,,,Q31611261,
12468292569,summit_board,五里牌山,五里牌山,Wulipaishan,24.467393,120.6737334,,,,,
12468294014,summit_board,五重溪山,五重溪山,Wuzhongxishan,22.1037141,120.7808071,391.17,,,Q31594134,
12468294575,summit_board,井步山,井步山,Mt. Jingbu,22.7209711,120.7389461,2066.49,,,Q31624608,
12468293196,summit_board,井角山,井角山,Jingjiaoshan,22.9748976,120.5896083,499.00,,,,
12468293958,summit_board,亞泥笛山,亞泥笛山,Mt. Yaniliu,22.7236395,120.7776153,1621.56,,,,
12468292206,summit_board,亞麻灣山,亞麻灣山,Yamawanshan,22.6358229,120.6753393,,,,,
12468293178,summit_board,亞麻灣山西峰,亞麻灣山西峰,Yamawanshanxifeng,22.6306148,120.6572818,530.00,,,,
12468294566,summit_board,京大山,京大山,Jingdashan,22.8817728,120.720906,1673.09,,,Q31605354,
12468292054,summit_board,人倫山,人倫山,Renlunshan,23.7539604,120.8802643,1195.79,,,,
12468293709,summit_board,人字山,人字山,Renzishan,24.6692266,120.926866,153.01,,,Q31392162,
12468291685,summit_board,人字石山,人字石山,Renzishishan,22.9227738,120.5486036,343,,,,
12468292249,summit_board,人待山,人待山,Rendaishan,24.251217,121.3397839,3110,,,Q31602460,
12468292248,summit_board,人待山北峰,人待山北峰,Rendaishanbeifeng,24.2558564,121.3386012,,,,,
12468292694,summit_board,人輪山南,人輪山南,Renlunshannan,23.7358481,120.8838733,,,,,
12468294086,summit_board,人頭山,人頭山,Rentoushan,22.909195,120.5147196,389.78,,,Q31620718,
12468292609,summit_board,人頭面山,人頭面山,Rentoumianshan,24.9753518,121.7065732,818,,,,
12492242842,summit_board,仁里坂山,,,24.9247558,121.6792049,449,,,,
12468292134,summit_board,他尾羅山,他尾羅山,Taweiluoshan,23.4031082,121.2961733,859,,,,
12468292018,summit_board,他果晏山,他果晏山,Taguoyanshan,23.1800596,120.7246758,1688.25,,,Q31610124,
12468291949,summit_board,他里溫山,他里溫山,Taliwenshan,23.7973524,120.7210169,373,,,Q31596569,
12468291466,summit_board,仙女山,仙女山,,22.6399233,120.2670245,226,,,,
12468293020,summit_board,仙山,仙山,Shienshan,24.5425583,120.9529733,967,,,,小百岳認證 #033 仙山
12468292379,summit_board,仙座台山,仙座台山,Xianzuotaishan,25.1045175,121.5666159,321.37,,,,
12468294846,summit_board,仙洞坪山,仙洞坪山,Xiandongpingshan,23.9186379,120.7965096,626.00,,,Q31618025,
12468293804,summit_board,仙洞湖山,仙洞湖山,Xiandonghushan,25.1163235,121.6724578,297.64,,,Q31392387,
12468293407,summit_board,仙草埔山,仙草埔山,Xiancaopushan,23.348269,120.4698964,189.88,,,,
12468294508,summit_board,伊加之蕃山,伊加之蕃山,Yijiazhifanshan,23.0942934,120.8977926,2817.65,,,Q31602515,
12468294148,summit_board,伊喬莫山,伊喬莫山,Yiqiaomoshan,22.3736227,120.856817,470.14,,,,
12468294332,summit_board,伊巴厚山西南峰,伊巴厚山西南峰,Yibahoushanxinanfeng,23.6542033,121.0633131,2970.00,,,,
12468295310,summit_board,伊澤山,伊澤山,Yizeshan,24.4700063,121.2436608,3297,,zh:伊澤山,Q10885048,
12468294811,summit_board,伍伴山,伍伴山,Wubanshan,23.9341133,121.4777965,1484.39,,,,
12468293876,summit_board,伏獅山,伏獅山,Fushishan,24.9837937,121.7247599,731.83,,,Q31603823,
12468293538,summit_board,伯公龍,伯公龍,Bogonglong,24.4031474,120.7884857,416.43,,,,
12468292581,summit_board,低陸山,低陸山,Dilushan,24.6318329,121.3664208,2160,,,Q31607884,
12468292399,summit_board,佐久間山,佐久間山,Zuǒjiǔjiān Mountain,24.1366352,121.449202,2809,,,Q15935787,
12468291916,summit_board,佐得寒山,佐得寒山,Zuodehanshan,24.4386179,121.3563645,2081.87,,,Q31595248,
12468294496,summit_board,佐美姬山,佐美姬山,Zuomeijishan,22.9960232,120.973808,2834.34,,,,
12468294701,summit_board,佐藤山,佐藤山,Zuotengshan,24.5373329,121.1976923,2332.06,,,Q31595233,
12468294333,summit_board,佟可山,佟可山,Tongkeshan,23.6667671,121.1585284,2360.00,,,Q31623579,
12468294617,summit_board,佳仁山,佳仁山,Jiarenshan,24.4405821,121.0787018,2138.94,,,Q31606384,
12468293046,summit_board,佳保台山,佳保台山,Jiabaotaishan,24.1863833,121.00805,1406,,,,
12468294959,summit_board,佳菩安山,佳菩安山,Jiapuanshan,22.3086531,120.7780149,1083.89,,,,
12468291782,summit_board,佳陽台山,,,24.2701423,121.2254401,1546,,,,
12468295312,summit_board,佳陽山,佳陽山,JiaYang Mountain,24.3066338,121.1880062,3314,,zh:佳陽山,Q10887052,
12468294598,summit_board,來社山,來社山,Laisheshan,22.547253,120.7214265,1853.61,,,Q31601710,
12468293171,summit_board,來義山,來義山,Laiyishan,22.5226165,120.6806495,471.00,,,,
12468294815,summit_board,來藝婦山,來藝婦山,Laiyifushan,24.6040915,121.6574916,777.15,,,Q31617240,
12468294664,summit_board,俚與邊山,俚與邊山,Liyubianshan,24.4461138,121.6285029,1136.88,,,Q31624400,
12468294970,summit_board,保和以山,保和以山,Baoheyishan,22.4528092,120.6489003,685,,,,
12468294511,summit_board,保奈具南山,保奈具南山,Baonaijunanshan,23.1689472,120.9689609,2565.03,,,Q31614124,
12468292100,summit_board,保羅尖,保羅尖,Baoluojian,25.113143,121.8810247,,,,,
12468291495,summit_board,保長坑山,,,25.0738453,121.68558,95,,,,
12468291988,summit_board,信義山,信義山,Xinyishan,23.0231993,121.3210345,236.24,,,,
12468292293,summit_board,倒別牛山,倒別牛山,Daobieniushan,24.7717614,121.0918626,170,,,,
12468293237,summit_board,倒吊子山,倒吊子山,Daodiaozishan,24.888195,121.6909794,720.00,,,Q31615802,
12468294855,summit_board,倒吊嶺,倒吊嶺,Daodiaoling,24.9055075,121.6951838,647.34,,,Q31596254,
12468293987,summit_board,倒吊蓮山,倒吊蓮山,Daodiaolianshan,24.9104734,121.691696,484.90,,,,
12468293128,summit_board,倒照湖山,倒照湖山,Daozhaohushan,25.0147096,121.5975841,256.00,,,Q31392371,
12468294569,summit_board,倫原山,倫原山,Lunyuanshan,22.8306911,120.7873706,2434.19,,,Q31601386,
12468294218,summit_board,倫太文山,倫太文山,Luntaiwenshan,23.6423227,121.2772701,2937.00,,,,
12468293626,summit_board,傳生窩,傳生窩,Chuanshengwo,24.4889755,120.7484625,167.41,,,,
12468294216,summit_board,僕落西擴山,僕落西擴山,Puluoxikuoshan,23.5542497,121.1461459,3055.00,,,Q31623858,
12468292940,summit_board,儒潤山,儒潤山,Rurunshan,23.3788369,121.119115,2048,,,,
12468294548,summit_board,優男山,優男山,Younanshan,22.9096779,120.9868306,1972.51,,,,
12468294727,summit_board,光城山,光城山,Guangchengshan,24.7822768,121.2863903,701.93,,,Q31619136,
12468292231,summit_board,光天高山,光天高山,Guangtiangaoshan,24.5718031,121.0210556,1123,,,Q31614742,
12468292588,summit_board,光山,光山,Guangshan,25.0091012,121.5384384,,,,,
12468294088,summit_board,光峰山,光峰山,Guangfengshan,22.9877151,120.4072131,193.76,,,,
12468292479,summit_board,光崙山,光崙山,Guanglunshan,23.5082849,120.6876674,1815,,,Q31609178,
12468294301,summit_board,光崙山南峰,光崙山南峰,Guanglunshannanfeng,23.4906922,120.688283,1180.00,,,,
12468291606,summit_board,光明嶺,光明嶺,Guangmingling,24.1430729,120.8262899,1051,,,,
12468294448,summit_board,光葷山,光葷山,Guanghunshan,24.6608896,121.3874479,1400.00,,,,
12468292426,summit_board,光頭山,光頭山,Guangtoushan,23.9379871,121.2719648,3060,,,Q10890831,
12468291774,summit_board,克孝峰,克孝峰,Kexiaofeng,22.9206628,120.5358138,404,,,,
12468294315,summit_board,兒玉山,兒玉山,Eryushan,23.4740081,120.8328288,2606.00,,,Q31621292,
12468293392,summit_board,兔和山,兔和山,Tuheshan,23.0241906,120.6495959,497.23,,,Q31610275,
12468291893,summit_board,兜山,兜山,Doushan,22.7128358,120.8890975,2070.63,,,Q31613577,
12468294783,summit_board,兜山,兜山,Doushan,23.540602,120.7639884,2128.64,,,,
12468293374,summit_board,內埔山,內埔山,Neipushan,22.0776345,120.7385403,100.43,,,,
12468294101,summit_board,內埔山,內埔山,Neipushan,23.4404949,120.5731213,289.51,,,Q31391530,
12468293947,summit_board,內寮山,內寮山,Neiliaoshan,22.3864179,120.6247167,214.96,,,,
12468292428,summit_board,內嶺爾山,內嶺爾山,Neilingershan,23.5793693,121.1964405,3275,,,Q31606970,
12468293990,summit_board,內平林山,內平林山,Neipinglinshan,25.0373203,121.80832,501.98,,,Q31617385,
12468295250,summit_board,內庄山,內庄山,Neizhuangshan,23.1224346,120.3675383,95,,,Q31392530,
12468291824,summit_board,內惟 圖根補點 補鄧(28),,,22.6556789,120.2717691,70,,,,
12468293568,summit_board,內打林山,內打林山,Neidalinshan,24.9742864,121.8849858,337.80,,,,
12468292440,summit_board,內木山,內木山,Neimushan,25.1509133,121.7210321,,,,,
12468294546,summit_board,內本鹿山,內本鹿山,Neibenlushan,22.9357506,120.8218067,2459.43,,,Q31612460,
12468293482,summit_board,內林山,內林山,Neilinshan,23.7077136,120.6053202,146.85,,,,
12468292864,summit_board,內樹皮山,內樹皮山,Neishupishan,23.6607148,120.7698856,1766,,,Q31599661,
12468292908,summit_board,內橫屏山,內橫屏山,Mt. Sakura,24.6851517,121.1972214,917,,,Q31599688,
12468294416,summit_board,內橫屏山東北峰,內橫屏山東北峰,Neihengpingshandongbeifeng,24.6926275,121.209502,874.00,,,,
12468294420,summit_board,內橫屏山西南峰,內橫屏山西南峰,Neihengpingshanxinanfeng,24.6789363,121.1928763,970.00,,,,
12468293927,summit_board,內水尾山,內水尾山,Neishuiweishan,24.3275277,120.6218653,179.12,,,Q31391393,
12468292856,summit_board,內湖垃圾山,內湖垃圾山,Neihulajishan,25.0617428,121.6077379,40,,,,
12468293310,summit_board,內湖山,內湖山,Neihushan,23.716119,120.7819417,800.00,,,,
12468295332,summit_board,內溝山,內溝山,Neigoushan,25.0890843,121.6274335,137.34,,,Q31392350,圖根點
12468292602,summit_board,內灣山,內灣山,Neiwanshan,24.7060282,121.1855602,401,,,,
12468293198,summit_board,內英山南峰,內英山南峰,Neiyingshannanfeng,23.0822516,120.6537485,800.18,,,,
12468294361,summit_board,內茅埔山,內茅埔山,Neimaopushan,23.6977833,120.8662754,1141.05,,,Q31613895,
12468293972,summit_board,內葉嶺,內葉嶺,Neiyeling,22.9499987,120.3845136,159.21,,,Q31391528,
12482235424,summit_board,內西勢坑山,,,25.0660996,121.7281115,457,,,,
12468293349,summit_board,內詩朗山,內詩朗山,Neishilangshan,24.8490984,121.3648175,450.00,,,,
12468292632,summit_board,內轆山,內轆山,Neilushan,23.9473468,120.7094216,,,,,
12468293346,summit_board,內金敏山,內金敏山,Neijinminshan,24.8628922,121.3997879,593.51,,,,
12468293535,summit_board,內雙坑山,內雙坑山,Neishuangkengshan,24.3683629,120.7874484,413.56,,,,
12468293109,summit_board,內雙溪山,內雙溪山,Neishuangxishan,25.1360661,121.6041567,654.89,,,Q31622316,
12468291837,summit_board,內鳥嘴山,內鳥嘴山,Neiniaozuishan,24.7307613,121.2985025,1748.71,,,,
12468295145,summit_board,八仙山,八仙山,Baxianshan,24.154261,121.0119346,2366,,,Q5348985,
12468294346,summit_board,八仙山西南峰,八仙山西南峰,Baxianshanxinanfeng,24.1392335,121.0060315,2190.00,,,,
12468291709,summit_board,八分山,八分山,Bafenshan,25.0507113,121.3075961,,,,,
12468293534,summit_board,八分山,八分山,Bafenshan,24.3687462,120.8434541,446.98,,,Q31618564,
12468293814,summit_board,八分山,八分山,Bafenshan,25.0931804,121.8026199,321.79,,,,
12468293332,summit_board,八十分山,八十分山,Bashifenshan,24.7259081,121.1731994,350.00,,,,
12468293977,summit_board,八卦力山,八卦力山,Bagualishan,24.5034743,120.9434429,1000.92,,zh:八卦力山,Q10892008,
12468294133,summit_board,八卦山,八卦山,Baguashan,24.0796799,120.5542143,97.05,,,,
12480568449,summit_board,八堵山,,,25.1039911,121.7322266,107,,,Q31392395,
12468293065,summit_board,八斗山,八斗山,Badoushan,25.1875773,121.6569049,360.00,,,Q31622873,
12468293610,summit_board,八服觀音山,八服觀音山,Bafuguanyinshan,24.6213043,120.9383551,140.88,,,,
12468294642,summit_board,八東山,八東山,Badongshan,24.1148503,121.0949221,1800.54,,,,
12468293503,summit_board,八杷山,八杷山,Bapashan,23.8737416,120.7827558,251.19,,,,
12468294257,summit_board,八溪山,八溪山,Baxishan,23.3857338,120.8572083,2000.00,,,,
12468294483,summit_board,八溪山,八溪山,Baxishan,23.3873621,120.8496468,1882.31,,,,
12468292558,summit_board,八股山,八股山,Bagushan,24.6232066,120.946886,,,,,
12468293681,summit_board,八股山,八股山,Bagushan,24.7262166,121.0250041,174.58,,,Q31392031,
12468291516,summit_board,八角坑,,,24.490262,120.8842685,394,,,,鑛務課463號
12468291406,summit_board,八角子寮山,,,24.663328,121.6958814,158,,,,
12468294852,summit_board,八角崠山,八角崠山,Bajiaodongshan,24.4874909,120.8730477,750.74,,,Q31599458,
12468293259,summit_board,八角林山,八角林山,Bajiaolinshan,24.4817277,120.8919089,310.00,,,,
12468294365,summit_board,八通關山,八通關山,Batongguanshan,23.4902117,121.0096345,3334.92,,,,
12468292218,summit_board,八通關山西峰,八通關山西峰,Batongguanshan,23.4896196,121.003708,3245,,,Q31621738,
12468293361,summit_board,八邊山,八邊山,Babianshan,23.079513,121.3447676,209.54,,,,
12468295021,summit_board,八里灣山,八里灣山,Baliwanshan,23.5447247,121.4889708,924,,,,小百岳認證 #091 八里灣山
12468292524,summit_board,八里芒,八里芒,Balimang,22.9247513,121.2297269,953,,,,
12468291792,summit_board,八頭山,八頭山,Batoushan,25.1340009,121.5146279,207,,,,
12468291614,summit_board,公司寮山,公司寮山,Gongsiliaoshan,24.601265,120.7644505,113.58,,,,
12468293077,summit_board,公墓山,公墓山,Gongmushan,25.0246449,121.5647141,61.00,,,,
12468294879,summit_board,公山,公山,Gongshan,23.4482703,121.1059882,2635.00,,,Q31615176,
12468293486,summit_board,公樹林山,公樹林山,Gongshulinshan,23.8000281,120.8416181,474.84,,,,
12468293542,summit_board,公籠頂,公籠頂,Gonglongding,24.2713446,120.8340546,459.49,,,,
12468292298,summit_board,六分山,六分山,Liufenshan,24.9572682,121.5861467,463,,,Q31597354,
12468292622,summit_board,六十石山,六十石山,Liushishishan,23.2191091,121.3175659,,,zh:六十石山,Q10893117,
12468293815,summit_board,六堵山,六堵山,Lioudu Mountain,25.0904608,121.7032264,88.41,,,Q31392391,
12468293423,summit_board,六寮埔山,六寮埔山,Liuliaopushan,23.2648878,120.4559936,130.81,,,,
12468292273,summit_board,六寮崙山,六寮崙山,Liuliaolunshan,24.9045351,121.4230922,461,,,,
12468293347,summit_board,六寮崙山西南峰,六寮崙山西南峰,Liuliaolunshanxinanfeng,24.9024979,121.4218577,499,,,,
12468293397,summit_board,六張犁,六張犁,Liuzhangli,22.9088591,120.4879179,91.33,,,,
12468293915,summit_board,六張犁山,六張犁山,Liuzhanglishan,25.0191605,121.5654049,159.05,,,,
12468294470,summit_board,六溪山,六溪山,Liuxishan,23.3571032,120.8293354,1717.67,,,,
12468291485,summit_board,六畜山,,,24.7469989,121.2441213,845,,,,
12468294151,summit_board,六禮東北峰,六禮東北峰,Liulidongbeifeng,22.430443,120.8307266,1020.00,,,,
12468294788,summit_board,六義山,,,23.0863873,120.570578,783,,,,
12468294937,summit_board,六階鼻山,六階鼻山,Liujiebishan,23.7590741,121.5180799,588.17,,,Q31391821,
12468295111,summit_board,六順山,六順山,Liushunshan,23.7245089,121.2395735,3009,,zh:六順山,Q10893508,
12828483106,summit_board,六順峰,,,23.2988096,120.5104815,651,,,,
12468293638,summit_board,共子滿庄,共子滿庄,Gongzimanzhuang,24.8201036,121.1911924,317.36,,,,
12468293163,summit_board,兵山,兵山,Bingshan,22.8277099,121.1525266,300.00,,,,
12468292696,summit_board,具瑪努山,具瑪努山,Jumanushan,22.4148372,120.7121244,,,,,
12468291864,summit_board,再生山,再生山,Zaishengshan,24.015361,121.2176869,2339.15,,,Q31595443,
12468291869,summit_board,冠山,冠山,Guanshan,23.8114974,121.0741183,2036.04,,,Q31612569,
12468292108,summit_board,冬瓜山,冬瓜山,Dongguashan,24.1226384,120.7396355,191,,,Q31391406,
12492242844,summit_board,冷水坑山,,,24.9080989,121.6450366,371,,,,
12492242845,summit_board,冷水坑山西北峰,,,24.912946,121.6428389,385,,,,
12468292210,summit_board,冷水大山,冷水大山,Lengshuidashan,25.1814921,121.5921936,748,,,,無基點
12468293685,summit_board,冷洽水山,冷洽水山,Lengqiashuishan,24.7401406,121.0162574,167.36,,,,
12468291727,summit_board,凌雲尖,凌雲尖,Lingyunjian,25.1295601,121.4259632,503,,,,
12468294311,summit_board,凍仔嶺,凍仔嶺,Dongzailing,23.4477365,120.6093548,653.00,,,,
12468291608,summit_board,凍子頂山,凍子頂山,Dongzidingshan,23.3421814,120.547009,1177,,,,
12468292841,summit_board,凱蘭特崑山,凱蘭特崑山,Kailantekunshan,24.3952905,121.234141,3731,,,Q31607545,
12468292768,summit_board,凱蘭特崑山北峰,凱蘭特崑山北峰,Kailantekunshan North Peak,24.39837,121.2349846,3705,,,Q31607533,
12468292076,summit_board,凱達格蘭山,凱達格蘭山,Kaidagelanshan,25.1684825,121.5530515,1048.82,,,,
12468292330,summit_board,凸龜山,凸龜山,Tuguishan,23.4861954,120.7425905,1746,,,,
12468294297,summit_board,出合山東峰,出合山東峰,Chuheshandongfeng,23.5762954,120.7195448,910.00,,,,
12819781062,summit_board,出水仔山,,,23.1636089,120.6220454,942,,,,
12468294949,summit_board,出水坡山,出水坡山,Chushuiposhan,22.376707,120.8251744,652.91,,,,
12468292566,summit_board,出礦坑山,出礦坑山,Chukuangkengshan,24.4584073,120.8561681,,,,,
12468292382,summit_board,出雲山,出雲山,Chuyunshan,24.2276518,120.8986591,1050,,,Q31604389,
12468294902,summit_board,出雲山,出雲山,Chuyunshan,22.975491,120.8291555,2772.34,,,Q31604403,
12468293149,summit_board,出風鼻山,出風鼻山,Chufengbishan,22.0345878,120.8966022,113.90,,,,
12468292647,summit_board,刀石崙,刀石崙,Daoshilun,25.0261952,121.7047649,,,,,
12468291867,summit_board,分分山,分分山,Fenfenshan,23.8244852,121.0112849,1623.89,,,Q31604061,
12468291868,summit_board,分分山南峰,分分山南峰,Fenfenshannanfeng,23.8204648,121.0127199,1470.00,,,,
12468292381,summit_board,分桂林山,分桂林山,Fenguilinshan,24.2187237,120.8976786,1092,,,Q31607106,
12468292155,summit_board,分水崙山,分水崙山,Fenshuilunshan,23.1787186,121.323293,,,,Q31603908,
2521114104,summit_board,分水嶺,分水嶺,Watershed,22.6502908,120.2617899,310;320,,,,
12468293334,summit_board,分水嶺,分水嶺,Fenshuiling,24.8436088,121.3373732,466,,,,
12468294250,summit_board,分水嶺,分水嶺,Fenshuiling,22.1014224,120.8408308,210.00,,,,
12468294310,summit_board,分水嶺,分水嶺,Fenshuiling,23.3632587,120.5746443,940.00,,,,
12468292258,summit_board,初見山,初見山,Chujianshan,23.838122,121.3397277,1816,,,Q31616675,
12468294936,summit_board,初音山,初音山,Chuyinshan,23.9707588,121.5313897,905.45,,,,小百岳認證 #088 初音山
12468291621,summit_board,刣牛坑(永興山),,,24.0043141,120.932802,494.41,,,,
12468291939,summit_board,刣牛山,刣牛山,Zhongniushan,24.0049492,120.9428215,527.07,,,,
12468292067,summit_board,刣牛湖山,刣牛湖山,Zhongniuhushan,23.0485013,120.5230675,798,,,,小百岳認證 #070 刣牛湖山
12819781069,summit_board,刣牛湖山北峰,,,23.0495299,120.5228969,792,,,,
12819781070,summit_board,刣牛湖山西南峰,,,23.0417068,120.5159774,759,,,,
12468293816,summit_board,刣狗寮山,刣狗寮山,Zhonggouliaoshan,25.1032447,121.6497304,270.97,,,,
12468291858,summit_board,別毛山,別毛山,Biemaoshan,24.0898264,120.9756276,1269.25,,,Q31621951,
12468294041,summit_board,利基利基山,利基利基山,Lijilijishan,22.8104864,121.1510774,238.66,,,,
12468294159,summit_board,利基利基山西峰,利基利基山西峰,Lijilijishanxifeng,22.8567287,121.1558836,400.00,,,,
12468293314,summit_board,制波山,制波山,Zhiboshan,24.0918364,120.8115093,650.00,,,,
12468293385,summit_board,前埔山,前埔山,Qianpushan,22.7142939,120.3858763,99.66,,,,
12468291985,summit_board,前麒麟山,前麒麟山,Qianqilinshan,23.0895123,121.3491305,216.49,,,,
12468294153,summit_board,剎剎加倫山,剎剎加倫山,Shashajialunshan,22.4989968,120.8982715,993.00,,,,
12468295327,summit_board,剪刀石山,剪刀石山,Jiandaoshishan,25.0931641,121.57164,258,,,Q31392369,
13403924768,summit_board,劍南尖山,,,24.3281035,121.2091275,,,,,
12468293144,summit_board,劍南山,劍南山,Jiannanshan,25.0989304,121.554341,130.00,,,,
12468292800,summit_board,劍山,劍山,Jianshan,22.8679137,121.1654117,,,,Q31605944,
12468295317,summit_board,劍山,劍山,Jian Mountain,24.2954925,121.1703154,3253,,,Q31605903,
12804267020,summit_board,劍文山,,,23.25125,120.5104866,745,,,,
12468295241,summit_board,劍潭山,劍潭山,Jiantan Shan,25.0842679,121.5293053,153,,,,小百岳認證 #009 劍潭山
12468293014,summit_board,劍頭山,劍頭山,Jiantoushan,25.0138694,121.5779934,252.00,,,,
12468291888,summit_board,力里山,力里山,Lilishan,22.4226007,120.6828471,1170.06,,,,
12468292876,summit_board,加九嶺,加九嶺,Jiajiuling,24.8618402,121.4819043,988,,,,
12468295305,summit_board,加利山,加利山,Jialishan,24.4595175,121.2162189,3112,,zh:加利山,Q10900728,
12468291883,summit_board,加卑里山,加卑里山,Jiabeilishan,24.1837841,121.3658622,2903.07,,,Q31606123,
12468291986,summit_board,加只來山,加只來山,Jiazhilaishan,23.0636543,121.3346631,190.62,,,,
12468294841,summit_board,加只來山,加只來山,Jiazhilaishan,23.0728982,121.3192451,1015.76,,,Q31618837,
12468294583,summit_board,加大奈山,加大奈山,Jiadanaishan,22.6990778,120.9455576,1665.77,,,,
12468292220,summit_board,加大奈山最高峰,加大奈山最高峰,Jiadanaishanzuigaofeng,22.703815,120.9475585,,,,,
12468294892,summit_board,加奈典山,加奈典山,Jianaidianshan,23.0208359,121.0871636,1887.92,,,Q31606253,
12468295068,summit_board,加奈美山,加奈美山,Jianaimeishan,22.4321396,120.9100295,780,,,,小百岳認證 #095 加奈美山
12468294499,summit_board,加奈鹿山,加奈鹿山,Jianailushan,23.0377757,121.1036252,1822.53,,,Q31613418,
12468292127,summit_board,加年端山,加年端山,Jianianduanshan,23.7657221,121.0888553,2357,,,Q31612604,
12468293813,summit_board,加投山,加投山,Jiatou Shan,25.2073598,121.6444878,78.20,,,Q31392420,
12468293609,summit_board,加東山,加東山,Jiadongshan,24.6236954,120.8563565,99.52,,,Q31392082,
12468294200,summit_board,加禮宛山,加禮宛山,Jialiwanshan,24.0432422,121.5605858,1470.38,,,Q31606343,
12468294735,summit_board,加羅山,加羅山,Mt Jia Luo,24.4808263,121.4788506,2320.36,,,Q31606305,
12468293940,summit_board,加羅羅山,加羅羅山,Jialuoluoshan,23.4680682,121.3740805,249.66,,,,
12468294031,summit_board,加萊坑山,加萊坑山,Jialaikengshan,23.5881238,121.4046647,297.20,,,Q31391789,
12468292618,summit_board,加路蘭山,加路蘭山,Jialulanshan,23.6825746,121.5254298,746,,,Q31391779,
12468291835,summit_board,加那排山,加那排山,Jianapaishan,24.7276776,121.2082006,750.00,,,,
12468291841,summit_board,加里山,加里山,Jialishan,24.5108039,121.0124254,2220,,,,小百岳認證 #034 加里山
12468294398,summit_board,加里山東南峰,加里山東南峰,Jialishandongnanfeng,24.4988281,121.0262711,1970.00,,,,
12468292617,summit_board,加里洞山,加里洞山,Jialidongshan,23.6784578,121.491617,264,,,,
12468294835,summit_board,助矢山,助矢山,Zhushishan,22.3194598,120.8351763,601.38,,,Q31604515,
12468294787,summit_board,勃子山,勃子山,Bozishan,23.3691672,120.6894225,1361.40,,,Q31619964,
12468294796,summit_board,勇士山(挖除),勇士山,,24.2888179,121.7351024,1228.06,,,Q31593143,
12468293012,summit_board,動物園山,動物園山,Dongwuyuanshan,24.9971572,121.5855126,116.00,,,,
12468292219,summit_board,勝光山,勝光山,Shengguangshan,24.3751304,121.3501245,2285,,,,
12468295067,summit_board,勝林山,勝林山,Shenglinshan,22.4304489,120.8939085,903,,,Q31597885,
12468291946,summit_board,包尾山,包尾山,Baoweishan,23.9122459,120.7121113,300.88,,,Q31599158,
12468291674,summit_board,包樹崠山,包樹崠山,Baoshudongshan,24.3915047,120.8833964,593,,,,
12468293556,summit_board,匏崙山(莿子崙庄),莿子崙庄,,24.7930549,121.7143676,355.94,,,,
12468294625,summit_board,北三錐山,北三錐山,Beisanzhuishan,24.2742522,121.0676138,2688.84,,,,
12468291751,summit_board,北五峰旗山,北五峰旗山,Beiwufengqishan,24.8463377,121.7402484,686,,,,
12468293082,summit_board,北五指山,北五指山,Mt. Beiwuzhi,25.1534318,121.5885985,789.00,,,Q31622380,
12468294138,summit_board,北五指山,北五指山,Beiwuzhishan,24.6795742,121.086397,662.91,,,,
12468293828,summit_board,北八斗山,北八斗山,Beibadoushan,25.1956867,121.6722681,243,,,Q31392378,
12468294803,summit_board,北加禮宛山,北加禮宛山,Beijialiwanshan,24.0626963,121.5706187,1266.61,,,Q31599007,
12468291901,summit_board,北加路蘭山,北加路蘭山,Beijialulanshan,23.7429702,121.5622391,290.13,,,Q31391507,
12468294344,summit_board,北勢坑山,北勢坑山,Beishikengshan,23.8510624,120.7999967,450.00,,,,
12468294675,summit_board,北南山,北南山,Beinanshan,24.3188113,121.6155546,1510.34,,,Q31598861,
12468294203,summit_board,北可可爾博山,北可可爾博山,Beikekeerboshan,23.3161747,121.1552967,2830.00,,,,
12468292391,summit_board,北四埔,北四埔,Beisipu,23.822268,120.731895,191,,,,
12468293224,summit_board,北坑,北坑,Beikeng,24.6467289,120.9339295,200.19,,,Q31392111,
12468293606,summit_board,北坑,北坑,Beikeng,24.5873079,120.8645473,115.37,,,,
12468294616,summit_board,北坑山,北坑山,Beikengshan,24.4655013,121.0407102,2162.84,,,Q31598955,
12468295179,summit_board,北大武山,北大武山,Beidawushan,22.6270765,120.7613767,3092,,,Q10902726,
12468292861,summit_board,北大茅埔山,北大茅埔山,Beidamaopushan,24.1939812,120.8463241,630,,,,
12468293258,summit_board,北寮山,北寮山,Beiliaoshan,24.5813843,120.9538802,369.00,,,,
12468292654,summit_board,北屏風山,北屏風山,Beipingfengshan,24.5347575,121.7294808,944,,,Q31617109,
12468294352,summit_board,北山坑山,北山坑山,Beishankengshan,24.0088799,120.8687183,787.94,,,,
12468293680,summit_board,北岡同頂山,北岡同頂山,Beigangtongdingshan,24.7286421,121.0407024,190.67,,,,
12468293983,summit_board,北嶺山,北嶺山,Beilingshan,23.1039091,120.4183638,290,,,,
12468292405,summit_board,北德文山,北德文山,Beidewenshan,22.7843402,120.6962016,1015,,,,
12468293754,summit_board,北投子,北投子,Beitouzi,25.1861206,121.4547109,112.32,,,Q31392470,
12468295318,summit_board,北插天山,北插天山,Beichatianshan,24.7920231,121.4526429,1727,,,Q31596733,
12468293396,summit_board,北旗尾山,北旗尾山,Beiqiweishan,22.8849568,120.492028,112.85,,,,
12468291875,summit_board,北月眉山,北月眉山,Beiyuemeishan,23.8579938,121.571255,479.30,,,,
12468293946,summit_board,北月眉山,北月眉山,Beiyuemeishan,23.8737942,121.5785732,417.76,,,,
12468294646,summit_board,北東眼山,北東眼山,Beidongyanshan,24.0739195,121.1287062,2077.84,,,Q31598759,
12468291684,summit_board,北柴山三角點,,Beisanjiaodian,22.6584444,120.2592003,252,,,,
12468292828,summit_board,北柴山控制點,,,22.6580057,120.2591045,252,,,,
12468294405,summit_board,北橫龍山,北橫龍山,Beihenglongshan,24.5014662,120.9792115,1655.00,,,,
12468291469,summit_board,北治茆山,,,23.7720277,120.9807713,1371,,,,
12468294030,summit_board,北港山,北港山,Beigangshan,25.1045298,121.6359786,271.24,,,Q31392373,
12468294823,summit_board,北湖呂山,北湖呂山,Beihulvshan,22.3644266,120.7001913,1357.18,,,,
12468293033,summit_board,北溪,北溪,Beixi,23.9597576,121.2392707,1919,,,,
12468294368,summit_board,北潭南山,北潭南山,Beitannanshan,23.838381,120.9337038,1087.00,,,,
12468294056,summit_board,北烏漏山,北烏漏山,Beiwuloushan,23.5445616,121.3939249,263.22,,,,
12468293690,summit_board,北獅頭山,北獅頭山,Beishitoushan,24.7870944,121.0756447,155.45,,,,
12468291576,summit_board,北畢祿山,北畢祿山,Beibilushan,24.2236678,121.3426673,3182,,,Q31610597,
12468294185,summit_board,北秀巒山,北秀巒山,Beixiuluanshan,23.2346642,121.239783,1060.00,,,,
12468295319,summit_board,北稜角,北稜角,BeiLingJiao Mountain,24.3880057,121.2313607,3880,,,Q31607558,
12468294142,summit_board,北絲南山,北絲南山,Beisinanshan,22.8480071,121.1152841,440.00,,,Q31598784,
12468293964,summit_board,北絲闌山,北絲闌山,Beisilanshan,22.8646667,121.1093274,397.26,,,,
12468292714,summit_board,北花東山,北花東山,Beihuadongshan,23.3392223,121.4060538,1255,,,Q31598979,
12468294770,summit_board,北萬大山,北萬大山,Beiwandashan,23.9697467,121.159729,1975.87,,,Q31594369,
12468291979,summit_board,北觀音山,北觀音山,Beiguanyinshan,24.0474095,120.8943835,690.00,,,Q31598940,
12468293839,summit_board,北豹子廚山,北豹子廚山,Beibaozichushan,24.9836456,121.7910104,627.04,,,Q31611376,
12468294045,summit_board,北都威山,北都威山,Beidouweishan,23.2069707,121.3896163,144.86,,,,
12468294244,summit_board,北里龍山,北里龍山,Beililongshan,22.1882537,120.7343286,813.45,,,Q31598927,
12468295119,summit_board,北雨社山,北雨社山,Beiyusheshan,23.8053465,120.891683,960,,,,
12468294484,summit_board,北霞山,北霞山,Beixiashan,23.4495829,120.8177554,2471.59,,,Q31621550,
2686891795,summit_board,北青春嶺,北青春嶺,Qingchunling North,22.6557697,120.2600128,258.81,,,,
12468293083,summit_board,北頂山,北頂山,Mt. Beiding,25.1510988,121.5915652,787.20,,,,
12468291780,summit_board,匹匹達山,匹匹達山,Pipidashan,24.3288136,121.114093,,,,,
12468293269,summit_board,十一分山北峰,十一分山北峰,Shiyifenshanbeifeng,24.4770244,120.9069084,657.00,,,,
12468293635,summit_board,十一分庄山,十一分庄山,Shiyifenzhuangshan,24.8454609,121.2382062,244.20,,,,
12468295289,summit_board,十七寮山,十七寮山,Shiqiliaoshan,24.928703,121.478874,450,,,,
12468292992,summit_board,十三份山,十三份山,Shisanfenshan,24.8579596,121.3254058,615,,,Q31619380,
12468293879,summit_board,十三份山,十三份山,Shisanfenshan,25.0383125,121.6545104,438,,,Q31622962,
12468292004,summit_board,十三股山,十三股山,Shisangushan,24.9424738,121.6482757,559.19,,,,
12468293412,summit_board,十九樣山,十九樣山,Shijiuyangshan,23.4185621,120.4705561,136.96,,,,
12468294321,summit_board,十二份山,十二份山,Shierfenshan,23.9588834,120.8579626,730.00,,,,
12468293522,summit_board,十二分埔山,十二分埔山,Shierfenpushan,24.0414488,120.5728128,170.99,,,,
12468293675,summit_board,十二寮山,十二寮山,Shierliaoshan,24.713689,121.044424,201.66,,,Q31392035,
12468295139,summit_board,十八尖山,十八尖山,Shibajianshan,24.7925335,120.9846018,132,,,,小百岳認證 #026 十八尖山
12468293925,summit_board,十八尖山東峰,十八尖山東峰,Shibajianshandongfeng,24.7930311,120.9881747,100.00,,,,
12468295274,summit_board,十八羅漢岩,十八羅漢岩,Shibaluohanyan,24.9383017,121.4253431,301,,,,
12468294359,summit_board,十八重溪口山,十八重溪口山,Shibazhongxikoushan,23.6537246,120.8858348,794.00,,,,
12468293324,summit_board,十六份山 (西坑山) 總督府圖根補點,十六分山,,24.7630968,121.1576512,360,,,,
12468293130,summit_board,十六分山,十六分山,Shiliufenshan,24.9603622,121.5971679,514.57,,,,
12468293796,summit_board,十六分山,十六分山,Shiliufenshan,24.8933532,121.3387871,192.45,,,,
12468293247,summit_board,十六張山,十六張山,Shiliuzhangshan,24.7747271,121.1903422,288.00,,,,
12468292291,summit_board,十四股山,十四股山,Shisigushan,24.7993162,121.1181283,,,,,
12468291429,summit_board,十字路山,,,24.5476021,121.4875108,1104,,,,
12468294738,summit_board,十字路山,十字路山,Shizilushan,24.5457483,121.4891363,1104.9,,,Q31595489,
12468292891,summit_board,十寮山,十寮山,Shiliaoshan,24.8000869,121.2233389,538,,,,
12468295037,summit_board,千兩山,千兩山,Qianliangshan,24.379924,120.9421533,1305,,,,
12468295038,summit_board,千兩山,千兩山,Qianliangshan,24.368458,120.9490286,1127,,,,
12468292039,summit_board,千古寒山,千古寒山,Qianguhanshan,23.8751099,121.3811863,1986.67,,,,
12468291871,summit_board,千里眼山,千里眼山,Qianliyanshan,24.2058744,121.6475531,1623.74,,,Q31615604,
12468291992,summit_board,千金湖山,千金湖山,Qianjinhushan,22.4983608,120.6264228,212.66,,,,
12468292314,summit_board,半天寮,半天寮,Bantianliao,24.4512399,120.9301763,827,,,,
12468294104,summit_board,半天寮山,半天寮山,Bantianliaoshan,23.3736025,120.4830128,209.74,,,Q31391881,
12468293220,summit_board,半天寮山北峰,半天寮山北峰,Bantianliaoshanbeifeng,24.4598346,120.9265415,730.00,,,,
12468291955,summit_board,半天岩山,半天岩山,Bantianyanshan,23.4590488,120.6038453,640.34,,,Q31599194,
12468292999,summit_board,半天窟山,半天窟山,Bantiankushan,23.744561,120.8302018,1268,,,,
12468291747,summit_board,半屏山,半屏山,Banpingshan,25.1016266,121.8683844,705,,,Q31599232,
12468295354,summit_board,半屏山,半屏山,Banpingshan Mt.,22.6991989,120.3113729,181,,zh:半屏山,Q3847220,
12468293836,summit_board,半嶺,半嶺,Banling,25.2362485,121.6039057,322.21,,,Q31622212,
12468295236,summit_board,卑南主山,卑南主山,Beinanzhushan,23.0511607,120.8741804,3295,,,Q31598901,
12468291573,summit_board,卑南主山南峰,卑南主山南峰,Beinanzhushannanfeng,23.0350731,120.8798116,,,,Q31614377,
12468291604,summit_board,卑南主山東峰,卑南主山東峰,Beinanzhushandongfeng,23.0497582,120.8899332,3055,,,Q31614317,
12468291572,summit_board,卑南主山西峰,卑南主山西峰,Beinanzhushanxifeng,23.0485211,120.8659462,3035,,,,
12468292066,summit_board,卓武山,卓武山,Zhuowushan,23.3072639,120.7094593,1602.14,,,Q31619990,
12468293199,summit_board,卓武山西北峰,卓武山西北峰,Zhuowushanxibeifeng,23.3207343,120.6953516,1038.82,,,,
12468292417,summit_board,卓沐山,卓沐山,Zhuomushan,24.3354834,120.8649591,514,,,,
12468294935,summit_board,卓溪山,卓溪山,Zhuoxishan,23.3277784,121.2685104,1129.69,,,Q31605051,
12468295025,summit_board,卓社,卓社,Zhuoshe,23.834913,121.0521033,1559,,,Q31605039,
12468292044,summit_board,卓社大山,卓社大山,Zhuoshedashan,23.8345614,121.1158321,3368.81,,zh:卓社大山,Q10906098,
12468295032,summit_board,卓社山,卓社山,Zhuosheshan,23.8482488,121.0911869,2652,,,Q31612591,
12468292734,summit_board,南久保山,南久保山,Nanjiubaoshan,22.4710274,120.7011947,1160,,,,
12468292253,summit_board,南二子山,南二子山,Nanerzishan,23.8632441,121.3260586,2518,,,Q31616663,
12468293650,summit_board,南何山;圖根點 藤(27),南何山,,24.7506186,121.1497911,376.24,,,,
12468291708,summit_board,南何山南峰,南何山南峰,Nanheshannanfeng,24.7489865,121.149435,365,,,,
12468294144,summit_board,南加津林山,南加津林山,Nanjiajinlinshan,22.4122094,120.922709,180.00,,,,
12468292610,summit_board,南勢坑大尖,南勢坑大尖,Nanshikengdajian,24.9793587,121.7058477,722,,,,
12468291737,summit_board,南勢坑山,南勢坑山,Nanshikeng mountain,24.9699128,121.70414,753,,,,
12468293229,summit_board,南勢埔,南勢埔,Nanshipu,25.0671212,121.3674813,256.84,,,,
12468293726,summit_board,南勢埔,南勢埔,Nanshipu,25.0672006,121.3626843,256.84,,,,
12468294605,summit_board,南勢山,南勢山,Nanshishan,24.407825,120.9237034,1039.24,,,Q31599790,
12468294377,summit_board,南勢山東南峰,南勢山東南峰,Nanshishandongnanfeng,24.4014069,120.9281244,750.00,,,,
12468294829,summit_board,南勢湖山,南勢湖山,Nanshihushan,22.0814998,120.7626041,325.93,,,Q31599804,
12468291966,summit_board,南勢角山,南勢角山,Nanshijiaoshan,24.9692772,121.4957503,302,,,,小百岳認證 #016 南勢角山
12468293313,summit_board,南北坑山,南北坑山,Nanbeikengshan,24.0338063,120.7654076,433.00,,,,
12468292292,summit_board,南和山,南和山,Nanheshan,24.7967127,121.1190235,288,,,,
12468295176,summit_board,南哈哈山,南哈哈山,Nanhahashan,24.1558301,121.2808486,3285,,,,
12468293600,summit_board,南坑山,南坑山,Nankengshan,24.5449471,120.7756858,140.35,,,,
12468294609,summit_board,南坑山,南坑山,Nankengshan,24.3646745,120.9978709,1870.95,,,Q31599880,
12468294384,summit_board,南坑山西北峰,南坑山西北峰,Nankengshanxibeifeng,24.3700465,120.986429,1380,,,,
12468294391,summit_board,南坑山西峰,南坑山西峰,Nankengshanxifeng,24.3648002,120.9836497,1458.00,,,,
12468292851,summit_board,南坪山,南坪山,Nanpingshan,23.72633,120.74507,615,,,,
12468293386,summit_board,南埔,南埔,Nanpu,22.6697332,120.3864876,100.79,,,,
12468294909,summit_board,南大武山,南大武山,Nandawushan,22.5724668,120.7485329,2840.68,,,Q31599752,
12468292061,summit_board,南大水窟山,南大水窟山,Nandashuikushan,23.4508316,121.0519539,3381.00,,,Q31614929,
12468293214,summit_board,南大龜坑山,南大龜坑山,Nandaguikengshan,23.914707,120.7673903,280.00,,,,
12468294435,summit_board,南大龜山,南大龜山,Nandaguishan,24.5539459,121.0238781,1330.00,,,,
12468295244,summit_board,南天母山,南天母山,Nantianmushan,24.9518387,121.4542107,341,,,,
12468293151,summit_board,南太平頂山,南太平頂山,Nantaipingdingshan,22.0048574,120.7002316,186.00,,,,
12468294188,summit_board,南奇密山,南奇密山,Nanqimishan,23.5151347,121.4500452,360.00,,,,
12468293772,summit_board,南子吝山,南子吝山,Nanzilinshan,25.1209823,121.8815975,196.29,,,Q31392211,
12468292773,summit_board,南子吝山東峰,南子吝山東峰,Nanzilinshandongfeng,25.1213875,121.8822497,,,,,
12468295113,summit_board,南尚書林山,南尚書林山,Nanshangshulinshan,22.6077911,120.3770195,71,,,,
12468295105,summit_board,南山,南山,Nanshan,24.0134688,121.0797415,1207,,,Q31599830,
12468295104,summit_board,南山南峰,南山南峰,Nanshannanfeng,24.010714,121.0799501,1180,,,,
12468293727,summit_board,南崁大坑山,南崁大坑山,Nankandakengshan,25.0416022,121.3312316,245.75,,,,
12468293457,summit_board,南嶺山,南嶺山,Nanlingshan,22.9938946,120.3619464,116.40,,,,
12468293166,summit_board,南巴卡路山,南巴卡路山,Nanbakalushan,22.2860129,120.6518149,323.00,,,,
12468293952,summit_board,南庄山,南庄山,Nanzhuangshan,23.0387205,120.4683236,144.46,,,Q31392540,
12468292301,summit_board,南拳頭母山,南拳頭母山,Nanquantoumushan,24.6884408,121.5599715,977,,,Q31617156,
12468293035,summit_board,南拳頭母山基點峰,南拳頭母山基點峰,Nanquantoumushanjidianfeng,24.6767667,121.5777833,677,,,,
12468294711,summit_board,南插天山,南插天山,Nanchatianshan,24.7606273,121.4122341,1907.11,,,,
12468295031,summit_board,南東眼山,南東眼山,Nandongyanshan,24.0470231,121.0937887,1876,,,Q31599739,
12468294355,summit_board,南東眼山南峰,南東眼山南峰,Nandongyanshannanfeng,24.0327058,121.0960132,1540.00,,,,
12468291442,summit_board,南松子腳山,,,23.5335205,120.4795605,141.237,,,,
12468294386,summit_board,南橫龍山,南橫龍山,Nanhenglongshan,24.473628,120.9605138,1030.00,,,,
12468291518,summit_board,南比林山,,,24.5286918,121.0781112,1982,,,,
12468294323,summit_board,南水頭山,南水頭山,Nanshuitoushan,23.9011393,121.0041744,1210.00,,,,
12468292011,summit_board,南港山,南港山,Nangang Peak,25.025573,121.586211,373.93,,,,小百岳認證 #013 南港山
12468293294,summit_board,南港山,南港山,Nangangshan,23.9419118,120.8787333,758.92,,,,
12468295166,summit_board,南港山南峰,南港山南峰,Nangangshannanfeng,25.0230771,121.5850178,370,,,,
13434204005,summit_board,南湖中峰,,,24.3643356,121.4449546,,,,,
13434204004,summit_board,南湖中島山,,,24.3657455,121.4447492,,,,,
12468291923,summit_board,南湖北山,南湖北山,Nanhubeishan,24.3836773,121.4371875,3536.00,,zh:南湖北山,Q21652247,
12468294957,summit_board,南湖呂山,南湖呂山,Nanhulvshan,22.3355074,120.7125908,1325.00,,,,
12468295235,summit_board,南湖大山,南湖大山,Nanhudashan,24.361812,121.4393764,3742,,,Q3870130,
2486357945,summit_board,南湖大山中南峰,南湖大山中南峰,Nanhudashanzhongnanfeng,24.3602755,121.4474301,3585,,,Q31608441,
12468293052,summit_board,南湖大山北峰,南湖大山北峰,Nanhudashanbeifeng,24.3740037,121.4417032,3592,,zh:南湖大山北峰,Q10908538,
12468295224,summit_board,南湖大山南峰,南湖大山南峰,Nanhudashan South Peak,24.347706,121.4347568,3505,,,Q31608542,
12468293051,summit_board,南湖大山東北峰,南湖大山東北峰,Nanhudashandongbeifeng,24.3759833,121.4468,3557,,,Q31608427,
12468293050,summit_board,南湖大山東南峰,南湖大山東南峰,Nanhudashandongnanfeng,24.3558333,121.4649333,3462,,,Q31608455,
12468293049,summit_board,南湖大山東峰,南湖大山東峰,Nanhudashan East Peak,24.3655967,121.4508509,3632,,,Q10908542,
12468292726,summit_board,南澳嶺,南澳嶺,Nanaoling,24.4761905,121.8315289,702,,,Q31600010,南澳嶺，又稱「大南澳嶺」，海拔702公尺，無基石，是古道最高處
12468294460,summit_board,南澳嶺北峰,南澳嶺北峰,Nanaolingbeifeng,24.479287,121.8325053,702.00,,,,
12468291744,summit_board,南澳嶺西南峰,南澳嶺西南峰,Nanaolingxinanfeng,24.4671888,121.8231668,305,,,,有顆 台灣省政府圖根補點
12492242843,summit_board,南火炎山,,,24.9082229,121.6657994,510,,,,
12468291599,summit_board,南牛山,南牛山,Nanniushan,23.4800177,120.6656332,1210,,,,
12468294302,summit_board,南牛山,南牛山,Nanniushan,23.4799933,120.6656621,1210.00,,,,
12468294877,summit_board,南玉山,南玉山,Nanyushan,23.4292648,120.9249002,3382.80,,zh:南玉山,Q10908701,
12468294146,summit_board,南田山,南田山,Nantianshan,22.2830606,120.8862208,165.00,,,,
12468294276,summit_board,南真我山,南真我山,Nanzhenwoshan,22.899515,120.6591131,810.00,,,,
12468294651,summit_board,南神山,南神山,Nanshenshan,24.1624604,121.4657847,2015.74,,,Q31603796,
12468293262,summit_board,南窩山,南窩山,Nanwoshan,24.5706385,120.9258249,462.00,,,,
12468292787,summit_board,南美山,,,23.1372663,121.3781145,244,,,,
12468293317,summit_board,南興山,南興山,Nanxingshan,24.6157534,121.7731714,290.00,,,,
12468294490,summit_board,南舞樂山,南舞樂山,Nanwuleshan,23.1932316,121.1245255,1900.09,,,,
12468293366,summit_board,南草古安山,南草古安山,Nancaoguanshan,23.4734662,121.2918063,1361.70,,,Q49752932,
12468292014,summit_board,南草山,南草山,Nancaoshan,25.0756812,121.8773903,562,,,Q31617523,
12468295223,summit_board,南華山,南華山,Nanhuashan,24.039383,121.2859219,3184,,zh:南華山,Q10908921,
12468292956,summit_board,南萬壽山,南萬壽山,Nanwanshoushan,25.1053494,121.7975194,135,,,,
12468295030,summit_board,南萬大山,南萬大山,Nanwandashan,23.9320735,121.1094779,1527,,,Q31599726,
12468295186,summit_board,南觀音山,南觀音山,Nanguanyinshan,24.1730717,120.7409455,318,,,,小百岳認證 #042 南觀音山
12468294318,summit_board,南觸口山,南觸口山,Nanchukoushan,23.7354393,120.6438555,328.00,,,,
12468293849,summit_board,南豹子廚山,南豹子廚山,Nanbaozichushan,24.9670108,121.7921713,593.05,,,Q31611643,
12468293129,summit_board,南邦寮山,南邦寮山,Nanbangliaoshan,24.9654608,121.6119526,600.61,,,,
12468292955,summit_board,南雅山,南雅山,Nanyashan,25.1136287,121.8993578,271,,,Q31617598,
12468291536,summit_board,南雅山西峰,南雅山西峰,Nanyashanxifeng,25.1138276,121.8975009,,,,Q31392226,
12468292064,summit_board,南雙頭山,南雙頭山,Nanshuangtoushan,23.3458858,121.0105795,3356,,,Q31599778,
12468294477,summit_board,南霞山,南霞山,Nanxiashan,23.3797189,120.8128346,1795.57,,,,
12468294294,summit_board,南青倉山,南青倉山,Nanqingcangshan,23.2061176,120.61582,571.80,,,,
12468294878,summit_board,南面山,南面山,Nanmianshan,23.3394418,120.8738497,2827.57,,,Q31599869,
12468294313,summit_board,南頂坪林山,南頂坪林山,Nandingpinglinshan,23.2404652,120.623806,627.00,,,,
12468294259,summit_board,南飭山,南飭山,Nanchishan,23.2562624,120.7648272,2220.00,,,Q31621668,
12468291846,summit_board,南馬洋山,南馬洋山,Nanmayangshan,24.494542,121.2790337,2932.91,,,Q31608580,
12468294291,summit_board,南龜丹山,南龜丹山,Nanguidanshan,23.1241557,120.5075034,222.67,,,,
12468293091,summit_board,博嘉山,博嘉山,Bojiashan,25.0004633,121.5749056,110.00,,,,
12468295245,summit_board,卜吉山,卜吉山,Bojishan,23.8503696,120.9483413,1222,,,Q31598405,
12468293939,summit_board,占山,占山,Zhanshan,23.6644324,119.5698304,18.23,,,,
12468294716,summit_board,卡保山,卡保山,Kabao Mnt,24.8178399,121.4837989,1583.34,,,Q31602156,
12468294443,summit_board,卡外山,卡外山,Kawaishan,24.8193144,121.4046172,930.00,,,,
12468294596,summit_board,卡山,卡山,Kashan,22.5074576,120.7167807,1554.89,,,Q31624796,
12468292512,summit_board,卡拉寶山,卡拉寶山,Kalabaoshan,24.1773519,121.3994298,2397,,,,小百岳認證 #086 卡拉寶山
12468294446,summit_board,卡拉山,卡拉山,Kalashan,24.7068932,121.4076193,1540.00,,,,
12698446859,summit_board,卡拉潘社,,,22.3507388,120.8142143,,,,,
12468292663,summit_board,卡拉莫基山,卡拉莫基山,Kalamojishan,24.78832,121.5068197,788,,,,
12468291876,summit_board,卡社大山,卡社大山,Kashedashan,23.7817552,121.2207775,2946.76,,,Q31612820,
12468294767,summit_board,卡社山,卡社山,Kasheshan,23.7927591,121.0298264,1481.22,,,Q31602278,
12468292415,summit_board,卡羅樓山,卡羅樓山,Kaluoloushan,24.0796346,121.3173593,,,,Q31611073,
12468291767,summit_board,卡賀爾山,卡賀爾山,Kaheershan,24.0067354,121.2702495,3105,,,Q31610880,
12468295189,summit_board,卯木山,卯木山,Maomushan,24.1870833,121.3167167,2819,,,Q31600559,
12468293692,summit_board,印斗山,印斗山,Yindoushan,24.7849208,120.971729,115.42,,,,
12468292388,summit_board,印第安頭山,印第安頭山,Yindiantoushan,25.1347944,121.8218864,,,,,
12468294170,summit_board,即哈那拉山,即哈那拉山,Jihanalashan,22.9353583,121.250253,829.00,,,Q31605774,
12468294207,summit_board,原灣山,原灣山,Yuanwanshan,23.3245177,121.3450046,357.30,,,Q31593306,
12468291874,summit_board,原荖腦山,原荖腦山,Yuanlaonaoshan,23.8465797,121.4484273,1082.01,,,Q31593424,
12468292781,summit_board,去部山,去部山,Qubushan,23.155389,121.1308313,1328,,,Q31613238,
12468293920,summit_board,友應山,友應山,Youyingshan,24.5469809,120.861898,159.95,,,Q31392142,
12468292015,summit_board,友蚋山,友蚋山,Youruishan,25.1417623,121.629305,623.98,,,Q31623142,
12468293821,summit_board,友蚋山,友蚋山,Youruishan,25.0911466,121.6761455,195.88,,,Q31392416,
13319330924,summit_board,友蚋山,友蚋山,Youruishan,25.1417184,121.6292524,623.98,,,Q31623142,
12468292110,summit_board,友蚋山南峰,友蚋山南峰,Youruishannanfeng,25.1291636,121.6256001,,,,,
12468292470,summit_board,反水山,反水山,Fanshuishan,24.3924401,120.9048396,1007,,,,
12468293580,summit_board,叢雲山,叢雲山,Congyunshan,24.9236475,121.8519199,711.32,,,Q31611595,
12468295296,summit_board,口埤山,口埤山,Koupishan,23.0227815,120.3504653,85,,,,
12141824032,summit_board,口寮,,,23.8440746,120.6320011,410.401,,,,
12468294198,summit_board,古呂社山,古呂社山,Gulvsheshan,24.1329539,121.625067,464.07,,,,
12468293179,summit_board,古華山,古華山,Guhuashan,22.3598169,120.6551591,584,,,,
12468291758,summit_board,古魯南峰,古魯南峰,Gulunanfeng,24.5779428,121.6598735,,,,,
12468291757,summit_board,古魯山,古魯山,Gulushan,24.5874702,121.66185,968,,,Q31617251,
12468294595,summit_board,句奈山,句奈山,Junaishan,22.4787391,120.7470431,1554.31,,,,
12468291987,summit_board,叭翁翁山,叭翁翁山,Bawengwengshan,23.0498834,121.331083,158.00,,,,
12468292351,summit_board,可樂可樂安山,可樂可樂安山,Kelekeleanshan,23.6232184,121.1174151,,,,,
12468291562,summit_board,可汗山主峰,可汗山主峰,Kehanshanzhufeng,24.3193913,121.0932724,,,,,
12468291561,summit_board,可汗山東峰,可汗山東峰,Kehanshandongfeng,24.3236115,121.0974653,,,,,
12468294265,summit_board,可那部西南峰,可那部西南峰,Kenabuxinanfeng,23.226176,120.750835,2130.00,,,,
12468295114,summit_board,台中公園,台中公園,Taizhonggongyuan,24.1450335,120.6833812,90,,,,
12468291839,summit_board,台亞夫山,台亞夫山,Taiyafushan,24.6557407,121.345462,1301.72,,,,
12468295268,summit_board,台山,台山,Taishan,22.031254,121.536877,235.83,,,Q31391444,
12468294798,summit_board,右岸山,右岸山,Youanshan,24.233157,121.6935496,1148.69,,,Q49754693,
12468294382,summit_board,司令山,司令山,Silingshan,24.3458019,120.9070326,1183.00,,,Q31597407,
12468293864,summit_board,司公碗帽山,司公碗帽山,Sigowanmaoshan,25.0254049,121.770876,443,,,Q31617398,
12468294607,summit_board,司馬限山,司馬限山,Simaxianshan,24.3996247,120.9561433,1454.52,,,Q31597381,
12468293165,summit_board,合仔山,合仔山,Hezaishan,23.6491777,121.4597156,190.00,,,,
12468292476,summit_board,合歡北峰,合歡北峰,Hehuan North Peak,24.1814999,121.281599,3422,,zh:北合歡山,Q10902583,
12468292418,summit_board,合歡南峰,合歡南峰,Hehuan South Peak,24.1242148,121.2689649,3212,,,,
12468292477,summit_board,合歡坡,合歡坡,Hehuanpo,24.1631691,121.287423,3001,,,,
12468292920,summit_board,合歡尖山,合歡尖山,Mount Hehuan,24.1444076,121.2836043,3217,,en:Hehuanshan,Q714379,
12468292472,summit_board,合歡山,合歡山,Hehuanshan,24.1426301,121.2712174,3417.40,,,,合歡山主峰 Mt. Hehuan 3417M
12468292674,summit_board,合歡山東峰,合歡山東峰,Hehuanshan East Peak,24.1356668,121.2811107,3421,,,Q31603629,
12468295213,summit_board,合歡西峰,合歡西峰,Hehuan West Peak,24.1776143,121.2445337,3145,,zh:西合歡山,Q17063478,
12468291401,summit_board,合流山,,,24.8043793,121.3682808,300,,,,
12468294917,summit_board,合流山,合流山,Heliushan,24.3599449,121.0621315,2533.01,,,Q31603615,
12468293032,summit_board,合流點(三等),,,23.9505333,121.1933333,1657,,,,
12468293031,summit_board,合流點山,合流點山,Heliudianshan,23.96215,121.1918167,1971,,,,
12468292320,summit_board,合脗頭山,合脗頭山,He Wentou Shan,24.7997929,121.3910071,836,,,,
12468294563,summit_board,吉田山,吉田山,Jitianshan,22.9631018,120.7323974,1315.77,,,Q31620946,
12468295077,summit_board,吊神山,吊神山,Diaoshen Mountain,24.2905333,120.8208167,594,,,Q31607215,
12468294108,summit_board,后山,后山,Houshan,23.0000415,120.6193337,528.74,,,Q31610236,
12468291686,summit_board,后里觀音山,后里觀音山,Houliguanyinshan,24.3063158,120.7568841,484,,,,
12468294599,summit_board,吐蛇流山,吐蛇流山,Tusheliushan,22.5775573,120.7183366,1584.16,,,,
12468292333,summit_board,吐蛇流山西北峰,吐蛇流山西北峰,Tusheliushanxibeifeng,22.5900497,120.7046815,,,,,
12468291965,summit_board,向天山,向天山,Mt. Xiangtian,25.1728827,121.5026833,945.79,,,Q31624079,
13319330923,summit_board,向天山,向天山,Mt. Xiangtian,25.1728964,121.5026951,945.79,,,Q31624079,
12468292930,summit_board,向天池山,向天池山,Mt. Xiangtianchi,25.1739995,121.4988691,881,,,,
12468293254,summit_board,向天湖北山,向天湖北山,Xiangtianhubeishan,24.5900198,121.0350902,660.00,,,,
12468291701,summit_board,向天湖山,向天湖山,Xiangtianhushan,24.8836758,121.5241086,678,,,Q31597368,
12468292757,summit_board,向天湖山,向天湖山,Xiangtianhushan,24.5670612,121.0270281,1245,,,,小百岳認證 #032 向天湖山
12468294698,summit_board,向天湖山,向天湖山,Xiangtianhushan,24.6681165,121.1661895,1146.64,,,Q31603451,
12468294418,summit_board,向天湖山南峰,向天湖山南峰,Xiangtianhushannanfeng,24.6528461,121.158165,870,,,,
12731463992,summit_board,向天湖山西北,,,24.5848175,121.0103578,685,,,,
12731463990,summit_board,向天湖山西北峰西,,,24.5831288,121.004541,560,,,,
12468294337,summit_board,向山,向山,Xiangshan,23.8455802,120.9029981,840.00,,,,
12468294751,summit_board,向山,向山,Xiangshan,23.7998275,121.3481143,2144.28,,,Q31616562,
12468295222,summit_board,向陽山,向陽山,Xiangyangshan,23.2843613,120.9924466,3602,,zh:向陽山,Q7506819,
12468292103,summit_board,向陽山北峰,向陽山北峰,Xiangyangshanbeifeng,23.2912957,121.0084789,,,,Q31621796,
12468291646,summit_board,吧哩國山,,,24.8201725,121.0490587,158,,,,
12468294628,summit_board,吹上山,吹上山,Chuishangshan,24.2508003,121.1930991,2044.04,,,Q31604884,
12468294834,summit_board,呀里叭山,呀里叭山,Yalibashan,22.5009116,120.9266654,896.23,,,Q31613762,
12468292025,summit_board,呂奔山,呂奔山,Lvbenshan,24.8632142,121.6056269,924.55,,,Q34926471,
12468294452,summit_board,呂奔山北峰,呂奔山北峰,Lvbenshanbeifeng,24.8742347,121.6067973,719.00,,,,
12468294836,summit_board,呂家山,呂家山,Lvjiashan,22.7891674,121.055063,665.92,,,,
12468294498,summit_board,呂禮山,呂禮山,Lvlishan,23.0310116,120.9280115,2761.84,,,Q49752789,
12468294163,summit_board,呂禮山中峰,呂禮山中峰,Lvlishanzhongfeng,23.0357816,120.9292319,2850.00,,,Q49752791,
12468294506,summit_board,周溪山,周溪山,Zhouxishan,23.0948414,120.9551499,2210.98,,,Q31604985,
12468294593,summit_board,呵阿呂安山,呵阿呂安山,Healvanshan,22.6234,120.9072286,1149.27,,,,
12468294538,summit_board,和原山,和原山,Heyuanshan,22.9646269,120.9246276,2055.34,,,Q31603518,
12468294178,summit_board,和原山北峰,和原山北峰,Heyuanshanbeifeng,22.9920194,120.9282337,2345.00,,,Q31612197,
12750076191,summit_board,和尚尖,,,25.019713,121.7731933,465,,,,
12468292275,summit_board,和尚頭山,和尚頭山,Heshangtoushan,25.0467526,121.6768245,500,,,,
12468293490,summit_board,和尚頭山,和尚頭山,Heshangtoushan,23.7385877,120.7629943,584.00,,,,
12468291659,summit_board,和留山,和留山,Heliushan,23.4308809,121.3008361,,,,Q49752522,
12468295291,summit_board,和美山,和美山,Hemeishan,24.950336,121.533397,152,,,,
12468293267,summit_board,和興山,和興山,Hexingshan,24.5186338,120.897464,692.00,,,,
12804267016,summit_board,咖啡山,,,23.2636854,120.5152164,704,,,,
12468292071,summit_board,咬狗山,咬狗山,Yaogoushan,23.7226585,120.6098239,221.71,,,,
12468293639,summit_board,咸菜硼街,咸菜硼街,Xiancaipengjie,24.7980706,121.2063941,336.31,,,,
12468295308,summit_board,品田山,品田山,Pintian Shan,24.4282864,121.2667684,3524,,zh:品田山,Q3905324,
12468295042,summit_board,品田山前峰,品田山前峰,Pintianshanqianfeng,24.4276294,121.2692115,3442,,,Q31608272,
12468295177,summit_board,哈哈山,哈哈山,Hahashan,24.1567143,121.2807277,3287,,,,
12468294700,summit_board,哈堪尼山,哈堪尼山,Hakannishan,24.5127381,121.0352229,1989.65,,,Q31603726,
12468294123,summit_board,員屯山,員屯山,Yuantunshan,24.4683106,120.7952299,339.34,,,Q31607118,
12468291952,summit_board,員山,員山,Yuanshan,23.6901263,120.6894547,593.63,,,Q31609319,
12468292465,summit_board,員山,員山,Yuanshan,24.8833249,121.0013651,93.00,,,,
12468293657,summit_board,員崠子山,員崠子山,Yuandongzishan,24.7196276,121.0889166,238.59,,,,
12468293088,summit_board,員潭子坑山,員潭子坑山,Yuantanzikengshan,24.9643256,121.5657253,250.00,,,,
12468293360,summit_board,員貝山,員貝山,Yuanbeishan,23.648095,119.6340453,34.01,,,,
12468291460,summit_board,哨船頭山,,,22.6224034,120.2675734,,,,,
12468291459,summit_board,哨船頭山(最高處),,,22.6257031,120.2683802,,,,,
12468294886,summit_board,唉唉山,唉唉山,Aiaishan,23.1272757,121.0980991,1360.96,,,Q31613352,
12468294622,summit_board,唐呂山,唐呂山,Tanglvshan,24.2911894,121.116965,2697.09,,,Q49754216,
12468294154,summit_board,唐太蘭南山,唐太蘭南山,Tangtailannanshan,22.595259,120.875336,990.00,,,,
12468294905,summit_board,唐太蘭山,唐太蘭山,Tangtailanshan,22.6226242,120.8842037,1452.83,,,Q31613661,
12468294696,summit_board,唐穗山,唐穗山,Tangsuishan,24.6023716,121.4161875,2089.64,,,Q31608049,
12468295148,summit_board,唐麻丹山,唐麻丹山,Tangmadanshan,24.1592415,120.9694033,1305,,,Q31596359,
12468295159,summit_board,唭哩岸山,唭哩岸山,Mt. Qilian,25.1262019,121.5156125,163.65,,,Q31392338,
12468295041,summit_board,喀拉業山,喀拉業山,Kalayeshan,24.4500222,121.3212902,3133,,zh:喀拉業山,Q10923376,
12468292939,summit_board,喀西帕南山,喀西帕南山,Kaxipananshan,23.4632113,121.1926092,3276,,,Q31602210,
12468291587,summit_board,喀西帕南山北峰,喀西帕南山北峰,Kaxipananshanbeifeng,23.4684979,121.194975,,,,Q31615226,
12468292140,summit_board,喀西帕南山北高坪,喀西帕南山北高坪,Kaxipananshanbeigaoping,23.4736103,121.1817473,3250,,,,
12468291588,summit_board,喀西帕南山南峰,喀西帕南山南峰,Kaxipananshannanfeng,23.4529932,121.1905807,,,,Q31615130,
12468292139,summit_board,喀西帕南山西峰,喀西帕南山西峰,Kaxipananshanxifeng,23.4677736,121.1836496,3166,,,Q31615117,
12468291729,summit_board,善財岩,善財岩,Shancaiyan,25.1285162,121.427228,421,,,,
12468294549,summit_board,嘉代山,嘉代山,Jiadaishan,22.9272664,120.9869966,2362.65,,,Q31612235,
12468292434,summit_board,嘉南雲峰,嘉南雲峰,Jiananyunfeng,23.610975,120.7306145,1795,,,Q31609649,
12804267022,summit_board,嘉林湖山,,,23.2673338,120.5088043,779,,,,
12468294413,summit_board,嘉樂山,嘉樂山,Jialeshan,24.728209,121.2345998,530.00,,,,
12468294180,summit_board,嘉武山,嘉武山,Jiawushan,23.0240106,121.1814779,332.00,,,,
12468294812,summit_board,嘉羅蘭山,嘉羅蘭山,Jialuolanshan,23.6271516,121.3724959,923.39,,,Q31606330,
12468293993,summit_board,嘎嘮別山,嘎嘮別山,Galaobieshan,25.1442788,121.477658,233,,,Q31392478,
12468291921,summit_board,嘎色鬧山,嘎色鬧山,Gasenaoshan,24.7690496,121.3310144,1050.00,,,,
12468295141,summit_board,四于台山,四于台山,Siyutaishan,23.9290126,121.0598105,1232,,,,
12468291677,summit_board,四分子山,四分子山,Sifenzishan,25.0092826,121.8348457,,,,,
12468293094,summit_board,四分子山,四分子山,Sifenzishan,25.0298246,121.6168508,132.00,,,,
12468294974,summit_board,四分尾山,四分尾山,Si Fen Wei Mountain,25.0411819,121.6806658,641.16,,,Q31622512,
13319330922,summit_board,四分尾山,四分尾山,Si Fen Wei Mountain,25.0411677,121.680665,641.16,,,Q31622512,
12468293585,summit_board,四分山,四分山,Sifenshan,24.3676139,120.74764,339.98,,,,
12468292885,summit_board,四分里山,四分里山,Sifenlishan,25.0348689,121.5971714,247.00,,,,
12468292505,summit_board,四十張山,四十張山,Sishizhangshan,24.9966703,121.478808,33.2,,,,
12468294734,summit_board,四圍仙山,四圍仙山,Siweixianshan,24.5642041,121.4292042,1645.74,,,Q31608108,
12468293687,summit_board,四坪寮山,四坪寮山,Sipingliaoshan,24.7032121,121.0746733,228.19,,,,
12468292002,summit_board,四堵山,四堵山,Sidushan,24.8864808,121.7605809,852.71,,,Q31597340,
12468291542,summit_board,四堵山東峰,四堵山東峰,Sidushandongfeng,24.8876316,121.7705125,,,,Q31611608,
12468292758,summit_board,四天王山,四天王山,Sitianwangshan,23.508149,120.6538544,1458,,,,
12468292981,summit_board,四季蕙,四季蕙,Sijihui,24.48711,121.44079,1389,,,,
12468293630,summit_board,四寮坪山,四寮坪山,Siliaopingshan,24.4169188,120.8725089,350.00,,,,
12468292501,summit_board,四寮山,四寮山,Siliaoshan,24.8937051,121.540001,462,,,Q31615716,
12468293354,summit_board,四崁水山,四崁水山,Sikanshuishan,24.8901896,121.563828,565.00,,,,
12468293665,summit_board,四崙頂山,四崙頂山,Silundingshan,24.6794379,121.0766459,464.10,,,Q31614815,
12468294885,summit_board,四方山,四方山,Sifangshan,23.0761898,121.0104894,2558.34,,,Q31613277,
12468294826,summit_board,四林格山,四林格山,Silingeshan,22.0831568,120.8034763,592.31,,,Q31597394,
12468294467,summit_board,四溪山,四溪山,Sixishan,23.3219775,120.7794054,2116.51,,,Q31621499,
12468294529,summit_board,四社山,四社山,Sisheshan,23.1286871,120.6863916,1275.67,,,Q31610377,
12468294231,summit_board,四重溪,四重溪,Sizhongxi,22.0964222,120.7465813,124.00,,,,
12468293760,summit_board,四面頭山,四面頭山,Simiantoushan,24.9591712,121.5949255,519.66,,,Q31615667,
12468293164,summit_board,國福山,國福山,Guofushan,24.0134797,121.5722871,220.00,,,,
12468292087,summit_board,圍貓尖山,圍貓尖山,Weimaojianshan,25.1050146,121.6519982,,,,,
12804267007,summit_board,圓墩仔山,,,23.3055217,120.5235478,1213,,,,
12828483108,summit_board,圓墩子尖山,,,23.297085,120.5204674,806,,,,
12468294129,summit_board,圓子山,圓子山,Yuanzishan,24.4589204,120.7258878,160.40,,,Q31391923,
12468293913,summit_board,圓山,圓山,Yuanshan,25.0733382,121.5213949,35.64,,zh:圓山,Q9692638,
12468294752,summit_board,圓山,圓山,Yuanshan,23.9203233,121.4153696,2269.99,,,Q31616790,
12468294789,summit_board,圓山,圓山,Yuanshan,23.148541,120.6054131,851,,,Q31610073,
12468293118,summit_board,圓山仔山,圓山仔山,Yuanshanzaishan,25.1164157,121.5802316,302.00,,,,
12468292474,summit_board,圓潭巃山,圓潭巃山,Yuantanlongshan,23.5071866,120.667535,1450,,,,
12468293098,summit_board,圓覺尖,圓覺尖,Yuanjuejian,25.0985752,121.5904776,292.00,,,Q31392440,
12468291819,summit_board,圖根點 水(11);松樹山,,,24.0734849,120.9636257,820,,,,
12794239832,summit_board,土地公坑,,,24.0504274,120.5599371,110,,,,
12468293389,summit_board,土地公崙山,土地公崙山,Tudigonglunshan,23.0251417,120.6355875,593.52,,,,
12468291963,summit_board,土地公嶺,土地公嶺,Tudigongling,25.2395848,121.5717144,525.53,,,,
12468293488,summit_board,土地公鞍,土地公鞍,Tudigongan,23.7681099,120.7659451,481.24,,,Q31617843,
12468293519,summit_board,土地公鞍嶺,土地公鞍嶺,Tudigonganling,23.8141893,120.8719076,713.01,,,Q31594667,
12468292830,summit_board,土地公鼻山,土地公鼻山,Mt. Tudigongbi,25.1307415,121.459596,51,,,,
12468295165,summit_board,土庫岳,土庫岳,Tukuyue,25.0231384,121.635512,388.21,,,,小百岳認證 #014 土庫岳
12468291787,summit_board,土庫岳東峰,土庫岳東峰,Tukuyuedongfeng,25.0241256,121.6376811,368,,,,
12468294150,summit_board,土板山,土板山,Tubanshan,22.4494467,120.9023138,410.00,,,,
12468292942,summit_board,土沙多山,土沙多山,Tushaduoshan,23.350041,121.1619385,2232,,,Q31615078,
10594411911,summit_board,地克崙,,,22.5117218,120.8816301,433,,,,
12468293912,summit_board,圳後山,圳後山,Zhenhoushan,24.9896394,121.5436205,76,,,,
12468293617,summit_board,圳頭肚山,圳頭肚山,Zhentoudushan,24.4860602,120.7091316,89.16,,,,
12805988396,summit_board,坑仔內山,,,23.1919216,120.45792,402,,,,
12468293402,summit_board,坑口山,坑口山,Kengkoushan,22.7768687,120.3977896,129.80,,,Q31392023,
12468295195,summit_board,坑子內山,坑子內山,Kengzineishan,24.06035,120.56535,154,,,,
12468293631,summit_board,坑尾山,坑尾山,Kengweishan,24.3602464,120.868392,490.00,,,Q31618620,
12697907798,summit_board,坑尾山,,,24.7766521,121.135721,225,,,,
12468294096,summit_board,坑山,坑山,Kengshan,23.5127355,120.5244506,163.04,,,Q31391891,
12468293835,summit_board,坑頭山,坑頭山,Kengtoushan,25.2503043,121.5748603,419.87,,,Q31615388,
12468294507,summit_board,坑頭山,坑頭山,Kengtoushan,23.1218197,120.9794675,2532.08,,,Q31602250,
12468291663,summit_board,坔埔山,坔埔山,Dipushan,22.6681118,120.3867179,,,,,
12468293013,summit_board,坡內坑山,坡內坑山,Poneikengshan,25.0016546,121.5793305,51.00,,,,
12468294756,summit_board,坡羅沙金山,坡羅沙金山,Poluoshajinshan,23.7876776,121.1625847,2373.68,,,Q31598467,
12468293398,summit_board,坦水衍山,坦水衍山,Tanshuiyanshan,22.9326566,120.5805553,171.35,,,Q31391438,
12468294119,summit_board,坪埔厝山,坪埔厝山,Pingpucuoshan,22.3357207,120.6498318,532.33,,,,
12468293550,summit_board,坪林山,坪林山,Pinglinshan,24.1512998,120.7415905,226.15,,,,
12468293565,summit_board,坪溪山,坪溪山,Pingxishan,24.9179261,121.8268107,668.33,,,Q31611717,
12468295253,summit_board,坪頂山,坪頂山,Pingdingshan,23.2793238,120.4919237,438,,,Q31595667,
12804267019,summit_board,坪頂山,,,23.2544967,120.5135848,790,,,,
12468294353,summit_board,埋石山,埋石山,Maishishan,23.9802431,121.079297,1500.00,,,Q31600699,
12468293373,summit_board,埔姜山,埔姜山,Pujiangshan,22.443234,120.6181504,110.24,,,,
12468293613,summit_board,埔山,埔山,Pushan,24.443173,120.7272109,138.72,,,,
12468291935,summit_board,埔沙山,埔沙山,Pushashan,23.5364341,120.8911509,2282,,,Q31594919,
12468291445,summit_board,埔頂,,,21.9258608,120.8489138,119.189,,,,
12468293922,summit_board,埔頂山,埔頂山,Pudingshan,23.3838012,120.5137409,245.35,,,Q31392297,
12468295004,summit_board,埤亦山,埤亦山,Piyishan,22.0720532,120.8813171,362.88,,,Q31598660,
12468294053,summit_board,埤子頭山,埤子頭山,Pizitoushan,22.6851989,120.624193,150.12,,,,
12468293041,summit_board,埤腹山,埤腹山,Pifushan,24.98609,121.54911,52,,,,
12468294708,summit_board,埤谷山,埤谷山,Pigushan,24.6909488,121.4200856,1520.15,,,,
12468295073,summit_board,埤頭山,埤頭山,Pitoushan,24.1385,120.75287,486,,,,
12468293484,summit_board,培亭山,培亭山,Peitingshan,23.9488392,120.9458312,588.85,,,Q31618114,
12468294540,summit_board,基利山,基利山,Jilishan,22.9276648,120.8642564,1850.02,,,Q31605553,
12468294920,summit_board,基那吉山,基那吉山,Jinajishan,24.550448,121.2747762,2575,,,Q31605480,
12468291999,summit_board,基隆山,基隆山,keelung mountain,25.118737,121.8490967,587,,,,小百岳認證 #006 基隆山
12468294631,summit_board,基隆山,基隆山,Jilongshan,24.1717158,121.0635169,2938.45,,,Q31605526,
12468292988,summit_board,基隆山東峰,基隆山東峰,Jilongshandongfeng,25.1201663,121.8553021,467,,,,
12468292953,summit_board,報時山,報時山,Baoshishan,25.1136474,121.8596201,295,,,,
12468294820,summit_board,堵開埔山,堵開埔山,Dukaipushan,23.1129939,121.2672549,989.82,,,Q31595090,
12468294953,summit_board,塔山,塔山,Tashan,23.5291885,120.7812958,2480,,,Q31596123,
12468295003,summit_board,塔山,塔山,Tashan,24.1418894,121.5510917,2448.91,,,Q31596109,
12468291919,summit_board,塔曼山,塔曼山,Tamanshan,24.7060433,121.4505258,2130,,,Q31596523,
12468292138,summit_board,塔比拉東山,塔比拉東山,Tabila East Peak,23.5145325,121.1347559,3380,,,,
12468294630,summit_board,塔班山,塔班山,Tabanshan,24.2243815,121.1669688,2745.40,,,Q31594889,
12468294271,summit_board,塔羅留山,塔羅留山,Taluoliushan,23.1615737,120.7349408,1360.00,,,,
12468291554,summit_board,塔芬山南峰,塔芬山南峰,Tafenshannanfeng,23.4001601,121.0181056,,,,,
12468295221,summit_board,塔關山,塔關山,Taguanshan,23.2519162,120.9412369,3222,,,Q31621356,
12960355198,summit_board,塔雅府山,,,24.4395968,121.3348827,2607,,,,
12468293771,summit_board,塗崎頭山,塗崎頭山,Tuqitoushan,24.9523438,121.5702774,230.84,,,,
12468295288,summit_board,塗潭山,塗潭山,Tutanshan,24.939119,121.511979,507.96,,,Q31616420,
12468291440,summit_board,塗潭崙,,,24.9289309,121.6466309,376,,,,
12468292462,summit_board,塘湖山,塘湖山,Tanghushan,23.5280027,120.6221866,889,,,Q31609461,
12468294685,summit_board,塚呂馬布山,塚呂馬布山,Zhonglvmabushan,24.4333203,121.4378933,2224.81,,,,
12468291596,summit_board,塞口坑山,塞口坑山,Saikoukengshan,24.8569061,121.3890129,755,,,,
12468291444,summit_board,塭子,,,22.4040119,120.5349538,7,,,,
12468294587,summit_board,境界山,境界山,Jingjieshan,22.7177823,120.8551045,1959.38,,,,
12468294726,summit_board,境界山,境界山,Jingjieshan,24.5015749,121.2206348,2910.02,,,Q31614704,
12468293523,summit_board,壢底寮山,壢底寮山,Lidiliaoshan,24.3940573,120.8632628,368.64,,,,
12468294378,summit_board,士林山,士林山,Shilinshan,24.3485802,120.9361456,760.00,,,,
12468292124,summit_board,壽山,壽山,Shoushan,24.895199,121.3260856,186,,,,
12468294941,summit_board,壽山,壽山,Shoushan,23.8697973,121.4916323,501.25,,,Q31597565,
12468292211,summit_board,壽山 (小百岳認證點),,,22.6422145,120.2663738,295,,,,小百岳認證 #077 壽山
12468293905,summit_board,外南勢角山,外南勢角山,Wainanshijiaoshan,24.9843927,121.4981175,171.70,,,,
12468293995,summit_board,外員山,外員山,Waiyuanshan,24.7402649,121.7260423,11.53,,,,
12468293611,summit_board,外大坪,外大坪,Waidaping,24.6215294,120.9184591,96.01,,,Q31392113,
12468293564,summit_board,外大溪山,外大溪山,Waidaxishan,24.9435112,121.8711479,461.36,,,,
12468295278,summit_board,外挖子山,外挖子山,Waiwazishan,24.9817809,121.5145392,113,,,,
13319330921,summit_board,外挖子山,外挖子山,Waiwazishan,24.9817729,121.5145397,113,,,,
12475239693,summit_board,外文秀坑山,,,25.0474222,121.9114137,178,,,,
12468292614,summit_board,外木山國旗嶺,外木山國旗嶺,Waimushanguoqiling,25.1616605,121.7188444,175,,,,
12468293789,summit_board,外柑腳山,外柑腳山,Waiganjiao Shan,25.0171519,121.8164899,227,,,,
12468293306,summit_board,外湖山,外湖山,Waihushan,23.6092259,120.6682494,1009.62,,,Q31609397,
12468291486,summit_board,外獅頭山,,,22.2806561,120.6716348,521.499,,,,
12468293176,summit_board,外獅頭山北峰,外獅頭山北峰,Waishitoushanbeifeng,22.2839236,120.6727688,507.00,,,,
12468292680,summit_board,外石崁山,外石崁山,Waishikanshan,25.0029175,121.6562399,,,,,無基石
12468293743,summit_board,外社山,外社山,Waisheshan,25.0909948,121.3027619,134.45,,,,
12468293350,summit_board,外紅龜面山,外紅龜面山,Waihongguimianshan,24.8715941,121.4277105,490.00,,,,
12468294199,summit_board,外茄苳腳山,外茄苳腳山,Waijiadongjiaoshan,24.0072157,121.5725742,70.00,,,,
12480568451,summit_board,外西勢坑山,,,25.0834255,121.728935,228,,,,
12468293044,summit_board,外鳥嘴山,外鳥嘴山,Wainiaozui Shan,24.7654532,121.2928419,1350,,,Q31619648,
12468291885,summit_board,外麻里巴山,外麻里巴山,Waimalibashan,22.2881312,120.7474138,755.37,,,,
12468294681,summit_board,多加屯山,多加屯山,Duojiatunshan,24.3677371,121.3811524,2794.94,,,Q31595638,
12468294458,summit_board,多加屯山前峰,多加屯山前峰,Duojiatunshanqianfeng,24.3693924,121.3754082,2711,,,,
12468294693,summit_board,多加神山,多加神山,Duojiashenshan,24.4198132,121.4059884,2030.86,,,,
12468294478,summit_board,多尾蘭山,多尾蘭山,Duoweilanshan,23.3198368,120.9363245,2398.85,,,Q31621657,
12468292599,summit_board,多崖山,多崖山,Duoyashan,24.7929675,121.4557686,1714,,,,
12468292895,summit_board,多望來山,多望來山,Duowanglaishan,24.8276294,121.5484574,,,,,
12468291430,summit_board,多望山北峰,,,24.5598527,121.4842673,931,,,,
12468294882,summit_board,多美麗山,多美麗山,Duomeilishan,23.3628271,121.1218958,2313.00,,,,
12468291432,summit_board,多聞山,,,24.5736434,121.48583,755,,,,
12468294680,summit_board,多門山,多門山,Duomenshan,24.4824123,121.5195102,2273.22,,,Q31624150,
12468294469,summit_board,多陽山,多陽山,Duoyangshan,23.3835841,120.7365137,1855.47,,,Q31620093,
12468295171,summit_board,夢幻湖山,夢幻湖山,Mt. Menghuanhu,25.1650199,121.559888,883,,,,
12468292619,summit_board,大不岸山,大不岸山,Dabuanshan,23.6550916,121.5140965,754,,,Q32180163,
12468291535,summit_board,大丘田山,大丘田山,Daqiutianshan,24.9173391,121.4924399,730,,,,
12468292657,summit_board,大人凍山,大人凍山,Darendongshan,23.6885436,120.7059473,,,,,
12468292894,summit_board,大保克山,大保克山,Dabaokeshan,24.827977,121.5552095,1152,,,Q31616312,
12468292893,summit_board,大保克山西峰,大保克山西峰,Dabaokeshanxifeng,24.8282733,121.536646,,,,,
12468294972,summit_board,大元山,大元山,Dayuanshan,24.5597404,121.6460601,1489.75,,,Q31595838,
12468291854,summit_board,大克山,大克山,Dakeshan,24.3217867,120.9071151,1236.46,,,Q31596643,
12468294380,summit_board,大克山東北峰,大克山東北峰,Dakeshandongbeifeng,24.3322423,120.9112504,830.00,,,,
12468295058,summit_board,大公山,大公山,Dagongshan,23.0768363,120.4387726,140,,,Q31392554,
12468292154,summit_board,大凍山,大凍山,Dadongshan,23.3113291,120.5226512,1241,,,,小百岳認證 #063 大棟山
12468292400,summit_board,大凍山,大凍山,Dadongshan,23.4979001,120.7199167,1976,,,,小百岳認證 #060 大凍山
12468292907,summit_board,大刀山,大刀山,Dadaoshan,24.8509549,121.5581984,608,,,Q31616299,
12468293937,summit_board,大分山,大分山,Dafenshan,23.396444,121.0469559,2780.20,,,Q31614941,
12468294995,summit_board,大分林山,大分林山,Dafenlinshan,24.6804418,121.0500128,334.71,,,Q31614580,
12468293134,summit_board,大前坑山,大前坑山,Daqiankengshan,24.9965631,121.5905081,149.00,,,,
12468295316,summit_board,大劍山,大劍山,Dajian Mountain,24.3409492,121.2004634,3594,,,Q5209875,
12468292326,summit_board,大南山,大南山,DaNan Mountain,24.3618914,121.1684024,3227,,,Q31607635,
12468294588,summit_board,大南山,大南山,Dananshan,22.7636972,120.9968224,1078.21,,,,
13520418401,summit_board,大南澳山,大南澳山,Danan'aoshan,24.5772872,121.6943824,970,,,,
12468294795,summit_board,大南澳嶺,大南澳嶺,Dananaoling,24.4420603,121.7283971,1170.10,,,Q31624468,
12468292613,summit_board,大占山,大占山,Dazhanshan,24.077288,120.748598,368,,,,
12468293282,summit_board,大厝坑山,大厝坑山,Dacuokengshan,24.920206,121.4391659,150.00,,,,
12468294560,summit_board,大原山,大原山,Dayuanshan,22.9830124,120.6711922,1114.08,,,Q31620864,
12468294833,summit_board,大原山,大原山,Dayuanshan,22.9849537,121.133831,371.19,,,,
12468294010,summit_board,大古山,大古山,Dagushan,25.1025202,121.2915086,151.11,,,Q31391440,
12468294211,summit_board,大古嶺,大古嶺,Daguling,23.3606593,121.3531332,389.30,,,,
12468293742,summit_board,大古庄,大古庄,Daguzhuang,24.9538624,121.1644745,149.00,,,,
12468293152,summit_board,大同山,大同山,Datongshan,24.9962412,121.4067013,230.00,,,,
12468292227,summit_board,大和山,大和山,Daheshan,24.4240175,121.5908015,,,,Q31624320,
12468291538,summit_board,大單面山,大單面山,Dadanmianshan,25.2000211,121.6874542,,,,,
12468294026,summit_board,大圓山,大圓山,Dayuanshan,21.9386348,120.8155221,158.92,,,Q31391426,
12468293820,summit_board,大坑埔山,大坑埔山,Dakengpushan,25.104682,121.7613676,81.78,,,,
12468292645,summit_board,大坑埔山東峰,大坑埔山東峰,Dakengpushandongfeng,25.1061926,121.7645849,,,,,
12828483110,summit_board,大坑尾山,,,23.0094975,120.3908148,168,,,,
12468293136,summit_board,大坑山,大坑山,Dakengshan,25.0152123,121.6027583,274.00,,,,
12468293624,summit_board,大坑山,大坑山,Dakengshan,24.5019996,120.8431268,254.29,,,,
12468293802,summit_board,大坑山,大坑山,Dakengshan,24.9613663,121.4267438,48.46,,,,
12468294090,summit_board,大坑山,大坑山,Dakengshan,23.499331,120.6108501,1025.79,,,Q31596687,
12788153912,summit_board,大坑山,,,25.0238626,121.7929702,462,,,,
12468294047,summit_board,大坡山,大坡山,Daposhan,23.1271339,121.2370629,389.53,,,,
12468293529,summit_board,大坪凸,大坪凸,Dapingtu,24.4077238,120.8011186,377.01,,,,
12468291644,summit_board,大坪山,大坪山,Dapingshan,24.5271031,121.0068333,1660,,,,
12468292463,summit_board,大坪山,大坪山,Dapingshan,23.5384366,120.6266,968,,,Q31609586,
12468292557,summit_board,大坪山,大坪山,Dapingshan,24.573203,120.9437885,,,,,
12468292587,summit_board,大坪山,大坪山,Dapingshan,23.8306152,120.8248641,,,,,
12468293425,summit_board,大坪山,大坪山,Dapingshan,23.2847191,120.4536695,182.09,,,Q31391885,
12468294075,summit_board,大坪山,大坪山,Dapingshan,22.9902478,120.5367813,211.50,,,Q31392311,
12468294078,summit_board,大坪山,大坪山,Dapingshan,22.9814362,120.3559965,93.79,,,Q31391404,
12468293733,summit_board,大坪窩山,大坪窩山,Dapingwoshan,24.8529623,121.0921601,201.72,,,,
12468292840,summit_board,大坪頂,大坪頂,Dapingding,22.6822716,120.4305053,,,,,
12468293628,summit_board,大坪頂山,大坪頂山,Dapingdingshan,24.3017829,120.8712727,610.00,,,,
12468293979,summit_board,大城北,大城北,Daichengbei,23.5608515,119.6139174,55.83,,,,
12468291976,summit_board,大埔山,大埔山,Dabushan,22.9805555,121.1781508,305,,,,
12468293949,summit_board,大埔山,大埔山,Dabushan,23.0144863,120.5481177,339.63,,,Q31610211,
12468294099,summit_board,大埔山,大埔山,Dabushan,23.5046337,120.5683818,319.02,,,Q31609253,
12468293730,summit_board,大埔庄,大埔庄,Dabuzhuang,25.0250945,121.3732021,237.07,,,,
12468293560,summit_board,大埤山,大埤山,Dapishan,24.6201748,121.7909263,51.29,,,,
12468293783,summit_board,大埤山,大埤山,Dapishan,24.9965678,121.8456778,514.92,,,,
12468294089,summit_board,大埤山,大埤山,Dapishan,23.4200854,120.4437178,63.64,,,Q31391865,
12468293620,summit_board,大埤頭山,大埤頭山,Dapitoushan,24.5194447,120.7260977,82.32,,,,
12468292082,summit_board,大堀澳山,大堀澳山,Dajueaoshan,24.9902352,121.9663716,311,,,,山字柱
12468292422,summit_board,大塔山,大塔山,Datashan,23.5357418,120.8085077,2663,,,,小百岳認證 #059 大塔山
12468294802,summit_board,大奇山,大奇山,Daqishan,23.5164575,121.4849216,816.51,,,Q31391450,
12468293962,summit_board,大孟浪山,大孟浪山,Damenglangshan,22.9996631,120.8051797,2460.41,,,,
12468292182,summit_board,大安埤山,大安埤山,Daanpishan,24.7238772,121.6694313,410,,,Q31597232,
12468294614,summit_board,大安山,大安山,Daanshan,24.4122719,121.1822848,2710.28,,,Q31597208,
12468294929,summit_board,大安山,大安山,Daanshan,23.8186062,121.313257,2828.32,,,Q31616687,
12468293371,summit_board,大寮山,大寮山,Daliaoshan,22.3328897,120.3686248,78.20,,,Q31392239,
12468293433,summit_board,大寮山,大寮山,Daliaoshan,23.2920429,120.4314364,221.85,,,Q31391870,
12468294062,summit_board,大寮山,大寮山,Daliaoshan,23.0158909,120.6209744,590.15,,,Q31610249,
12468293543,summit_board,大尖山,大尖山,Dajianshan,24.1599703,120.5538722,134.08,,,,
12468293898,summit_board,大尖山,大尖山,Mt. Dajian,25.1619137,121.6015756,837.44,,,Q31623000,
12468294095,summit_board,大尖山,大尖山,Dajianshan,23.0717508,120.4628876,168.5,,,Q31392538,
12468294764,summit_board,大尖山,大尖山,Dajianshan,23.8584852,120.9949632,2017.44,,,Q31597156,
12468295008,summit_board,大尖山,大尖山,Dajianshan,23.5900088,120.6231401,1305,,,,小百岳認證 #056 雲嘉大尖山
12328649330,summit_board,大尖山東南,,,23.8393618,121.0149891,1240,,,,
12468293064,summit_board,大尖後山,大尖後山,Mt. Dajianhou,25.1740146,121.591863,885.00,,,Q31622368,
12468292281,summit_board,大尖石山,大尖石山,Dajianshishan,21.9601395,120.7977422,318,,,Q31391452,已禁止攀爬，違者國家公園警察會處以罰款
4297608054,summit_board,大尖腳,大尖腳,Dajianjiao,24.0909824,120.7723069,434,,,Q31621870,
12468293855,summit_board,大尾山,大尾山,Daweishan,24.9336229,121.7263871,635.90,,,Q31615939,
12468291411,summit_board,大屋坑山,,,24.5885303,120.9910837,425,,,,
12468293257,summit_board,大屋坑山,大屋坑山,Dawukengshan,24.5940211,120.977972,700.00,,,Q31616852,
12468295320,summit_board,大屯山,大屯山,Mt. Datun,25.176667,121.521964,1092,,zh:大屯山,Q10935061,
13397053129,summit_board,大屯山 (小百岳認證點),,,25.174794,121.5226475,,,,,小百岳認證 #001 大屯山
12468295321,summit_board,大屯山南峰,大屯山南峰,Mt. Datun South Peak,25.1697583,121.5177133,959,,,,
12468295322,summit_board,大屯山西峰,大屯山西峰,Mt. Datun West Peak,25.1710624,121.5135251,983,,,,
12468291705,summit_board,大屯西南峰,大屯西南峰,Datun Southwest peak,25.1674636,121.5105078,,,,,
12468292642,summit_board,大山,大山,Dashan,24.5820973,121.873518,87,,,Q31391809,
12468293587,summit_board,大山,大山,Dashan,24.3802062,120.7097278,230.83,,,Q31391925,
12468293948,summit_board,大山,大山,Dashan,22.925269,120.4828734,266.35,,,Q31391986,
12468294105,summit_board,大山,大山,Dashan,23.1399214,120.3567537,66.92,,,,
12468291506,summit_board,大山坑山,,,23.2192196,120.3825471,117,,,,
12468291507,summit_board,大山坑山西北峰,,,23.2213439,120.3806076,98,,,,
12468294988,summit_board,大山母山,大山母山,Dashanmushan,21.9683506,120.7789031,325.03,,,,小百岳認證 #081 大山母山
12468295205,summit_board,大山母山,大山母山,Dashanmushan,24.1907362,120.7359287,383,,,,
12468292160,summit_board,大山背山,大山背山,Dashanbeishan,24.6960133,121.1282734,705,,,Q31596079,
12468293379,summit_board,大崎山,大崎山,Daqishan,22.0098468,120.7849836,140.94,,,,
12774432979,summit_board,大崎山,大崎山,,23.6676739,119.556316,28,,,,
12468293986,summit_board,大崎頂山,大崎頂山,Daqidingshan,24.9379153,121.5660435,490.04,,,,
12468295047,summit_board,大崖山,大崖山,Dayashan,23.1720112,120.4460586,408,,,Q31624557,
12468295017,summit_board,大崗山,大崗山,Dagangshan,22.8603359,120.3484667,284,,,,小百岳認證 #074 大崗山
12468293291,summit_board,大崗山北峰,大崗山北峰,Dagangshanbeifeng,22.8621023,120.3518153,250.00,,,,
12468292240,summit_board,大崙尾山,大崙尾山,Dalunweishan,23.6962942,120.7653201,1220,,,,
12468295328,summit_board,大崙尾山,大崙尾山,Dalunweishan,25.1063845,121.5735185,453.06,,zh:大崙尾山,Q10935209,
12468293308,summit_board,大崙頭山,大崙頭山,Daluntoushan,23.6822018,120.7674107,1500.00,,,,
12468295301,summit_board,大崙頭山,大崙頭山,Daluntoushan,25.1088303,121.5853233,475,,,,小百岳認證 #008 大崙頭山
12468295049,summit_board,大崚山,大崚山,Dalengshan,23.1243967,120.4278017,132,,,,
12468293039,summit_board,大崠山,大崠山,Dadongshan,24.25845,120.9354833,1630,,,,
12468293315,summit_board,大崩山,大崩山,Dabengshan,24.1411106,120.8120916,749.00,,,Q31607059,
12468294281,summit_board,大崩逢山,大崩逢山,Dabengfengshan,22.9163764,120.6119528,419.09,,,Q31620766,
12468292822,summit_board,大巃頂,大巃頂,Dalongding,23.5532782,120.6063698,1176,,,,
12468293075,summit_board,大師岩,大師岩,Dashi Yan,25.1340689,121.5097519,141,,,,
12468293117,summit_board,大平尾山,大平尾山,Dapingweishan,25.1221001,121.572137,382.00,,,,
12468293427,summit_board,大平山,大平山,Dapingshan,23.180366,120.5304131,323.80,,,Q31610480,
12468293575,summit_board,大平山,大平山,Dapingshan,24.9723761,121.8450656,575,,,,
12468291812,summit_board,大平林山,大平林山,Dapinglinshan,25.0417989,121.8179396,420,,,Q31596822,
12468292023,summit_board,大平籠山,大平籠山,Dapinglongshan,24.2017384,120.8805536,1179.62,,,Q31621930,
12468291937,summit_board,大庄山,大庄山,Dazhuangshan,23.2722726,121.3272458,376.89,,,Q31597116,
12468293931,summit_board,大庄越山,大庄越山,Dazhuangyueshan,23.2395812,121.3580426,953.23,,,,
12468293330,summit_board,大庭頂山,大庭頂山,Datingdingshan,24.7558153,121.2372022,540.00,,,,
12468294079,summit_board,大廓庭山,大廓庭山,Dakuotingshan,22.8610376,120.4378074,234.97,,,,
12468293058,summit_board,大德山,大德山,Dadeshan,25.13963,121.7352,129.00,,,,
12468293537,summit_board,大忿山,大忿山,Dafenshan,24.3055945,120.8405554,419.82,,,,
12468293428,summit_board,大文山,大文山,Dawenshan,23.181445,120.4998636,174.68,,,Q31391428,
12468294650,summit_board,大斷崖,大斷崖,Daduanya,24.1832593,121.5468789,1667.48,,,Q31595973,
12468293998,summit_board,大暖尖山,大暖尖山,Danuanjianshan,24.9466727,121.4238281,287.78,,,Q31391547,
12468293644,summit_board,大東坑山,大東坑山,Dadongkengshan,24.8214929,121.1246829,228.72,,,,
12468293211,summit_board,大枋後山,大枋後山,Dafanghoushan,23.8442018,120.7922746,396.73,,,Q31618088,
12468292847,summit_board,大林尾山,大林尾山,Dalinweishan,22.9773389,120.442602,302,,,,
12468292853,summit_board,大柯山主峰,大柯山主峰,Dakeshanzhufeng,23.71255,120.7661167,897,,,,
12468292264,summit_board,大桶山東峰,大桶山東峰,Datongshandongfeng,24.8772463,121.56457,910,,,,
12468291947,summit_board,大棚山,大棚山,Dapengshan,23.8321342,120.6138378,265.22,,,Q31392241,
12468292074,summit_board,大棟山,大棟山,Dadongshan,24.9957719,121.38418,405,,,,小百岳認證 #015 大棟山
12468295270,summit_board,大森山,大森山,Dasenshan,22.0102589,121.5858215,482.74,,,Q31596150,
12468293527,summit_board,大椼茂,大椼茂,Dayanmao,24.4162614,120.7601252,448.98,,,,
12468293524,summit_board,大樹山,大樹山,Dashushan,24.3068888,120.7711763,489.15,,,,
12468293919,summit_board,大橫屏山,大橫屏山,Dahengpingshan,24.0749285,120.8289429,1205,,,,小百岳認證 #045 大橫屏山
12468292676,summit_board,大橫屏山南峰,大橫屏山南峰,Dahengpingshannanfeng,24.0560316,120.8278023,1036,,,,
12468294746,summit_board,大檜山,大檜山,Daguishan,23.9224126,121.3841319,2729.96,,,Q31596629,
12468292373,summit_board,大正點,大正點,Dazhengdian,23.8734938,120.9846159,,,,,
12468294951,summit_board,大武來山,大武來山,Dawulaishan,22.5698124,120.9556038,924.07,,,,
12468295240,summit_board,大武崙山,大武崙山,Dawulunshan,25.1585074,121.7097303,231,,,,小百岳認證 #003 大武崙山
12468291990,summit_board,大武窟山,大武窟山,Dawukushan,22.5614851,120.9671786,654.32,,,,
12468294900,summit_board,大母母山,大母母山,Damumushan,22.8259063,120.7486711,2423.93,,,Q31596448,
12468293207,summit_board,大水坑山,大水坑山,Dashuikengshan,23.1434119,120.5874237,435.12,,,,
12468292475,summit_board,大水窟山,大水窟山,Dashuikushan,23.4738428,121.0384127,3642,,,Q31596034,
12774366582,summit_board,大池角,,,23.6177647,119.5151847,32,,,,
12468292625,summit_board,大河底山,大河底山,Dahedishan,24.6095492,120.9720636,,,,,
12468293103,summit_board,大油坑山,大油坑山,Dayoukengshan,25.1754185,121.5815623,552.64,,,,
12468293422,summit_board,大洋山,大洋山,Dayangshan,23.2610136,120.468058,136.10,,,,
12468294275,summit_board,大津,大津,Dajin,22.8775126,120.646021,250.00,,,,
12468294898,summit_board,大浦山,大浦山,Dapushan,22.7752939,120.9070431,2377.66,,,Q31596194,
12468295050,summit_board,大混山,大混山,Dahunshan,24.6888774,121.2748402,1541,,,Q31596991,
12468292048,summit_board,大港口山,大港口山,Dagangkoushan,23.4832408,121.5039933,248.69,,,,
12468294205,summit_board,大港山,大港山,Dagangshan,23.4815591,121.4784126,507.53,,,Q31391422,
12468295022,summit_board,大湖尖山,大湖尖山,Dahujianshan,23.4873398,120.6375834,1311,,,,小百岳認證 #061 大湖尖山
12468292080,summit_board,大湖山,大湖山,Dahushan,24.9879538,121.943819,489,,,Q31611570,山字水泥柱
12468293073,summit_board,大湖山,大湖山,Dahushan,25.0908764,121.6041733,129.00,,,,
12468293800,summit_board,大湖山,大湖山,Dahushan,24.9777637,121.3539776,198.68,,,Q31392259,
12468294221,summit_board,大湖山,大湖山,Dahushan,24.6473897,121.7157265,312.55,,,,
12468294860,summit_board,大湖山,大湖山,Dahushan,24.7699383,121.6871379,438.46,,,Q31596978,
12638865766,summit_board,大湖山,,,24.0634387,120.7726945,460,,,,
12468293250,summit_board,大湖山東南峰,大湖山東南峰,Dahushandongnanfeng,24.7663734,121.6948284,380.00,,,,
12468291794,summit_board,大湖嶺,大湖嶺,Dahuling,24.6131312,120.9917938,544,,,,
12468293553,summit_board,大湖庄山,大湖庄山,Dahuzhuangshan,24.7334194,121.6902804,214.38,,,,
12468294981,summit_board,大湖桶山,大湖桶山,Dahutongshan,24.6365802,121.6530864,722.59,,,Q31596970,
12468292277,summit_board,大湖頂山,大湖頂山,Dahudingshan,24.9947963,121.3771682,342,,,,
12468294407,summit_board,大湳山,大湳山,Dananshan,24.5256081,120.9686571,880.00,,,,
9492832683,summit_board,大湳頂,,,23.8972202,120.8226481,774,,,,
12468293950,summit_board,大溪,大溪,Daxi,22.8877132,120.5959171,295.24,,,Q31620777,
12468293711,summit_board,大溪底山,大溪底山,Daxidishan,24.6258259,120.9336014,112.22,,,Q31392115,
12468292697,summit_board,大漢山,大漢山,Dahanshan,22.4077911,120.751111,,,,,
12468294084,summit_board,大潭山,大潭山,Datanshan,22.9614419,120.3417893,66.48,,,,
12819781061,summit_board,大烏山,,,23.1741035,120.6293464,946,,,,
12468292865,summit_board,大片頭山,大片頭山,Dapiantou Shan,25.247515,121.453927,,,,,
12468291479,summit_board,大牛埔山,,,25.0804895,121.8696501,445,,,,
12468291635,summit_board,大牛山,大牛山,Daniushan,25.005066,121.4099266,82,,,,
12468293716,summit_board,大牛朝山,大牛朝山,Daniuchaoshan,24.6429501,120.8432164,78.74,,,,
12468292687,summit_board,大牛條山,大牛條山,Daniutiaoshan,23.8765207,120.9265667,784.51,,,,
12804267012,summit_board,大獅嶺,,,23.2828983,120.5226703,980,,,,
12468292849,summit_board,大理石峰,大理石峰,Dalishifeng,23.6044077,121.2441491,3044,,,Q31623421,
12468294856,summit_board,大白山,大白山,Dabaishan,24.544749,121.7832274,1368.62,,,Q31596225,
12828482199,summit_board,大白鷺山,,,23.3305625,120.5145827,609,,,,
12468292342,summit_board,大石公山,大石公山,Dashigongshan,23.6336385,121.2242567,3030,,,Q31596049,
12468291768,summit_board,大石壁坑山,大石壁坑山,Dashibikengshan,25.0032931,121.9050021,197,,,,
12468291769,summit_board,大石壁坑山北峰,大石壁坑山北峰,Dashibikengshanbeifeng,25.0067055,121.9047068,125,,,,
12468294255,summit_board,大石板山,大石板山,Dashibanshan,22.0997913,120.7971887,544.00,,,,
12468291491,summit_board,大石股,,,23.9985149,120.8629722,490,,,,
12468294194,summit_board,大石鼻山,大石鼻山,Dashibishan,23.6980106,121.5519903,70.00,,,,
12468294861,summit_board,大礁溪山,大礁溪山,Dajiaoxishan,24.8141879,121.6472932,1161.35,,,Q31597183,
12468292486,summit_board,大社觀音山,大社觀音山,Guanyinshan,22.7271528,120.3736526,172,,,,小百岳認證 #075 觀音山
12468295264,summit_board,大窩山,大窩山,Dawoshan,24.5574757,121.0625656,1642,,,Q31595884,
12468293248,summit_board,大窩浪山,大窩浪山,Dawolangshan,24.6598028,121.0876113,630.00,,,Q31614791,
12468292286,summit_board,大竹坑山,大竹坑山,Dazhukengshan,24.8028017,121.2279304,550,,,,
12819781071,summit_board,大竹崙山,,,23.028032,120.5027058,704,,,,
12468291998,summit_board,大竹林山,大竹林山,Dazhulinshan,25.0452607,121.8494081,303.49,,,Q31597075,
12468294535,summit_board,大竹溪山,大竹溪山,Dazhuxishan,23.1669899,120.6876139,1664.12,,,Q31610147,
12468294032,summit_board,大竹高山,大竹高山,Dazhugaoshan,22.4407113,120.9284939,480.58,,,Q31597090,
12468291478,summit_board,大粗坑山,,,24.8970907,121.5780804,583.13,,,,
12468293857,summit_board,大粗坑山,大粗坑山,Dacukengshan,24.9554541,121.7193957,487.47,,,,
12468293699,summit_board,大統台山,大統台山,Datongtaishan,24.7446638,120.9847886,128.20,,,,
12468293655,summit_board,大肚庄,大肚庄,Daduzhuang,24.7244128,121.135562,200.96,,,Q31392049,
12468294260,summit_board,大肚關山,大肚關山,Daduguanshan,23.134306,120.7505637,1021.00,,,,
12468295075,summit_board,大胡山,大胡山,Dahushan,24.2109924,120.7478626,451.17,,,,
12468291463,summit_board,大自然主控制點,,,22.6511811,120.2503598,,,,,
12468292005,summit_board,大舌湖山,大舌湖山,Dashehushan,24.9589346,121.7393414,513.99,,,Q31615977,
12468294338,summit_board,大舌滿山,大舌滿山,Dashemanshan,23.8400733,120.8929791,767.00,,,,
12468293737,summit_board,大茅埔,大茅埔,Damaopu,24.8675241,121.1506291,312.94,,,,
12468291755,summit_board,大茅埔山,大茅埔山,Damaopushan,24.1801071,120.8707785,937,,,Q31596494,
12468294214,summit_board,大莊越山,大莊越山,Dazhuangyueshan,23.2320297,121.3527294,1023.38,,,,
12468294124,summit_board,大薰山,大薰山,Daxunshan,24.5085831,120.7886263,197.28,,,Q31392145,
12468295260,summit_board,大虎山,大虎山,Dahushan,23.9665268,120.7008773,325.38,,,Q31595399,
12468294149,summit_board,大西山,大西山,Daxishan,22.348444,120.8664032,341.69,,,,
12468293139,summit_board,大豐山,大豐山,Dafengshan,25.0342058,121.6270693,153.00,,,,
12468292022,summit_board,大貢占,大貢占,Dagongzhan,22.977841,120.6229255,823.16,,,Q31620789,
12468293895,summit_board,大邱田山,大邱田山,Daqiutianshan,25.1074412,121.6054527,355.68,,,,
12468293121,summit_board,大邱田山東峰,大邱田山東峰,Daqiutianshandongfeng,25.1049706,121.6109035,235.00,,,,
12468292792,summit_board,大郎橋,大郎橋,Dalangqiao,23.0019136,121.0833798,1687,,,,
12468294881,summit_board,大里仙山,大里仙山,Dalixianshan,23.3010009,121.2058758,2043.12,,,Q31604959,
12468293567,summit_board,大里簡山,大里簡山,Dalijianshan,24.9550079,121.9127838,166.44,,,Q31391937,
12468294008,summit_board,大金山,大金山,Dajinshan,24.8887773,121.1714601,354.53,,,Q31608799,
12468293843,summit_board,大金面山,大金面山,Dajinmianshan,24.8576437,121.7891018,415.84,,,Q31605288,
12468291756,summit_board,大陂丘山,大陂丘山,Dabeiqiushan,24.6373876,121.7354466,,,,Q31392196,
12468292152,summit_board,大隘山,大隘山,Daaishan,24.6315732,121.0853688,862,,,,
12468292641,summit_board,大雞岑山,大雞岑山,Dajicenshan,24.3814951,120.8323162,648,,,Q31618416,
12468292034,summit_board,大雪山,大雪山,Mt. Daxue,24.330765,121.121194,3530,,zh:大雪山,Q10938459,
12468291852,summit_board,大雪山北峰,大雪山北峰,Daxueshanbeifeng,24.3421506,121.1247396,,,,Q31607664,
12468295306,summit_board,大霸尖山,大霸尖山,Dabajianshan,24.4577542,121.2579627,3492,,zh:大霸尖山,Q5207405,
12468291439,summit_board,大青坑崙,,,24.9934506,121.3939917,332,,,,
12819781059,summit_board,大願山,,,23.1891373,120.63692,882,,,,
12468293004,summit_board,大香山,大香山,Daxiangshan,24.9614201,121.5612811,,,,Q31392064,
12468292526,summit_board,大馬武窟山,大馬武窟山,Damawukushan,22.9779839,121.2869487,686,,,Q31596479,
12468291501,summit_board,大高坑山,,,24.9855096,121.3891104,311,,,,
12468294204,summit_board,大魯木山,大魯木山,Dalumushan,23.4167725,121.1879489,2480.00,,,Q31615141,
12468294837,summit_board,大鳥山,大鳥山,Daniaoshan,22.4064054,120.8752792,733.57,,,Q31596315,
12468292756,summit_board,大龍山,大龍山,Dalongshan,24.5533801,121.0031253,1103,,,Q31616956,
12468291967,summit_board,天上山,天上山,Tianshangshan,24.9462931,121.456085,430,,,,小百岳認證 #018 天上山
12468292350,summit_board,天南可蘭山,天南可蘭山,Tiannankelanshan,23.608459,121.1302025,3404,,,Q31623993,
12468293604,summit_board,天山,天山,Tianshan,24.5787158,120.8789027,149.21,,,Q31392135,
12468295347,summit_board,天王峰,天王峰,Tianwangfeng,24.9938546,121.6816837,562,,,,
13319330904,summit_board,天王峰,天王峰,Tianwangfeng,24.9938536,121.6816306,562,,,,
12468292308,summit_board,天福山,天福山,Tianfushan,23.4724697,120.7249839,1852,,,,
12468293133,summit_board,天立後山,天立後山,Tianlihoushan,25.0100208,121.5703969,168.19,,,,
12468291407,summit_board,天送埤山,,,24.6591726,121.6189662,187,,,,
12468294739,summit_board,天長山,天長山,Tianzhangshan,24.0520317,121.3691072,2413.39,,,Q31595740,
12468292484,summit_board,天雲山,天雲山,Tianyunshan,23.4912784,120.6424055,1359,,,,
12468294725,summit_board,天頓山,天頓山,Tiandunshan,24.5306796,121.1575452,1767.88,,,Q31614667,
12468294425,summit_board,天頓山西北峰,天頓山西北峰,Tiandunshanxibeifeng,24.5459799,121.1381423,920.00,,,,
12468294552,summit_board,太兒麻山,太兒麻山,Taiermashan,22.873324,120.9342639,1747.46,,,Q31596947,
12468291668,summit_board,太和山,太和山,Taiheshan,24.9051713,121.8255476,705,,,,
12468294012,summit_board,太和山,太和山,Taiheshan,22.2391221,120.8587236,487.45,,,Q31596934,
12468292259,summit_board,太子嶺,太子嶺,Taiziling,24.9471602,121.4421308,,,,,
12468292677,summit_board,太巴六九山,太巴六九山,Taibaliujiushan,22.8079566,121.0309904,1062,,,,
12468294932,summit_board,太巴塱山,太巴塱山,Taibalangshan,23.6740498,121.5204653,744.62,,,Q31391957,
12468292740,summit_board,太平山,太平山,Taipingshan,23.5638512,120.6025219,1106,,,,
12468295152,summit_board,太平山,太平山,Taipingshan,24.8112723,121.2348641,535,,,Q31608927,
12468294624,summit_board,太木山,太木山,Taimushan,24.2768547,121.1587727,2809.37,,,Q31596433,
12468295202,summit_board,太極嶺,太極嶺,Taijiling,24.9538446,121.4636303,313,,,,
12468292943,summit_board,太武山,太武山,Taiwushan,23.5749287,119.6401255,42,,,,
12468292985,summit_board,太郎山,太郎山,Tailangshan,24.15114,120.93112,1518,,,,
12468294906,summit_board,太里力山,太里力山,Taililishan,22.4941494,120.7947198,1929.20,,,Q31596598,
12468294925,summit_board,太魯閣大山,太魯閣大山,Taroko Dashan,24.079071,121.4209859,3283,,zh:太魯閣大山,Q10941864,
12468291568,summit_board,太魯閣大山西峰,太魯閣大山西峰,Tailugedashanxifeng,24.0766925,121.4115896,,,,,
12468294985,summit_board,太麻里山,太麻里山,Taimalishan,22.6430935,120.9524809,1339.93,,,,小百岳認證 #094 太麻里山
12468294740,summit_board,夫婦山,夫婦山,Fufushan,24.0247516,121.4617068,2051.54,,,Q31603893,
12468294447,summit_board,夫婦山西峰,夫婦山西峰,Fufushanxifeng,24.7251179,121.3780093,1480.00,,,,
12468294922,summit_board,夫山,夫山,Fushan,24.7229235,121.402723,1869,,,Q31603879,
12468295158,summit_board,奇岩山,奇岩山,Mt. Qiyan,25.1242186,121.5101747,91,,,,
12468295157,summit_board,奇岩山西峰,奇岩山西峰,Mt. Qiyan West Peak,25.1230262,121.5072268,67,,,,
12468291851,summit_board,奇峻山,奇峻山,Qijunshan,24.3546571,121.1373313,3519,,,Q31607649,
12468291881,summit_board,奇萊主峰,奇萊主峰,Qilai Main Peak,24.0859956,121.3232411,3560,,zh:奇萊主山,Q10942220,
12468295234,summit_board,奇萊北峰,奇萊北峰,Qilai North Peak,24.1183352,121.3345459,3607,,zh:奇萊北峰,Q10942221,
12468295220,summit_board,奇萊南峰,奇萊南峰,Qilai South Peak,24.0612198,121.2798051,3358,,zh:奇萊南峰,Q10942222,
12468292204,summit_board,奇萊尖,奇萊尖,Qilaijian,24.1265696,121.3002599,3163,,,,
12468292414,summit_board,奇萊池山,奇萊池山,Qilaichishan,24.1001489,121.3234055,3312,,,Q31610813,
12468292845,summit_board,奎壁山,奎壁山,Kuibishan,23.6002068,119.6711631,,,,,
12468295333,summit_board,奧本嶺,奧本嶺,Aobenling,22.0292533,121.5669718,299.92,,,Q31391798,
12468291884,summit_board,女仍山,女仍山,Nvrengshan,22.1952545,120.7847948,804.26,,,,小百岳認證 #079 女仍山
12468293602,summit_board,好樹山,好樹山,Haoshushan,24.5699975,120.8951315,183.17,,,,
12468294171,summit_board,妙劍山,妙劍山,Miaojianshan,22.9852272,121.2212429,698.05,,,,
12468294336,summit_board,姑姑山,姑姑山,Gugushan,23.8079367,120.9759877,1220.00,,,,
12468291477,summit_board,姑姑山東,,,23.8085728,120.9889077,1178,,,,
12468291475,summit_board,姑姑山東北(水社大山東南),,,23.8152074,120.9832704,1480,,,,
12468293873,summit_board,姑娘山,姑娘山,Guniangshan,25.0147629,121.6943733,371,,,,
12468291548,summit_board,姑婆寮尖,姑婆寮尖,Gupoliaojian,24.8587071,121.6973659,,,,Q31615815,
12468294451,summit_board,姑婆寮山,姑婆寮山,Gupoliaoshan,24.8498886,121.6867112,1093.00,,,,
12468291886,summit_board,姑子崙山,姑子崙山,Guzilunshan,22.4182602,120.7891368,1630.68,,,Q31601738,
12468292646,summit_board,姜南山,姜南山,Jiangnanshan,25.0474431,121.7355366,,,,Q31622680,
12468293625,summit_board,姜子坑棚,姜子坑棚,Jiangzikengpeng,24.4808647,120.8367894,294.77,,,,
12468295164,summit_board,姜子寮山,姜子寮山,Mount Kamiko,25.0532639,121.730058,724,,,,小百岳認證 #011 姜子寮山
12468293887,summit_board,姜子頭山,姜子頭山,Jiangzitoushan,25.0522614,121.7124837,503.08,,,Q31622583,
12468293795,summit_board,娘子坑山,下石山,Niangzikengshan,24.9009352,121.3069366,238.05,,,Q31392274,
12468294730,summit_board,婆羅山,婆羅山,Poluoshan,24.6394121,121.4771168,1415.38,,,Q31598455,
12712428164,summit_board,婦山,,,24.724054,121.3989129,1791,,,,
12468295341,summit_board,孝子山,孝子山,Xiaozi Mt.,25.0200903,121.7397785,360,,,,
10016552133,summit_board,孟宗山,,,22.7239104,120.3827206,113,,,,
12468294522,summit_board,孟浪山,孟浪山,Menglangshan,23.0085518,120.814724,2130.38,,,,
12468293515,summit_board,學子波山,學子波山,Xueziboshan,23.8223615,120.8784753,669.74,,,Q31618037,
12468292020,summit_board,學田山(三等),,,24.1261677,120.5866604,139,,,,
12468292187,summit_board,學頭坡山,學頭坡山,Xuetouposhan,25.0773716,121.6365125,,,,Q31392422,
12468293431,summit_board,宅仔內山,宅仔內山,Zhaizaineishan,23.2457137,120.4389366,132.77,,,,
12468294626,summit_board,宇羅尾山,宇羅尾山,Yuluoweishan,24.2597304,121.1092014,1865.73,,,Q31593188,
12468295233,summit_board,守城大山,守城大山,Shouchengdashan,24.0458302,121.0504072,2420,,,Q31597577,
12468295096,summit_board,守關山,守關山,Shouguanshan,24.0369147,121.0467151,2323,,,Q31612006,
12468295106,summit_board,守關山南峰,守關山南峰,Shouguanshannanfeng,24.0154801,121.0580636,1350.00,,,,
12468291879,summit_board,安來山,安來山,Anlaishan,23.8529138,121.3948166,1434.19,,,Q31616524,
12468294183,summit_board,安土堀前山,安土堀前山,Antukuqianshan,23.1934728,121.300387,670.00,,,,
12468294775,summit_board,安土堀山,安土堀山,Antukushan,23.189782,121.3000816,909.77,,,Q31606863,
12468295287,summit_board,安坑山,安坑山,Ankengshan,24.925237,121.464455,333,,,,
12468291830,summit_board,安新山,安新山,Anxinshan,24.9273261,121.4582683,260,,,Q31392278,
13355358319,summit_board,安東昆山,,,23.4043494,120.9481384,2905,,,,
12468294264,summit_board,安東昆山東北峰,安東昆山東北峰,Andongkunshandongbeifeng,23.4064313,120.9541336,2924.00,,,,
12468295010,summit_board,安東軍山,安東軍山,Andongjunshan,23.8727055,121.2661122,3068.04,,zh:安東軍山,Q10946897,
12468294778,summit_board,安通山,安通山,Antongshan,23.3040041,121.3550098,631.57,,,Q31606838,
12468293929,summit_board,安通越山,安通越山,Antongyueshan,23.2581519,121.3645502,1084.30,,,Q31606827,
12468294863,summit_board,安通越山,安通越山,Antongyueshan,23.2695101,121.3779576,993.60,,,,
12468294186,summit_board,安通越山西峰,安通越山西峰,Antongyueshanxifeng,23.2598909,121.3541587,520.00,,,,
12468292442,summit_board,定國山,定國山,Dingguoshan,25.1393425,121.7214573,146,,,,
12468293227,summit_board,客雅山,客雅山,Keyashan,24.7886638,120.9573481,100.00,,,,
12468292329,summit_board,宣帽石山,宣帽石山,Xuanmaoshishan,23.5786573,120.7769791,1520,,,,
12468293135,summit_board,密婆坑山,密婆坑山,Mipokengshan,25.005765,121.5902788,146.00,,,,
12468294594,summit_board,密老老山,密老老山,Milaolaoshan,22.5836028,120.8319563,1062.92,,,Q31600243,
12480568448,summit_board,富健山,,,25.1073135,121.7310794,77,,,,
12468291619,summit_board,富士坪山,富士坪山,Mt. Fushiping,25.1601944,121.6068526,640,,,,
12468294748,summit_board,富士岳,富士岳,Fushiyue,23.9027707,121.3056743,2809.80,,zh:富士岳,Q10954017,
12468294793,summit_board,富太山,富太山,Futaishan,24.4526213,121.6609719,1351.26,,,Q31603809,
7557564225,summit_board,富山,,,22.7197768,120.3732862,111.7,,,,
12468295126,summit_board,富嶺山,富嶺山,Fulingshan,23.9380399,121.0948794,1590,,,,
12468293009,summit_board,富德山,富德山,Fudeshan,25.0039928,121.5943319,87.00,,,,
12468292290,summit_board,富浪波山,富浪波山,Fulangboshan,24.7936882,121.2016907,310,,,Q31609077,
12468294761,summit_board,富田山,富田山,Futianshan,24.1459491,121.4959141,2441.14,,,Q31606241,
12468294830,summit_board,富興山,富興山,Fuxingshan,23.0709851,121.2480234,1022.54,,,Q31603865,
12468294039,summit_board,寧埔山,寧埔山,Ningpushan,23.2503329,121.4065443,211.88,,,,
12468294682,summit_board,審馬陣山,審馬陣山,Shenmazhenshan,24.3802144,121.4174621,3141.29,,,Q10955807,
12468293589,summit_board,寮子湖山,寮子湖山,Liaozihushan,24.4147186,120.7176114,204.53,,,,
12468294132,summit_board,寮水山,寮水山,Liaoshuishan,24.2176542,120.7663831,564.13,,,Q31621859,
12468293739,summit_board,寮盆山,寮盆山,Liaopenshan,24.8317746,121.1633466,334.40,,,,
12468293197,summit_board,寶來山,寶來山,Baolaishan,23.0988052,120.7014828,663.00,,,,
12468294273,summit_board,寶山,寶山,Baoshan,23.040554,120.7040961,1410.00,,,,
12468294161,summit_board,寶華山,寶華山,Baohuashan,22.9881622,121.1971635,522,,,Q31621108,
12468291669,summit_board,寺蕃山,寺蕃山,Sifanshan,24.5426534,121.7397809,1095,,,Q31617311,
12468294156,summit_board,射馬干山北峰,射馬干山北峰,Shemaganshanbeifeng,22.7443997,121.0282918,932.00,,,,
12468292735,summit_board,射馬干社,射馬干社,Shemaganshe,22.744566,121.0458444,488,,,,
12468295300,summit_board,將軍山,將軍山,Jiangjunshan,23.4057084,120.4518341,,,,Q31391775,
12468295201,summit_board,將軍嶺,將軍嶺,Jiangjunling,24.9567391,121.4720561,,,,,
13397643731,summit_board,將達魯姆,,Gendarme,24.3537047,121.437198,3508,,,,
12468291667,summit_board,對萬山,對萬山,Duiwanshan,23.9825834,121.0874991,,,,Q31595105,
12468293935,summit_board,對關山,對關山,Duiguanshan,23.5254343,120.9513247,2747.59,,,Q31613858,
12468294329,summit_board,對關山,對關山,Duiguanshan,23.5425203,120.9815305,2936.00,,,Q31614010,
12468292658,summit_board,對高岳,對高岳,Duigaoyue,23.5220037,120.8274212,2444,,,,
12468291526,summit_board,小中坑山,,,24.1356815,120.7873687,416,,,,
12468294639,summit_board,小出山,小出山,Xiaochushan,24.061699,121.0226137,1708.78,,,Q31603412,
12468293703,summit_board,小分坑山,小分坑山,Xiaofenkengshan,24.66694,120.942587,173.16,,,,
12468292150,summit_board,小分林山,小分林山,Xiaofenlinshan,24.6859599,121.0613259,235,,,,
12468293738,summit_board,小北坑尾山,小北坑尾山,Xiaobeikengweishan,24.8579636,121.1746827,324.11,,,,
12468291412,summit_board,小北埔山(大坪山),,,24.648305,120.9647116,207,,,,
12468293710,summit_board,小南埔山,小南埔山,Xiaonanpushan,24.6298562,120.9711991,198.64,,,Q31392117,
12468294814,summit_board,小南澳山,小南澳山,Xiaonanaoshan,24.5964183,121.7053972,726.47,,,,
12468293752,summit_board,小南灣山,小南灣山,Xiaonanwanshan,25.1284682,121.3549458,145.50,,,Q31392500,
12468293307,summit_board,小坂田山,大崙尾山,Xiaobantianshan,23.6994396,120.763435,1180.00,,,,
12468292241,summit_board,小坂田山主峰,小坂田山主峰,Xiaobantianshanzhufeng,23.698911,120.7650556,1187,,,,
12468293856,summit_board,小坑山,小坑山,Xiaokengshan,24.9502028,121.7747034,631.64,,,Q31611692,
12468293885,summit_board,小坑山,小坑山,Xiaokengshan,25.0525431,121.6989763,354.82,,,,
12468295286,summit_board,小坑山,小坑山,Xiaokengshan,24.917006,121.51823,485,,,Q31616111,
12468293901,summit_board,小坪頂山,小坪頂山,Mt. Xiaopingding,25.1581053,121.4906253,386,,,,
12468294994,summit_board,小埔山,小埔山,Xiaopushan,24.0146211,120.9410901,611.61,,,Q31603336,
12468292436,summit_board,小塔山,小塔山,Xiaotashan,23.5298429,120.7717302,2291,,,Q31613997,
12468292545,summit_board,小奇萊,小奇萊,Xiao Qilaishan,24.1322373,121.2953556,3153,,,,
7557585548,summit_board,小尖山,,,22.730726,120.3765101,169.0,,,,
12468291736,summit_board,小尖山,小尖山,Xiaojianshan,24.979037,121.702773,654,,,,
12468291735,summit_board,小尖山北峰,小尖山北峰,Xiaojianshan North peak,24.9856742,121.7007313,489,,,,
12468292280,summit_board,小尖石山,小尖石山,Xiaojianshishan,21.9723152,120.7938307,245,,,Q31392051,
12468293651,summit_board,小尾山北峰,小尾山北峰,Xiaoweishanbeifeng,24.7500176,121.1333884,370.24,,,,
12468291590,summit_board,小屋山,小屋山,Xiaowushan,22.8045412,120.9667579,2092,,,,
12468292928,summit_board,小屯山,小屯山,Xiaotunshan,25.1660096,121.518735,877,,,,
12468292435,summit_board,小島田山,小島田山,Xiaodaotianshan,24.6492433,121.2415408,1702,,,,
12468293101,summit_board,小嵩山,小嵩山,Mt. Xiaoson,25.1965171,121.5510693,936.00,,,,
12468292883,summit_board,小指峰,小指峰,Xiaozhifeng,24.6420747,121.1022174,983,,,,
12468293263,summit_board,小東勢山,小東勢山,Xiaodongshishan,24.5432288,120.9289914,349.00,,,,
12468291652,summit_board,小東河山,小東河山,Xiaodongheshan,24.5593068,120.9961619,846,,,Q31616943,
12468293256,summit_board,小東河山北峰,小東河山北峰,Xiaodongheshanbeifeng,24.5647152,120.995443,710.00,,,,
12468294282,summit_board,小林山,小林山,Xiaolinshan,23.1655523,120.624148,1005,,,,
12468292221,summit_board,小格頭獅頭山,小格頭獅頭山,Xiaogetoushitoushan,24.9438006,121.6310512,477,,,,無基石
12468295170,summit_board,小油坑山,小油坑山,Xiaoyoukengshan,25.177226,121.5460573,834,,,,
12468293768,summit_board,小油山;圖根點 緒(06),小油山/青潭山,,24.9455277,121.5512233,222.3,,,Q31392071,
12468293594,summit_board,小湖山,小湖山,Xiaohushan,24.5751218,120.7638037,99.59,,,,
12468293480,summit_board,小溪子山,小溪子山,Xiaoxizishan,23.6515947,120.5896043,225.88,,,,
12468294444,summit_board,小烏來山,小烏來山,Xiaowulaishan,24.7910282,121.3742323,380.00,,,,
12804267013,summit_board,小獅嶺,,,23.2766971,120.5218189,865,,,,
12468294530,summit_board,小田原山,小田原山,Xiaotianyuanshan,23.1155431,120.7805429,1335.42,,,,
12468292343,summit_board,小石公山,小石公山,Xiaoshigongshan,23.6320166,121.2248028,2940,,,,
12468292914,summit_board,小礁溪山,小礁溪山,Xiaojiaoxishan,24.8179838,121.6688087,1147,,,Q31603425,
12468294545,summit_board,小禿山,小禿山,Xiaotushan,22.9488054,120.9682385,2589.84,,,Q31603312,
12468291550,summit_board,小禿山北峰,小禿山北峰,Xiaotushanbeifeng,22.9712882,120.9622043,,,,Q31612209,
12468292394,summit_board,小笠原山,小笠原山,Xiaoliyuanshan,23.5067805,120.8231922,2488,,,,
12468292964,summit_board,小粗坑山,小粗坑山,Xiaocukengshan,25.1028906,121.839088,485,,,,
12468293852,summit_board,小粗坑山,小粗坑山,Xiaocukengshan,24.9734275,121.7504611,578.83,,,Q31616210,
12468293903,summit_board,小草山,小草山,Mt. Xiaocao,25.136037,121.5632665,588.91,,,Q31622144,
12468293147,summit_board,小草山南峰,小草山南峰,Mt. Xiaocao South Peak,25.1319859,121.565023,470.00,,,,
12468292870,summit_board,小觀音山,小觀音山,Mt. Xiaoguanyin,25.1888249,121.542906,1070,,,Q11034690,
12468292869,summit_board,小觀音山北北峰,小觀音山北北峰,Mt. Xiaoguanyin N. North Peak,25.1940487,121.5433534,1040,,,,
12468292073,summit_board,小觀音山北峰,小觀音山北峰,Xiaoguanyinshanbeifeng,25.1916049,121.5427373,1058,,,,
12468292868,summit_board,小觀音山西北峰,小觀音山西北峰,Mt. Xiaoguanyin Northwest Peak,25.196093,121.5401346,892,,,,
12468293890,summit_board,小觀音山西峰,小觀音山西峰,Mt. Xiaoguanyin West Peak,25.1887019,121.5330636,1042.93,,,,
12468292232,summit_board,小觀音山西西峰,小觀音山西西峰,Xiaoguanyinshanxixifeng,25.1904794,121.5328452,1056,,,,
12468293906,summit_board,小金面山,小金面山,Xiaojinmianshan,25.0900412,121.5650279,129.03,,,,
12468294889,summit_board,小關山,小關山,Xiaoguanshan,23.1516376,120.8761054,3248.74,,,Q31603373,
12468291585,summit_board,小關山北峰,小關山北峰,Xiaoguanshanbeifeng,23.161788,120.8955245,,,,Q31614427,
12468291657,summit_board,小雪山,小雪山,Xiaoxueshan,24.2961826,121.039445,2874,,,Q31603385,
12468292267,summit_board,小霸尖,小霸尖,Xiaobajian,24.9978835,121.6930268,520,,,,
12468295307,summit_board,小霸尖山,小霸尖山,Xiaobajianshan,24.4556373,121.2520994,3418,,zh:小霸尖山,Q11035333,
12468294532,summit_board,小鞍輪名山,小鞍輪名山,Xiaoanlunmingshan,23.2063129,120.7214348,1578.59,,,Q31610099,
12468291989,summit_board,小馬武窟山,小馬武窟山,Xiaomawukushan,23.0066954,121.3131782,288.23,,,,
12468294140,summit_board,小黃山,小黃山,Xiaohuangshan,22.8233125,121.1221259,140.00,,,,
12468292283,summit_board,少女峰,,,22.6401658,120.2616106,330,,,,
12468292282,summit_board,少男峰,,Boy Hill,22.6690456,120.2656451,133,,,,
12468291702,summit_board,尖凍山,尖凍山,Jiandongshan,25.0604527,121.4243176,,,,,
12468292739,summit_board,尖凍山,尖凍山,Jiandongshan,23.4778381,120.6120439,1073,,,,
12468295029,summit_board,尖台山,尖台山,Jiantaishan,23.9231859,121.1524654,2483,,,Q31605814,
12468292945,summit_board,尖子頂,尖子頂,Jianziding,23.7562,120.7744167,744,,,Q31617867,
7557585551,summit_board,尖山,,,22.7309838,120.3777393,182.7,,,,
12468291712,summit_board,尖山,尖山,Jianshan,25.0511914,121.309497,,,,,
12468292902,summit_board,尖山,尖山,,25.1273538,121.4358766,381,,,Q31606607,
12468293040,summit_board,尖山,尖山,Jianshan,24.9451291,121.3387496,130,,,Q31392269,
12468293400,summit_board,尖山,尖山,Jianshan,22.8230173,120.3609348,65.62,,,,
12468294066,summit_board,尖山,尖山,Jianshan,23.2400723,120.4033959,220,,,,
12468294081,summit_board,尖山,尖山,Jianshan,23.0042851,120.3595032,136,,,,
12468294233,summit_board,尖山,尖山,Jianshan,22.1121651,120.7151591,126.40,,,Q31391767,
12468294584,summit_board,尖山,尖山,Jianshan,22.6349539,120.8612971,1565.12,,,Q31613687,
12468295249,summit_board,尖山,尖山,Jianshan,23.1345926,120.3764819,66,,,,
12468295294,summit_board,尖山,尖山,Jianshan,24.987864,121.523416,91.87,,,Q31392073,
12819781064,summit_board,尖山,,,23.1301191,120.5932545,799,,,,
12468293511,summit_board,尖山坑山,尖山坑山,Jianshankengshan,23.6545664,120.6130258,261.59,,,,
12468293837,summit_board,尖山子山,尖山子山,Jianshanzishan,25.2497173,121.6254635,247.04,,,,
12468294501,summit_board,尖石山,尖石山,Jianshishan,23.0696373,120.9844909,2865.29,,,Q31605840,
12468294718,summit_board,尖石山,尖石山,Jianshishan,24.7074598,121.2275331,1124.42,,,Q31605827,
12468294007,summit_board,尖禿山,尖禿山,Jiantushan,22.0738904,121.5567183,465.36,,,Q31605788,
12468292952,summit_board,尖筆山,尖筆山,Jianbishan,24.7216328,120.8981701,102.45,,,Q31391770,
12468295112,summit_board,尚書林,尚書林,Shangshulin,22.6149475,120.3784859,57,,,,
12468294523,summit_board,尺山,尺山,Chishan,23.0565084,120.8111418,1968.43,,,Q31614254,
12468294771,summit_board,尾上山,尾上山,Weishangshan,24.0560145,121.2316903,2681.74,,,Q31594280,
12468292070,summit_board,尾寮山,尾寮山,Weiliaoshan,22.8570533,120.6762611,1427.39,,,,小百岳認證 #073 尾寮山
12468293794,summit_board,尾寮山,尾寮山,Weiliaoshan,24.8894254,121.314746,219.53,,,Q31392273,
12468293897,summit_board,尾崙山,尾崙山,Weilunshan,25.1173228,121.5607804,358.92,,,Q31622158,
12468293767,summit_board,屈尺山,屈尺山,Quchishan,24.927921,121.5393923,198.05,,,Q31391732,
12468295147,summit_board,屋我尾山,屋我尾山,Wuwoweishan,24.2103804,120.9711694,1796,,,Q31593652,
12468295044,summit_board,屋我尾山北峰,屋我尾山北峰,Wuwoweishanbeifeng,24.2127917,120.9700948,1782,,,,
12468292716,summit_board,屏保岩,屏保岩,Pingbaoyan,22.7513392,120.8568624,1805,,,Q31612349,
12468292397,summit_board,屏遮那山,屏遮那山,Pingzhenashan,23.4960811,120.7732413,2025,,,,阿里山林補02號基石
12468291743,summit_board,屏風山,屏風山,Pingfengshan,25.0413615,121.723055,,,,,
12468295182,summit_board,屏風山,屏風山,Pingfengshan,24.1492933,121.3429479,3250,,zh:屏風山,Q11043029,
12468292488,summit_board,屏風山南峰,,,24.1363119,121.3344346,3180,,,,
12475239688,summit_board,展望峰,,,25.0454022,121.699706,552,,,,
12468294320,summit_board,屯原山,屯原山,Tunyuanshan,24.0513814,121.2072709,2200.00,,,,
12468294883,summit_board,屯古嶺,屯古嶺,Tunguling,23.1459075,120.9508409,2789.53,,,Q31594712,
12468292911,summit_board,屯古巒巴,屯古巒巴,Tunguluanba,23.1410537,121.0101467,2345,,,Q31613172,
12468294899,summit_board,屯子山,屯子山,Tunzishan,22.9106045,120.7609086,1822.61,,,Q31594697,
12468291842,summit_board,屯野生台山,屯野生台山,Tunyeshengtaishan,24.6225778,121.2719949,1607,,,,
12468293209,summit_board,山坑庄上,山坑庄上,Shankengzhuangshang,23.5492219,120.4998412,167.35,,,,
12468291944,summit_board,山子坑,山子坑,Shanzikeng,23.5420634,120.5138962,158.42,,,,
12468294107,summit_board,山子頂山,山子頂山,Shanzidingshan,23.4800571,120.4892642,143.27,,,Q31391876,
12468293487,summit_board,山尾山(秀峰山),山尾,,23.7890457,120.7699499,425.72,,,,
12468293038,summit_board,山椒山,山椒山,Shanjiaoshan,24.2667,120.96085,1834,,,Q31598022,
12804267014,summit_board,山河嶺,,,23.2718696,120.5201529,849,,,,
9284563479,summit_board,山熊嶺,,,22.7317582,120.38589,132.6,,,,
12468291612,summit_board,山熊嶺,山熊嶺,Shanxiongling,22.9414336,120.5586096,,,,,
12468295269,summit_board,山田山,山田山,Shantianshan,22.044913,121.5569494,437.10,,,Q31597974,
12468293318,summit_board,山羊凸山,山羊凸山,Shanyangtushan,24.5128363,120.8630771,390.00,,,,
12468294400,summit_board,山羊山,山羊山,Shanyangshan,24.5330466,121.0338296,1317.00,,,,
12468291592,summit_board,山美西山,山美西山,Shanmeixishan,23.3818431,120.6594312,838,,,,
13319330915,summit_board,山腳頂山,,,25.0610805,121.4250183,,,,,
12468295329,summit_board,山豬湖山,山豬湖山,Mt. Shanzhuhu,25.1462876,121.5550516,557.00,,,,
12468295121,summit_board,山豬窟尖,山豬窟尖,Shanzhukujian,25.0256277,121.6328312,356.00,,,,
12468293068,summit_board,山豬窟尖西南峰,山豬窟尖西南峰,Shanzhukujianxinanfeng,25.02456,121.6307551,350.00,,,,
12468293434,summit_board,山豹山,山豹山,Shanbaoshan,23.0172317,120.4064871,162.54,,,Q31392586,
12468291915,summit_board,山車廣山,山車廣山,Shancheguangshan,24.76738,121.4840541,955.00,,,,
12468293704,summit_board,山頂山,山頂山,Shandingshan,24.7209756,120.9161993,62.07,,,,
12491759404,summit_board,山麻坑山,,,24.8676171,121.3252278,350,,,,
12468293667,summit_board,岡頂山,岡頂山,Gangdingshan,24.6729532,121.0355273,341.99,,,,
12468293674,summit_board,岡頂山,岡頂山,Gangdingshan,24.6983785,121.0623662,210.32,,,,
12468294116,summit_board,岩子頂山,岩子頂山,Yanzidingshan,23.1472903,120.5287184,439.53,,,Q31610022,
12468294141,summit_board,岩灣山,岩灣山,Yanwanshan,22.827992,121.1055515,356.09,,,,
12468293582,summit_board,岩藏山,岩藏山,Yancangshan,24.8967366,121.8513844,184.46,,,Q31391939,
12468294316,summit_board,岳亞那山西北峰,岳亞那山西北峰,Yueyanashanxibeifeng,23.3859314,120.7084329,1550.00,,,,
12468292814,summit_board,峰頭尖,峰頭尖,Fengtoujian,25.0062061,121.714544,609,,,Q31622656,
12468292811,summit_board,峰頭尖東峰,峰頭尖東峰,Fengtoujiandongfeng,25.0113638,121.7307569,550,,,,
12468292102,summit_board,島俱子山,島俱子山,Daojuzishan,24.5400471,121.3899666,2346,,,,
12468292918,summit_board,島田山,島田山,Daotianshan,24.6445936,121.246154,1819,,,,
12468293159,summit_board,崁仔頂山,崁仔頂山,Kanzaidingshan,23.639447,120.5780853,184.95,,,,
12468294324,summit_board,崁斗山,崁斗山,Kandoushan,23.9671706,120.8366874,1096.81,,,Q31617732,
12468291954,summit_board,崁等山,崁等山,Kandengshan,23.6306068,120.5764237,199.59,,,Q31391901,
12828483105,summit_board,崁頂山,,,23.2969669,120.5033603,513,,,,
12468295124,summit_board,崁頭山,崁頭山,Kantoushan,23.2659407,120.5044646,841,,,,小百岳認證 #064 崁頭山
12468292695,summit_board,崁頭窩山,崁頭窩山,Kantouwoshan,22.4138123,120.6638384,,,,,
12468293180,summit_board,崁頭窩山西峰,崁頭窩山西峰,Kantouwoshanxifeng,22.4126375,120.6508332,608.88,,,,
12468293700,summit_board,崎林山,崎林山,Qilinshan,24.7198073,120.94795,84.23,,,,
12468293194,summit_board,崎溜山,崎溜山,Qiliushan,22.7897099,120.3866512,236.10,,,Q31391743,
12468291961,summit_board,崎頂;三等三角點 149,,,24.5967067,120.7304633,98.01,,,,
12468294654,summit_board,崖上山,崖上山,Yashangshan,24.2465082,121.4767626,1548.63,,,,
12468294862,summit_board,崙埤子山,崙埤子山,Lunpizishan,24.7017581,121.5953031,771.76,,,,
12468294887,summit_board,崙天山,崙天山,Luntianshan,23.2102329,121.1755396,2117.54,,,Q31600855,
12468293489,summit_board,崙尾,崙尾,Lunwei,23.7750869,120.7775207,411.95,,,,
12804277524,summit_board,崙頂,,,23.2816607,120.6166489,991,,,,
12468292046,summit_board,崩坎,崩坎,Bengkan,24.0150168,120.6012797,256,,,,
12468293213,summit_board,崩埤山,崩埤山,Bengpishan,23.866665,120.7437674,372.04,,,,
12468291750,summit_board,崩山,崩山,Bengshan,24.5652648,120.9666748,,,,,
12468293992,summit_board,崩山,崩山,Bengshan,25.2648228,121.5373964,219.13,,,,
12805988392,summit_board,崩山,,,23.3265157,120.5370059,1108,,,,
12468292859,summit_board,崩山大崙,崩山大崙,Bengshandalun,24.9832364,121.6916559,568,,,Q31615740,
12468293299,summit_board,崩山湖山,崩山湖山,Bengshanhushan,24.7619098,121.669966,300.00,,,,
12468293683,summit_board,崩崁山,崩崁山,Bengkanshan,24.7420787,121.0630894,252.24,,,,
12468292411,summit_board,崩棚山,崩棚山,Bengpengshan,23.5183678,120.6693856,1228,,,,
12468293945,summit_board,嵐山,嵐山,Lanshan,24.048603,121.5309385,2033.03,,,Q31601613,
12468293944,summit_board,嵩山,嵩山,Mt. Son,25.208715,121.5561794,987.56,,,,
12468294004,summit_board,嶺端山,嶺端山,Lingduanshan,22.0550868,121.5591452,173.16,,,,
12468292207,summit_board,嶺頭山,嶺頭山,Lingtoushan,23.649362,120.799152,2025,,,Q31601414,
12468292050,summit_board,巒潭山,巒潭山,Luantanshan,23.6968634,121.0935804,2835,,,Q31623357,
12468294252,summit_board,川七山,川七山,Chuanqishan,22.1217578,120.8706709,205.00,,,,
12468293435,summit_board,左鎮山,左鎮山,Zuozhenshan,23.0359543,120.4034328,138.03,,,,
12468292794,summit_board,巫山,巫山,Wushan,24.8062467,121.4768414,1389,,,,
12468292123,summit_board,巫里岸山,巫里岸山,Wulianshan,25.0801567,121.886335,472,,,,
12468295232,summit_board,巴博庫魯山,巴博庫魯山,Babokulu Mountain,24.6737323,121.4797814,2101,,,Q31599147,
12468291483,summit_board,"巴卡山,775m",,,24.7426742,121.2335552,,,,,
12468294035,summit_board,巴塱衛山,巴塱衛山,Balangweishan,22.3448952,120.8973281,69.68,,,,
12468295069,summit_board,巴塱衛山,巴塱衛山,Balangweishan,22.3225361,120.8788831,325,,,,小百岳認證 #096 巴塱衛山
12468294824,summit_board,巴士墨山,巴士墨山,Bashimoshan,22.2199168,120.7462546,506.42,,,Q31599136,
12468291932,summit_board,巴奈良山,巴奈良山,Banailiangshan,24.3719365,121.5199122,2369.30,,,Q31624203,
12468294240,summit_board,巴層巴墨山,巴層巴墨山,Bacengbamoshan,22.2972331,120.7146779,937.00,,,,
12468292737,summit_board,巴巴奈蕃,巴巴奈蕃,Babanaifan,22.8034938,120.873548,2105,,,Q31612285,
12468294674,summit_board,巴巴山,巴巴山,Babashan,24.3424151,121.4378351,3449.43,,zh:巴巴山,Q11058923,
12468291476,summit_board,巴庫拉斯,,,23.7980388,121.0015926,1017,,,,
12468291880,summit_board,巴沙灣山,巴沙灣山,Bashawanshan,23.9628897,121.3153193,3028.68,,,Q31616626,
12468294578,summit_board,巴焦羅山,巴焦羅山,Bajiaoluoshan,22.5894836,120.9099164,452.83,,,,
12468292809,summit_board,巴紗拉雲山,巴紗拉雲山,Bashalayunshan,24.437983,121.2582761,3402,,,Q31608257,
12468291865,summit_board,巴蘭山,巴蘭山,Balanshan,24.0129538,121.1267889,1243.28,,,Q31612057,
12468291924,summit_board,巴都服山,巴都服山,Badoufushan,24.3918035,121.4387687,3345,,,Q31608399,
12468295313,summit_board,布佚奇寒山,布佚奇寒山,BuYiQiHan Mountain,24.3169489,121.1984727,3295,,,,
12468294728,summit_board,布奴加里山,布奴加里山,Bunujialishan,24.5509247,121.2438118,2124.70,,,Q31614692,
12468292142,summit_board,布干山,布干山,Buganshan,23.46801,121.1600366,3337,,,Q31615091,
12468292052,summit_board,布拉克桑山,布拉克桑山,Bulakesangshan,23.2331222,121.0787129,3036.00,,zh:布拉克桑山,Q11059604,
12468292808,summit_board,布秀蘭山,布秀蘭山,Buxiulanshan,24.4285618,121.2601858,3438,,,Q31608288,
12468294760,summit_board,帕托魯山,帕托魯山,Mt. Patolu,24.0994448,121.4666076,3101,,zh:帕托魯山,Q11059972,
12468294370,summit_board,帖鹿桑山,帖鹿桑山,Tielusangshan,23.7574716,121.1280846,2630.00,,,,
12468294541,summit_board,常盤山,常盤山,Changpanshan,22.9527713,120.883491,1556.00,,,Q31606647,
12468294620,summit_board,帽子山,帽子山,Maozishan,24.3082807,121.1350202,2888.77,,,Q31600545,
12468291834,summit_board,帽盒山,帽盒山,Maoheshan,24.7414424,121.2260185,837.64,,,Q31600584,
12468292041,summit_board,干卓萬山,干卓萬山,Ganzhuowanshan,23.8760482,121.1389584,3283.77,,zh:干卓萬山,Q11060564,
12468295207,summit_board,平山,平山,Pingshan,24.1949705,120.7321401,359,,,Q31598557,
12468291454,summit_board,平岩山,,,24.3225499,121.3042981,1922,,,,
12468294924,summit_board,平岩山,平岩山,Pingyanshan,24.3465227,121.3544415,2827.47,,,Q31608750,
12468291827,summit_board,平廣山,平廣山,Pingguangshan,24.9040038,121.5234447,530.00,,,Q31615617,
12468294801,summit_board,平林山,平林山,Pinglinshan,23.8060286,121.406904,1464.27,,,,
12468292234,summit_board,平湖尖,平湖尖,Pinghujian,25.0316462,121.7745358,386,,,,
12468292633,summit_board,平湖山,平湖山,Pinghushan,25.0319709,121.7753161,405,,,,
12468293866,summit_board,平溪子山,平溪子山,Pingxizishan,25.017505,121.7587862,411.33,,,Q31617658,
12468294627,summit_board,平石山,平石山,Pingshishan,24.2508771,121.0489281,2216.54,,,Q31598545,
12468293157,summit_board,平遍山,平遍山,Pingbianshan,24.8659722,121.1909236,386.93,,,,
12468294895,summit_board,平野山,平野山,Pingyeshan,22.8877112,120.9011145,2215.62,,,Q31598519,
12468292209,summit_board,幼坑山,幼坑山,Youkengshan,25.0551218,121.8136662,240,,,,
12468292324,summit_board,幾阿佐名山,幾阿佐名山,Jiazuomingshan,23.3391729,120.7355297,,,,Q31620105,
12468294678,summit_board,府塔山,府塔山,Futashan,24.4148054,121.4596221,2856.88,,,Q31608679,
12468295219,summit_board,庫哈諾辛山,庫哈諾辛山,Kuhanuoxinshan,23.2628023,120.9000183,3115,,,Q11063480,
12468293189,summit_board,庫瓦魯斯山,庫瓦魯斯山,Kuwalusishan,22.6083368,120.7172306,1160.00,,,,
12805988395,summit_board,庫頂山,,,23.2225908,120.4763093,522,,,,
12468291805,summit_board,庫魯山,庫魯山,Kulushan,24.6603682,121.4211124,1571,,,,
12468292736,summit_board,庶把掘,庶把掘,Shubajue,22.7876775,120.9316394,2137,,,Q31612337,
12468293805,summit_board,康子崙山,康子崙山,Kangzilunshan,25.1314671,121.6634869,314.79,,,Q31622430,
12468295334,summit_board,康樂山,康樂山,Kangleshan,25.080476,121.613375,128,,,Q31392356,
12468291497,summit_board,康誥坑山,,,25.0583437,121.6575493,100,,,,
12468293316,summit_board,廍子坑山,廍子坑山,Buzikengshan,24.1546418,120.7506776,360.00,,,,
12468293547,summit_board,廍子坑山,廍子坑山,Buzikengshan,24.1642957,120.7701623,352.42,,,,
12468293714,summit_board,廚子,廚子,Chuzi,24.6346437,120.8722738,84.33,,,,
12468293302,summit_board,廟後尖山,廟後尖山,Miaohoujianshan,22.94055,120.59147,401.00,,,,
12492290007,summit_board,廣善嶺,,,22.9144365,120.527032,315,,,,
12468294263,summit_board,廣東丸山,廣東丸山,Guangdongwanshan,23.402476,120.9099573,2670.00,,,,
12468291405,summit_board,廣興,,,24.6707692,121.7532175,16,,,,
12468291763,summit_board,建牌崙,建牌崙,Jianpailun,24.9237219,121.7556265,951,,,Q31616273,
12468294093,summit_board,弟子山,弟子山,Dizishan,23.3378147,120.4502249,136.92,,,Q31391867,
12468294229,summit_board,張十九山,張十九山,Zhangshijiushan,22.1481935,120.778935,200.00,,,,
12468294230,summit_board,張十六山,張十六山,Zhangshiliushan,22.1337217,120.7526228,210.00,,,,
12468292887,summit_board,彩和山,彩和山,Caiheshan,24.7858652,121.2326228,612,,,Q31595459,
12468291415,summit_board,彭厝窩,,,24.7330917,121.1402154,346,,,,
12468294055,summit_board,彭子存山,彭子存山,Pengzicunshan,23.2662746,121.4104345,188.80,,,,
12468294712,summit_board,待矢負山,待矢負山,Daishifushan,24.7577736,121.3797669,1353.90,,,,
12468292008,summit_board,待老坑山,待老坑山,Dailaokengshan,24.9668468,121.5744767,381.75,,,Q31596906,
13319330914,summit_board,待老坑山,待老坑山,Dailaokengshan,24.9668384,121.574471,381.75,,,Q31596906,
12468293868,summit_board,後厝山,後厝山,Houcuoshan,24.9996296,121.6949711,446.80,,,,
12468293541,summit_board,後壁山,後壁山,Houbishan,24.3084996,120.7864598,379.99,,,,
12468293502,summit_board,後寮坑山,後寮坑山,Houliaokengshan,23.8635313,120.7753915,305.25,,,,
12468295118,summit_board,後尖山,後尖山,Houjianshan,23.8140228,120.8981819,1003,,,,小百岳認證 #052 後尖山
12468293410,summit_board,後崎山,後崎山,Houqishan,23.3844798,120.4945492,207.35,,,,
12468292715,summit_board,後棟仔山,後棟仔山,Houdongzaishan,23.6002374,120.6291748,934,,,,雲林縣經濟農場第六○號水泥柱
12468293844,summit_board,後湖子山,後湖子山,Houhuzishan,24.8610676,121.7627252,699.54,,,Q31611273,
12468293672,summit_board,後脊山,後脊山,Houjishan,24.6951858,121.0151945,155.69,,,,
12468291817,summit_board,御史坑山,御史坑山,,25.0947968,121.433228,116,,,,
12468293549,summit_board,御子山,御子山,Yuzishan,24.138053,120.7352691,166.53,,,,
12468295199,summit_board,御恩山,御恩山,Yuenshan,24.3762833,121.7597,1239,,,,
12468294561,summit_board,御油山,御油山,Yuyoushan,22.9808882,120.7074554,1476.02,,,,
12468291551,summit_board,御油山主峰,御油山主峰,Yuyoushanzhufeng,22.991248,120.7091184,,,,,
12468291917,summit_board,復興尖山,復興尖山,Fuxingjianshan,24.6596936,121.4487948,1851.81,,,,
12468292101,summit_board,復興山,復興山,Fuxingshan,25.1100476,121.8674962,439,,,,
12468294564,summit_board,德德山,德德山,Mt. Dede,22.9085083,120.7071484,806.54,,,Q31595795,
12468292068,summit_board,德文山;二等三角點 1655,德文山,,22.7639022,120.6920457,1245.68,,,Q31595782,
12468292404,summit_board,德文山東南峰,德文山東南峰,Dewenshandongnanfeng,22.7577874,120.7094207,726,,,,
12468294226,summit_board,德社山,德社山,Desheshan,22.7952028,120.673299,500.00,,,,
12468294167,summit_board,德高老山,德高老山,Degaolaoshan,23.0602894,121.2875518,340.00,,,,
12468293459,summit_board,心子寮山,心子寮山,Xinziliaoshan,23.011068,120.4712404,171.09,,,,
12468292915,summit_board,志佳陽大山,志佳陽大山,Mt. Zhijiayang,24.3577826,121.251334,3289,,zh:志佳陽大山,Q11072221,
12468292194,summit_board,志佳陽大山最高峰,志佳陽大山最高峰,Zhijiayangdashanzuigaofeng,24.3599682,121.2481433,,,,,
12468291687,summit_board,志摩山,志摩山,Zhimoshan,24.3241638,121.0811842,3145,,,Q31607678,
12468291565,summit_board,志摩山西峰,志摩山西峰,Zhimoshanxifeng,24.322836,121.07272,,,,,
12468295330,summit_board,志繼山,志繼山,Zhijishan,24.840774,121.40871,977,,,Q31619596,
12468294058,summit_board,志羅億山,志羅億山,Zhiluoyishan,22.9718905,121.2988667,298.83,,,,
12468292254,summit_board,志良久山,志良久山,Zhiliangjiushan,24.7552775,121.5681522,742,,,Q31615790,
12468291455,summit_board,志良節山,,,24.3377216,121.3080609,1976,,,,
12468292198,summit_board,志騰山,志騰山,Zhitengshan,23.6785286,120.7778566,1308,,,,
12468293069,summit_board,忠勇山,忠勇山,Zhongyongshan,25.0983409,121.5853608,310.00,,,,
12487688416,summit_board,忠義山,,,25.1426948,121.4776023,225,,,,
13319324594,summit_board,忠義山,,,24.9644136,121.3493156,,,,,
12468294130,summit_board,快官山,快官山,Kuaiguanshan,24.0459517,120.6108067,120.68,,,,
10016552131,summit_board,快活嶺,,,22.7240503,120.3830234,113,,,,
12492290006,summit_board,恩主嶺,,,22.9117313,120.5289158,190,,,,
3311573205,summit_board,慈佛山,,,22.719052,120.3766197,125.6,,,,
12468294327,summit_board,慈峰,慈峰,Cifeng,24.1228153,121.1870492,1980.00,,,,
4081336550,summit_board,慈恩嶺,慈恩嶺,Cienling,25.0185913,121.7337811,385,,,,
12468291785,summit_board,慈母峰,慈母峰,Cimu Mt.,25.0190466,121.7381904,410,,,,
10016552162,summit_board,慢活嶺,,,22.7239298,120.3828787,117,,,,
12468292862,summit_board,慶福山,慶福山,Qingfushan,24.1806742,120.8473538,810,,,Q31605427,
12468294997,summit_board,成廣澳山,成廣澳山,Chengguangaoshan,23.1903979,121.3382829,1597.53,,,Q31606515,
12468295275,summit_board,成福山,成福山,Chengfushan,24.937238,121.417536,240,,,Q31619483,
13319330913,summit_board,成福山,成福山,Chengfushan,24.9372697,121.4175296,240,,,Q31619483,
12468292983,summit_board,我音,我音,Woyin,24.0568,120.99335,1239,,,,
12468292982,summit_board,我音山主峰,我音山主峰,Woyinshanzhufeng,24.05376,120.9985,1301,,,,
12468293497,summit_board,我音山北峰,我音山北峰,Woyinshanbeifeng,24.0629574,120.9902584,1050.00,,,,
12468292724,summit_board,戒茂斯山,戒茂斯山,Jiemaosishan,23.2422227,121.0104845,2501,,,,
12468291436,summit_board,戲棚跡,,,24.9374997,121.1676058,169,,,,
12468294601,summit_board,戶亞宇山,戶亞宇山,Huyayushan,22.546251,120.6783822,984.80,,,,
12778070229,summit_board,戶亞山,,,22.8129721,120.7031639,868,,,,
12783751826,summit_board,戶亞山,,,22.812989,120.7031905,871.201,,,,
12468292312,summit_board,戶亞羅山,戶亞羅山,Huyaluoshan,22.7835814,120.7228771,1226,,,,
12468293968,summit_board,戶張山,戶張山,Huzhangshan,22.78573,120.9998222,1285.19,,,Q31612484,
12468294177,summit_board,戶張山東南峰,戶張山東南峰,Huzhangshandongnanfeng,22.7795074,121.0141636,910.00,,,,
12468294526,summit_board,戶比屋山,戶比屋山,Hubiwushan,23.1260828,120.8431096,1961.77,,,,
12468294706,summit_board,扇子排山,扇子排山,Shanzipaishan,24.6376012,121.1418951,954.74,,,Q31597961,
12468294423,summit_board,扇子排山西北峰,扇子排山西北峰,Shanzipaishanxibeifeng,24.6410189,121.1393918,920.00,,,,
12468294643,summit_board,手比倫山,手比倫山,Shoubilunshan,24.1248842,121.1330749,1692.71,,,,
12468291487,summit_board,扎孔山,,,24.7688195,121.5146923,675,,,,
12468292564,summit_board,打榷崠山,打榷崠山,Daquedongshan,24.417115,120.8402538,653,,,Q31618709,
12468293847,summit_board,打鐵寮山,打鐵寮山,Datieliaoshan,24.91996,121.8196963,601.81,,,,
12468293466,summit_board,打鐵尖山,打鐵尖山,Datiejianshan,23.1457693,120.5073211,251.15,,,,
12468295052,summit_board,打鐵尖山,打鐵尖山,Datiejianshan,23.1472072,120.5012693,263,,,,
12468293272,summit_board,打鹿坑山,打鹿坑山,Dalukengshan,24.4773044,120.8603726,620.00,,,Q31618659,
12468294314,summit_board,托亞奇伊山,托亞奇伊山,Tuoyaqiyishan,23.2780954,120.6705353,900.00,,,,
12468294977,summit_board,托皿山,托皿山,Tuominshan,24.5559669,120.8463042,157.18,,,,
12468292191,summit_board,托莫灣山,托莫灣山,Tuomowanshan,24.1400266,121.5823881,1802,,,Q31615425,
12468292263,summit_board,托里羅,托里羅,Tuoliluo,22.5168952,120.8314354,,,,,
12468294592,summit_board,把宇森山,把宇森山,Bayusenshan,22.5902334,120.7798829,1579.05,,,,
12468292323,summit_board,把家灣山,把家灣山,Bajiawanshan,24.6377276,121.3984922,1501,,,,
12468293015,summit_board,抱子腳山,抱子腳山,Baozijiaoshan,25.0041571,121.5663862,138.00,,,Q31392346,
12468295076,summit_board,抽藤坑北山,抽藤坑北山,Choutengkengbeishan,24.17125,120.83295,594,,,,
12468291832,summit_board,抽藤坑山,抽藤坑山,Choutengkengshan,24.1654788,120.8297408,608.16,,,,
12468295323,summit_board,拇指山,拇指山,Muzhishan,25.0205288,121.5843559,313,,,Q11076836,
12468292882,summit_board,拇指峰,拇指峰,Muzhifeng,24.6372401,121.090848,1024,,,,
12468294266,summit_board,拉克斯山,拉克斯山,Lakesishan,23.2231455,120.8283448,1060.00,,,,
12468294442,summit_board,拉卡山,拉卡山,Laka Shan,24.8124759,121.4367891,1183,,,Q31619342,
12468293938,summit_board,拉古拉山,拉古拉山,Lagulashan,23.3947168,121.0823121,2203.93,,,,
12468292126,summit_board,拉夫郎山,拉夫郎山,Lafulangshan,23.7700144,121.0693281,2061,,,Q31612581,
12468292125,summit_board,拉夫郎山西北峰,拉夫郎山西北峰,Lafulangshanxibeifeng,23.7808467,121.0542644,1611,,,,
12468294581,summit_board,拉戛拉戛山,拉戛拉戛山,Lajialajiashan,22.7391528,120.9027913,2201.90,,,Q31601723,
12468294709,summit_board,拉拉山,拉拉山,Lala Mountain,24.7304064,121.4341224,2030.83,,,Q31601682,
12468292905,summit_board,拉樸山,拉樸山,Lapushan,24.8412439,121.5640594,836,,,Q31616017,
12468294287,summit_board,拉比嶺山,拉比嶺山,Labilingshan,23.2607152,120.6779084,1172.00,,,Q31620016,
12468293586,summit_board,拐子湖山,拐子湖山,Guaizihushan,24.3817185,120.7544101,395.26,,,,
12468294849,summit_board,拔刀爾山,拔刀爾山,Badaoershan,24.852177,121.5141911,1115,,,,
12468294196,summit_board,拔子山,拔子山,Bazishan,23.6090238,121.3321534,1660.00,,,Q31599047,
12468291713,summit_board,拔崁腳山(七分山),,,25.0514968,121.3061371,,,,,
12468291925,summit_board,拔都諾府山,拔都諾府山,Badounuofushan,24.400267,121.4416373,3165,,,Q31608386,
12468294543,summit_board,拜仁士山,拜仁士山,Bairenshishan,22.8947638,120.8719834,2499.43,,,,
12468294550,summit_board,拜燦山,拜燦山,Baicanshan,22.8263049,120.8614948,2297.78,,,Q31612298,
12468292380,summit_board,拳背山,拳背山,Quanbeishan,24.1538745,121.4158512,1367,,,,
12468294982,summit_board,拳頭母山,拳頭母山,Quantoumushan,24.707921,121.5461073,1550.61,,,Q31604934,
12468291855,summit_board,拾丸山,拾丸山,Shiwanshan,24.3137014,121.0614663,2904.56,,,Q31597603,
12468293785,summit_board,挖子坑山,挖子坑山,Wazikengshan,25.0197612,121.9324846,44.09,,,,
12468292910,summit_board,振振,振振,Zhenzhen,23.1554614,121.0352142,1599,,,,
12468294051,summit_board,掃別山,掃別山,Saobieshan,23.308728,121.4216243,375.58,,,Q31598060,
12468294272,summit_board,排剪山,排剪山,Paijianshan,23.1431315,120.716381,1031.13,,,,
12468292583,summit_board,排寮尖,排寮尖,Pailiaojian,25.0125603,121.6640445,,,,,無基石
12468293305,summit_board,掘沓山,掘沓山,Juedashan,23.5909667,120.6689177,1163.00,,,,
12468295311,summit_board,推論山,推論山,TuiLun Mountain,24.3096751,121.217886,2801,,,,
12468294840,summit_board,揍妙山,揍妙山,Zoumiaoshan,22.9610181,121.2157037,716.24,,,Q31621121,
12468292327,summit_board,摘星峰,摘星峰,Zhaixingfeng,25.1722846,121.5492403,982.42,,,,
12468292793,summit_board,摩刻南,摩刻南,Mokenan,23.176493,121.0021352,1879,,,,
12468295095,summit_board,摩即山,摩即山,Mojishan,23.8462629,121.2449674,2643,,,Q31612833,
12468292467,summit_board,摩天嶺,摩天嶺,Motianling,23.5116849,120.691453,1800,,,,
12468293059,summit_board,摩天嶺山,摩天嶺山,Motianlingshan,25.1417255,121.7317557,153.00,,,,
12468293892,summit_board,摸乳基,摸乳基,Moruji,25.1859421,121.56149,600.55,,,,
12468293104,summit_board,擎天崗山,擎天崗山,Mt. Qingtiangang,25.1683417,121.5741621,798.58,,,,
12468295169,summit_board,擎天崗東峰,擎天崗東峰,Mt. Qingtiangang East Peak,25.165509,121.5808216,791,,,,
12468293980,summit_board,擔橫山,擔橫山,Danhengshan,22.8913812,120.4673147,215.32,,,Q31391582,
12468294139,summit_board,擺子南山,擺子南山,Baizinanshan,22.8725012,121.1331856,380.00,,,Q31621159,
12809317849,summit_board,敏峰,,,23.1576187,120.5556123,899,,,,
12468291931,summit_board,敷島山,敷島山,Fudaoshan,24.3891745,121.5243432,2003.96,,,Q31624190,
12468294600,summit_board,文丁山,文丁山,Wendingshan,22.5678959,120.6919378,877.08,,,,
12468292682,summit_board,文峰山,文峰山,Wenfengshan,23.495047,120.6343795,1256,,,,
12804267018,summit_board,文榮山,,,23.2562633,120.520533,650,,,,
12804267008,summit_board,文玉山,,,23.3001207,120.524714,1138,,,,
12468295277,summit_board,文筆山,文筆山,Wenbishan,24.9591997,121.4714686,350,,,Q31619531,
12468294901,summit_board,文迷山,文迷山,Wenmishan,24.2802803,121.5660021,2160.09,,,Q31594251,
12468295120,summit_board,文間山,文間山,Wenjianshan,25.0924159,121.5522737,184,,,,
12468293420,summit_board,斗六山,斗六山,Douliushan,23.2135301,120.5063273,354.18,,,,
12468294102,summit_board,斗六山,斗六山,Douliushan,23.1561335,120.4630053,304,,,,
12468294591,summit_board,斗里斗里山,斗里斗里山,Doulidoulishan,22.6372706,120.8286991,1611.88,,,Q31613713,
12468292256,summit_board,斛南山,斛南山,Hunanshan,23.3163353,121.2346983,1120,,,,
12468294619,summit_board,斧碗山,斧碗山,FuWan Mountain,24.3324621,121.1636284,3000.14,,,Q31607353,
12468293590,summit_board,斧頭坑山,斧頭坑山,Futoukengshan,24.5575241,120.7363132,168.00,,,,
12468294528,summit_board,斯拉巴庫山,斯拉巴庫山,Silabakushan,23.1794446,120.8476151,2756.80,,,Q31597420,
12468294880,summit_board,新仙山,新仙山,Xinxianshan,23.3208223,121.1175059,3127.00,,,Q31615001,
12468293678,summit_board,新具庄山,新具庄山,Xinjuzhuangshan,24.7160892,121.0712608,268.51,,,Q31392037,
12468293115,summit_board,新北投山,新北投山,Mt. Xinbeitou,25.1408918,121.5193898,243.00,,,,
12468294115,summit_board,新厝山,新厝山,Xincuoshan,23.6894474,120.618169,200.02,,,Q31391903,
12475239694,summit_board,新厝山,,,25.0573994,121.9194833,58,,,,
12468294776,summit_board,新吞山,新吞山,Xintunshan,23.3684171,121.2974399,873.92,,,Q31602945,
12468293108,summit_board,新圳頭山,新圳頭山,Xinzhentoushan,25.1383055,121.5813074,550.00,,,,
12468294942,summit_board,新城山,新城山,Xinchengshan,24.1322642,121.6036154,1440.42,,,,
12468293084,summit_board,新埤山,新埤山,Xinpishan,25.0136141,121.5723784,175.00,,,,
12492282553,summit_board,新威山,,,22.9148946,120.6234849,270,,,,
12468293723,summit_board,新寮山,新寮山,Xinliaoshan,25.06387,121.4050384,245.96,,,,
12468294290,summit_board,新寮山,新寮山,Xinliaoshan,23.1589649,120.5358028,431.00,,,,
12468294858,summit_board,新寮山,新寮山,Xinliaoshan,24.5886024,121.7514333,986.64,,,Q31602959,
12468295263,summit_board,新山,新山,Xinshan,25.1299825,121.6334737,499,,,Q31622861,
12468293834,summit_board,新庄,新庄,Xinzhuang,25.2737997,121.4994615,27.31,,,,
12468295218,summit_board,新康山,新康山,Xinkangshan,23.3165854,121.1276177,3331,,zh:新康山,Q5491134,
12468294903,summit_board,新望嶺,新望嶺,Xinwangling,23.2945478,120.7824201,2481.31,,,Q31602931,
12468293340,summit_board,新柑坪山,新柑坪山,Xinganpingshan,24.8077034,121.2802272,467.00,,,,
12468291595,summit_board,新柑坪碼頭,新柑坪碼頭,Xinganpingmatou,24.808167,121.293213,291,,,,
12468292590,summit_board,新樂山,新樂山,Xinleshan,24.7282146,121.2476609,,,,,
12468291438,summit_board,新武界山,,,23.9136558,121.0542559,920,,,,
12468294157,summit_board,新武路山,新武路山,Xinwulushan,23.1178666,121.1406247,1210.42,,,,
12468294488,summit_board,新武路山,新武路山,Xinwulushan,23.1203534,121.1379421,1161.86,,,,三等三角點 7510
12468294040,summit_board,新港下山,新港下山,Xingangxiashan,23.113758,121.3721863,189.57,,,,
12468294166,summit_board,新港南溪山,新港南溪山,Xingangnanxishan,23.1165769,121.3398996,764.00,,,,
12468292062,summit_board,新港山,新港山,Xingangshan,23.1178018,121.3217891,1544.29,,,Q31618851,
12468293284,summit_board,新溪洲山,新溪洲山,Xinxizhoushan,24.8159043,121.2575958,475,,,Q31619622,
12468294210,summit_board,新瑞山,新瑞山,Xinruishan,23.5426085,121.4529787,703.47,,,Q31391680,
12468293270,summit_board,新石門山,新石門山,Xinshimenshan,24.5020526,120.8803766,780.00,,,,
12468292973,summit_board,新社山,新社山,Xinsheshan,24.2637353,120.8000937,448,,,Q31618344,
12468294193,summit_board,新社山北峰,新社山北峰,Xinsheshanbeifeng,23.6687215,121.5382494,420.00,,,,
12468294468,summit_board,新素左屈,新素左屈,Xinsuzuoqu,23.3891449,120.8946419,2809.53,,,Q31621692,
12468291957,summit_board,新置山,新置山,Xinzhishan,22.5397532,120.6443064,619.23,,,Q31624775,
12468294445,summit_board,新興山,新興山,Xinxingshan,24.6431379,121.4116634,930.00,,,,
12468293288,summit_board,新路尾山,新路尾山,Xinluweishan,25.0443413,121.8332043,300.00,,,,
12468294243,summit_board,新路山,新路山,Xinlushan,22.2086873,120.7182283,100.00,,,,
12468294874,summit_board,新鄉山,新鄉山,Xinxiangshan,23.6347755,120.8544424,1452.00,,,,
12468293192,summit_board,新開山,新開山,Xinkaishan,22.4041973,120.6284435,124.04,,,,
12468294521,summit_board,新集山,新集山,Xinjishan,23.0143771,120.7776398,1559.81,,,Q31614189,
12468294691,summit_board,新鞋山,新鞋山,Xinxieshan,24.3207817,121.3867738,2890.24,,,Q31608667,
12468293127,summit_board,新高麗坑山,新高麗坑山,Xingaolikengshan,24.9672939,121.5592955,290.00,,,,
12468294080,summit_board,新鳥山,新鳥山,Xinniaoshan,22.8839077,120.3634559,73.90,,,,
12468294688,summit_board,斷岩山,斷岩山,Duanyanshan,24.4102398,121.3749111,1589.32,,,,
12468292347,summit_board,斷稜東山,斷稜東山,Duanlengdongshan,23.5948323,121.1469795,3286,,,Q31623821,
12468292348,summit_board,斷稜西山,斷稜西山,Duanlengxishan,23.5966283,121.1411854,,,,Q31623809,
12468291891,summit_board,方屯山,方屯山,Fangtunshan,22.5506471,120.8035651,2007.49,,,Q31604213,
12468294072,summit_board,方毒坑山,方毒坑山,Fangdukengshan,22.8292866,120.4569995,179.59,,,Q31391718,
12468292899,summit_board,旗子腳山,旗子腳山,Qizijiaoshan,24.9683667,121.672,512,,,Q31616374,
12468292749,summit_board,旗尾山,旗尾山,Qiweishan,22.896698,120.4967328,305,,,,小百岳認證 #072 旗尾山
12468293886,summit_board,旗尾崙,旗尾崙,Qiweilun,25.0653183,121.7159784,388.84,,,,
12468294731,summit_board,旗山,旗山,Qishan,24.6172922,121.499984,1135.47,,,Q31608171,
12468291515,summit_board,旗後山,旗後山,,22.6151814,120.2647086,50,,,,
12492290008,summit_board,旗美山,旗美山,Qimeishan,22.8889966,120.4955041,184.7,,,,
12468294237,summit_board,旗鹽主山,旗鹽主山,Qiyanzhushan,22.6556798,120.7464863,1970.00,,,,
12468291892,summit_board,旗鹽山,旗鹽山,Mt. Qiyan,22.671776,120.7318765,1056.37,,,Q31624659,
12468294573,summit_board,日湯真山,日湯真山,Ritangzhenshan,22.6294483,120.7020536,1702.34,,,,
12468294238,summit_board,日湯真山西南峰,日湯真山西南峰,Ritangzhenshanxinanfeng,22.6197438,120.6855222,650.00,,,,
12468293641,summit_board,旱坑庄,旱坑庄,Hankengzhuang,24.8254639,121.1363804,292.17,,,,
12468293643,summit_board,旱坑頂山,旱坑頂山,Hankengdingshan,24.7988291,121.1361518,227.59,,,,
12468293721,summit_board,旱窩山,旱窩山,Hanwoshan,24.84782,121.0643796,156.50,,,,
12828483107,summit_board,明峰,,,23.3001015,120.5150262,712,,,,
12468292615,summit_board,明德山,明德山,Mingdeshan,23.9180957,121.4828673,1063,,,Q31616445,
9620012331,summit_board,明知山,,,22.7327797,120.3839087,152.1,,,,
12828483116,summit_board,春峰,,,23.2241621,120.5866455,1091,,,,
12468294308,summit_board,普亞女山,普亞女山,Puyanvshan,23.3562301,120.7423974,2020.00,,,,
12468295336,summit_board,普陀山,普陀山,Putuo Mt.,25.019584,121.7381164,450,,,,
12468292649,summit_board,暖壽山,暖壽山,Nuanshoushan,25.0985464,121.7403487,140,,,,
12468291694,summit_board,暗寶劍山,暗寶劍山,Anbaojianshan,24.9272876,121.5800215,678,,,,
12468294851,summit_board,暗影山,暗影山,Anyingshan,24.1379818,120.8178445,997.22,,,,小百岳認證 #044 暗影山
12468294649,summit_board,曉星山,曉星山,Xiaoxingshan,24.2736909,121.6151606,2645.49,,,Q31603399,
12468294464,summit_board,曲積山,曲積山,Qujishan,23.2436278,120.7169615,1409.77,,,Q31609754,
12468294931,summit_board,更孟山,更孟山,Gengmengshan,24.2241153,121.2302572,2531.64,,,Q31612136,
12468293076,summit_board,更寮腳山,更寮腳山,Gengliaojiaoshan,25.0304586,121.62986,180.00,,,,
12468294082,summit_board,月光山,月光山,Yueguangshan,22.9348496,120.5448696,649.76,,,Q31593276,
12468292175,summit_board,月扇湖山,月扇湖山主峰(無基石),Yueshanhushan,24.9593886,121.6588416,,,,,
12468291816,summit_board,月眉山,月眉山,Yuemeishan,25.1202394,121.7734976,217.36,,,Q31391372,
12468295001,summit_board,月眉山,月眉山,Yuemeishan,23.8254849,121.5520383,614.49,,,,小百岳認證 #090 月眉山
13319330912,summit_board,月眉山,月眉山,Yuemeishan,25.1205826,121.7733622,217.36,,,Q31391372,
12468294121,summit_board,有公嶺,有公嶺,Yougongling,23.983885,120.6275224,173.28,,,,
12468294645,summit_board,有勝山,有勝山,Youshengshan,24.0732428,121.0633651,2104.83,,,Q31593096,
10016552163,summit_board,有虎山,,,22.7253512,120.3832058,127.1,,,,
12468294572,summit_board,朗吾呂山,朗吾呂山,Langwulvshan,22.7678639,120.8357663,1610.10,,,,
12468295103,summit_board,朗土府山,朗土府山,Langtufushan,24.0413846,121.1540598,1762,,,,
12468293057,summit_board,望古山,望古山,Wanggushan,25.0572043,121.7635157,596,,,Q31617465,
12468294923,summit_board,望台山,望台山,Wangtaishan,23.9433201,121.3293496,2906.59,,,Q31616639,
12468292349,summit_board,望崖山,望崖山,Wangyashan,23.6009393,121.1283329,3301,,,Q31623566,
12468294777,summit_board,望東山,望東山,Wangdongshan,23.6293391,121.5167854,439.42,,,Q31391395,
12468293961,summit_board,望洋山,望洋山,Wangyangshan,24.5104891,121.6162893,2050.33,,,Q31617229,
12468292336,summit_board,望湖山,望湖山,Wanghushan,24.9768004,121.3687201,350,,,,
12468293933,summit_board,望美山,望美山,Wangmeishan,23.5910888,120.8729436,1426.89,,,Q31613821,
12468295194,summit_board,望鄉山,望鄉山,Wangxiangshan,23.5940298,120.9443968,3007,,,,
12468294109,summit_board,望頭山,望頭山,Wangtoushan,22.9972635,120.6620489,569.05,,,Q31620852,
12468294659,summit_board,朝暾山,朝暾山,Chaotunshan,24.2435568,121.5320481,2249.31,,,Q31606593,
12468294747,summit_board,木瓜南山,木瓜南山,Muguananshan,23.8860797,121.4399319,2167.94,,,Q31599856,
12468295002,summit_board,木瓜山,木瓜山,Muguashan,23.9131873,121.4451526,2426.82,,,Q31600163,
12468294493,summit_board,本古山,本古山,Bengushan,23.0911916,121.1380869,1561.73,,,Q31598723,
12468291781,summit_board,本鄉山,本鄉山,Benxiangshan,23.611404,121.0857309,3447,,,Q31623528,
12468291560,summit_board,本鄉山西峰,本鄉山西峰,Benxiangshanxifeng,23.6129142,121.064726,,,,Q31623659,
12468292690,summit_board,李子園山,李子園山,Liziyuanshan,23.2810509,120.521994,972,,,,
12468295325,summit_board,李棟山,李棟山,Lidong Shan,24.692658,121.3036392,1914,,,,小百岳認證 #028 李棟山
12468292644,summit_board,李茂岸山,李茂岸山,Limaoanshan,24.7574657,121.5227392,1132,,,,
12468293632,summit_board,杏反岡庄,杏反岡庄,Xingfangangzhuang,24.8059326,121.1722629,270.36,,,,
12468292628,summit_board,杏林山,杏林山,Mt. Xinglin,25.1552471,121.5916345,802.00,,,,
12468294662,summit_board,杜鉾山,杜鉾山,Dumoushan,24.1481534,121.3865549,2103.36,,,Q31594989,
12468294950,summit_board,杜鴉原山,杜鴉原山,Duyayuanshan,22.4792519,120.8500262,1236.95,,,Q31594637,
12468293008,summit_board,杜鵑嶺,杜鵑嶺,Dujuanling,24.5088418,121.0063981,2113,,,,
12468292589,summit_board,東丘斯山,東丘斯山,Dongqiusishan,24.5915263,121.4031794,2176,,,Q31607795,
12468294375,summit_board,東中嵙山,東中嵙山,Dongzhongkeshan,24.2538709,120.8699814,634.41,,,,
12468294514,summit_board,東來山,東來山,Donglaishan,23.0219326,120.8140666,1846.96,,,,
12468291940,summit_board,東保津寒山,東保津寒山,Dongbaojinhanshan,24.5682616,121.4034353,1962.37,,,Q31608063,
12468293242,summit_board,東光山,東光山,Dongguangshan,25.1350234,121.7698565,123.00,,,Q31392220,
12468293788,summit_board,東內平林山,,,25.0317314,121.831251,122,,,,
12468292213,summit_board,東八仙山,東八仙山,Dongbaxianshan,24.1607409,121.0272411,2432,,,Q31611863,
12468293824,summit_board,東勢中股山,東勢中股山,Dongshizhonggushan,25.1240179,121.6895068,254.03,,,,
12468292513,summit_board,東勢坑山,東勢坑山,Dongshikengshan,25.0765323,121.7431125,,,,,
12468294345,summit_board,東勢坑山,東勢坑山,Dongshikengshan,23.8498592,120.7607746,380.00,,,,
12468291742,summit_board,東勢大崙,東勢大崙,Dongshidalun,25.0696039,121.7454491,454,,,Q31622571,
12468292383,summit_board,東勢山,東勢山,Dongshishan,24.2793031,120.8488924,520,,,,
12468293741,summit_board,東勢庄,東勢庄,Dongshizhuang,24.9468622,121.1494723,137.71,,,,
12468293867,summit_board,東勢格山,東勢格山,Dongshigeshan,25.0087845,121.747785,375.10,,,Q31622618,
12828483119,summit_board,東勢湖山,,,23.2278743,120.6389539,695,,,,
12468292278,summit_board,東南山,東南山,Dongnanshan,25.0047335,121.6056796,135,,,,
12468295209,summit_board,東卯山,東卯山,Dongmaoshan,24.1858167,120.9578667,1691,,,Q31594813,
12468293846,summit_board,東坑山,東坑山,Dongkengshan,24.9304314,121.7525848,775.20,,,,
12468293271,summit_board,東坑山南峰,東坑山南峰,Dongkengshannanfeng,24.4729754,120.876211,530.00,,,,
12468291936,summit_board,東埔山,東埔山,Dongpushan,23.4998661,120.8961259,2782,,,Q31594798,
12468292500,summit_board,東壘山,東壘山,Dongleishan,24.6036303,121.5319488,,,,,
12468294474,summit_board,東小南山,東小南山,Dongxiaonanshan,23.4390257,120.9634024,3711.19,,zh:東小南山,Q16929008,
12468293756,summit_board,東小坪頂山,東小坪頂山,Dongxiaopingdingshan,25.1548824,121.4748886,258.05,,,,
12468295125,summit_board,東岬山,東岬山,Dongjiashan,23.9788252,121.1369898,1136,,,,
12468292948,summit_board,東峰,東峰,Dongfeng,22.7332574,120.3085404,57,,,,
12468294085,summit_board,東崗山,東崗山,Donggangshan,22.8288964,120.3819403,82.68,,,,
12468294487,summit_board,東崙天山,東崙天山,Dongluntianshan,23.1918422,121.1950048,1335.92,,,Q31594828,
12468294182,summit_board,東崙天山前峰,東崙天山前峰,Dongluntianshanqianfeng,23.1751858,121.1991071,1010.00,,,,
12468292429,summit_board,東巒大山,東巒大山,Dongluandashan,23.6486863,121.0813709,3468,,,Q31594843,
12468291509,summit_board,東巷山,,,24.6218948,121.5552686,573,,,,
12468294692,summit_board,東捫岡,東捫岡,Dongmengang,24.242653,121.283876,2677.96,,,,
12468291716,summit_board,東明山,東明山,Dongmingshan,25.1263625,121.4333389,332,,,,
12468294191,summit_board,東月眉山,東月眉山,Dongyuemeishan,23.8459257,121.5766731,530.00,,,Q31391399,
12468292616,summit_board,東木瓜山,東木瓜山,Dongmuguashan,23.9155117,121.4581483,2015,,,Q31616454,
12468292451,summit_board,東柑腳山,東柑腳山,Dongganjiaoshan,24.9884724,121.8206192,556,,,Q31611412,
12468292598,summit_board,東模故山,東模故山,Dongmogushan,24.7393563,121.5578026,,,,,
2482542468,summit_board,東水山,東水山,Dongshuishan,23.4715677,120.8255691,2610.51,,,Q31597488,
12468291844,summit_board,東泰野寒山,東泰野寒山,Dongtaiyehanshan,24.5865434,121.3401744,2111.42,,,,
12468294618,summit_board,東洗水山,東洗水山,Dongxishuishan,24.4466972,121.0247789,2247.54,,,Q31594904,
12468293725,summit_board,東湖山,東湖山,Donghushan,25.0681182,121.3896829,248.19,,,,
12386572582,summit_board,東澳嶺西南峰,,,24.5306084,121.8443341,518,,,,
12468294052,summit_board,東烏漏山,東烏漏山,Dongwuloushan,23.5287557,121.3916191,183.91,,,,
12468291863,summit_board,東照山,東照山,Dongzhaoshan,23.8087257,120.8105966,451.28,,,Q31617794,
12468291520,summit_board,東牛稠尾山,,,25.0942466,121.6130988,115,,,,
12468292937,summit_board,東獅頭山,東獅頭山,Dongshitoushan,24.7436696,121.1966622,463,,,,
12468292890,summit_board,東畚箕窩山,東畚箕窩山,Dongbenjiwoshan,24.8000519,121.2182831,483,,,,
12468292766,summit_board,東白石山,東白石山,Dongbaishishan,23.9067211,121.2846271,3082,,,Q31616737,
12468291911,summit_board,東眼山,東眼山,Dongyanshan,24.8251281,121.4174594,1213,,,,小百岳認證 #022 東眼山
12468292655,summit_board,東砲台山,東砲台山,Dongpaotaishan,25.1587093,121.7717961,,,,,
12468294671,summit_board,東穗山,東穗山,Dongsuishan,24.3788433,121.4864053,2764.70,,,Q31608712,
12468294717,summit_board,東穗山,東穗山,Dongsuishan,24.6536582,121.2669037,1724.80,,,Q31607839,
12468293445,summit_board,東笨潭山,東笨潭山,Dongbentanshan,23.1849354,120.4041786,149.06,,,,
12468293501,summit_board,東胡山,東胡山,Donghushan,23.8654803,120.7256248,349.67,,,Q31391408,
12468291904,summit_board,東舞樂山,東舞樂山,Dongwuleshan,23.2220799,121.1304032,2574,,,Q31613224,
12468291650,summit_board,東舞樂山東北峰,東舞樂山東北峰,Dongwuleshandongbeifeng,23.2285255,121.1339913,2510,,,,
12468294864,summit_board,東草山,東草山,Dongcaoshan,23.4337561,120.7572631,1765.53,,,,
12468295156,summit_board,東華山,東華山,Mt. Donghua,25.122481,121.5040611,42,,,,
12468293932,summit_board,東蕃里山,東蕃里山,Dongfanlishan,23.036081,120.7935322,1158.24,,,,
12468292825,summit_board,東藤枝山,東藤枝山,Dongtengzhishan,23.0750218,120.7654474,1804,,,,
12468294033,summit_board,東虷子崙,東虷子崙,Donghanzilun,22.5381584,120.966863,160.15,,,,
12468295348,summit_board,東郡大山,東郡大山,Dongjudashan,23.6267265,121.0920826,3619.42,,zh:東郡大山,Q5295951,
12468294036,summit_board,東都南崗山,東都南崗山,Dongdounangangshan,22.86588,121.1837577,420.01,,,,
12468293557,summit_board,東金面山,東金面山,Dongjinmianshan,24.8528151,121.7903621,251.44,,,,
12468295028,summit_board,東關刀山,東關刀山,Dongguandaoshan,24.0024826,121.023452,1244,,,,
12468292971,summit_board,東阿玉山,東阿玉山,Dongayushan,24.7862744,121.6317939,1007,,,Q31616325,
12468294277,summit_board,東阿里關山,東阿里關山,Dongaliguanshan,23.13219,120.6205601,400.00,,,Q31609805,
12468294611,summit_board,東陽山,東陽山,Dongyangshan,24.4121603,121.1050021,2209.79,,,Q31607341,
12468292222,summit_board,東麓山,東麓山,Donglushan,24.8524164,121.419891,745,,,Q31619391,總督府圖根點
12468292316,summit_board,東麻竹湖山,東麻竹湖山,Dongmazhuhushan,23.167646,120.5484265,639,,,,
12468294519,summit_board,東龜山,東龜山,Dongguishan,23.0129288,120.6846685,853.92,,,Q31610427,
12468294946,summit_board,杵望山,杵望山,Chuwangshan,24.2949278,121.6879308,1549.34,,,Q31604430,
12468293654,summit_board,杵楨杆山,杵楨杆山,Chuzhenganshan,24.7118213,121.1495289,345.00,,,,
12468295191,summit_board,松子嶺(三等),,,24.0119,120.6040667,253,,,,
12468294989,summit_board,松子腳山,松子腳山,Songzijiaoshan,23.5358112,120.4807604,145.53,,,Q31392287,
12468294586,summit_board,松山,松山,Songshan,22.6908215,120.8189192,2061.89,,,Q31613553,
12468294785,summit_board,松山,松山,Songshan,23.5624341,120.8207671,2556.96,,,Q31597270,
12468292297,summit_board,松柏坑山,松柏坑山,Songbaikengshan,23.8209955,120.6419911,430,,,,小百岳認證 #051 松柏坑山
12468293882,summit_board,松柏崎山,松柏崎山,Songboqishan,25.0248867,121.6821917,436.89,,,Q31622547,
13319330911,summit_board,松柏崎山,松柏崎山,Songboqishan,25.0246239,121.6822529,436.89,,,Q31622547,
12468294356,summit_board,松柏嶺,松柏嶺,Songbailing,23.7907404,120.9049956,503.00,,,,
12468293034,summit_board,松蘿山,松蘿山,Songluoshan,24.6713167,121.5938,348,,,Q31617144,
12468294328,summit_board,松風山,松風山,Songfengshan,24.0922949,121.0295577,835.00,,,Q31612110,
12468292688,summit_board,枇杷城山,枇杷城山,Pipachengshan,23.9548753,120.9929897,,,,,
12468292471,summit_board,枋壁頂山,枋壁頂山,Fangbidingshan,24.3017712,120.755251,,,,,
12468294074,summit_board,枋寮山,枋寮山,Fangliaoshan,23.014379,120.5948078,532.67,,,,
12468293381,summit_board,枋山,枋山,Fangshan,22.2753673,120.6612631,416.40,,,Q31604226,
12468291543,summit_board,枋山坑山,枋山坑山,Fangshankengshan,24.9867453,121.7754905,675,,,Q31611400,
12468291447,summit_board,枋野具山,,,22.2770759,120.7017191,,,,,
12468291666,summit_board,枕頭山,枕頭山,Zhentoushan,24.7683893,121.7215339,70.96,,,,
12468291683,summit_board,枕頭山,枕頭山,Zhentoushan,24.8008652,120.9788805,55,,,,
12468293536,summit_board,枕頭山,枕頭山,Zhentoushan,24.3342805,120.7660841,400.66,,,,
12468294850,summit_board,枕頭山,枕頭山,Zhentoushan,24.8117689,121.3336906,630.98,,,Q31606409,
12468295256,summit_board,枕頭山,枕頭山,Zhentoushan,23.3282644,120.4870806,650,,,,
12468293337,summit_board,枕頭山西峰,枕頭山西峰,Zhentoushanxifeng,24.8098699,121.3198406,560.00,,,,
12468293493,summit_board,林內山,林內山,Linneishan,23.7529513,120.6172861,166.91,,,,
12468293973,summit_board,林內山,林內山,Linneishan,22.6675978,120.3274213,36.86,,en:林內山 (三民區),,
12468293145,summit_board,林子口山,林子口山,Linzikoushan,25.0957882,121.5373733,94.00,,,,
12468293116,summit_board,林子山,林子山,Linzishan,25.0954211,121.5340206,59.00,,,,
12468292807,summit_board,林專山,林專山,Linzhuanshan,24.4205905,121.2250382,3053,,,Q31607508,
12468293558,summit_board,林尾山,林尾山,Linweishan,24.8201806,121.7429088,183.27,,,,
12468294715,summit_board,林望眼山,林望眼山,Linwangyanshan,24.7811901,121.492347,743.91,,,Q31619264,
12171109609,summit_board,林榮,,,23.7238738,121.3921911,410,,,,
12468293924,summit_board,林牛山,林牛山,Linniushan,24.2246814,120.7374572,464.06,,,Q31607277,
12468293975,summit_board,林田山,林田山,Lintianshan,23.7886577,121.392315,1976.58,,,Q31601372,
12468293429,summit_board,果毅後山,果毅後山,Guoyihoushan,23.2541085,120.383189,76.26,,,,
12468293908,summit_board,柑仔坑山,柑仔坑山,Ganzaikengshan,24.9945822,121.5778703,131.33,,,Q31392062,
12468294300,summit_board,柑仔宅尾山,柑仔宅尾山,Ganzaizhaiweishan,23.4721452,120.6530749,788.00,,,,
12503850151,summit_board,柑仔林山,,,23.9907551,120.8313365,808,,,,
12468291607,summit_board,柑坪山,柑坪山,Ganpingshan,24.8066045,121.2757977,524.6,,,,
12468294112,summit_board,柑子湖山,柑子湖山,Ganzihushan,23.411765,120.5665556,459,,,Q31619723,
12468294818,summit_board,柑子頭山,柑子頭山,Ganzitoushan,24.4842138,121.7509899,1256.23,,,,
12468291764,summit_board,柑腳坑山,,,24.9404032,121.761373,750,,,,
12468293779,summit_board,柑腳城山,柑腳城山,Ganjiaochengshan,25.0071481,121.7995917,347,,,,
12468292024,summit_board,柑腳山,柑腳山,Ganjiaoshan,24.9892162,121.8061515,611,,,Q31602391,台語：支點尖
12468293894,summit_board,柯子林山,柯子林山,Kezilinshan,25.1199654,121.6200912,382.33,,,,
12468291784,summit_board,柴埕尖,柴埕尖,Chaichengjian,24.9686197,121.5081675,190,,,,
2609384667,summit_board,柴山主稜三角點,,,22.6473528,120.2631366,345,,,,
12468294125,summit_board,柴梳山,柴梳山,Chaishushan,24.7931408,121.0197879,67.53,,,,
12468293138,summit_board,柿子山,柿子山,Shizishan,25.0869162,121.617366,101.00,,,Q31392367,
12468291978,summit_board,校栗林山,校栗林山,Xiaolilinshan,24.0646987,120.9153999,550.00,,,,
12468293540,summit_board,校粟東山,校粟東山,Xiaosudongshan,24.3489442,120.8348644,405.15,,,,
12802338751,summit_board,格子坑山,,,23.2130071,120.4906591,278,,,,
12468292821,summit_board,桂子山,桂子山,Guizishan,22.977837,120.2027311,25,,,,
12468294397,summit_board,桂林坑山,桂林坑山,Guilinkengshan,24.3431075,120.8671383,510.00,,,,
12468295217,summit_board,桃山,桃山,Taoshan,24.4326327,121.3049212,3325,,,Q7684240,
12468292180,summit_board,桃山頂,桃山頂,Taoshanding,24.6016258,121.1094891,749,,,,
12468294554,summit_board,桃林山,桃林山,Taolinshan,22.8989206,120.9413785,1504.81,,,,
12468294269,summit_board,桃源山,桃源山,Taoyuanshan,23.1746196,120.7591807,1170.00,,,,
12468294744,summit_board,桃源山,桃源山,Taoyuanshan,23.9773467,121.413205,1719.18,,,Q31596239,
12468293637,summit_board,桃澗堡,桃澗堡,Taojianbao,24.8409031,121.1932882,302.53,,,,
12468293223,summit_board,桃牛坪山,桃牛坪山,Taoniupingshan,24.5765141,120.9705717,727.00,,,Q31616879,
12468291861,summit_board,桃米坑山,桃米坑山,Taomikengshan,23.951131,120.908272,772.56,,,Q31617893,
12468293215,summit_board,桃米坑山,桃米坑山,Taomikengshan,23.9281546,120.9000005,805.51,,,,
12468294038,summit_board,桐林山,桐林山,Tonglinshan,23.3089049,121.2813348,673.22,,,,
12468291691,summit_board,桐林山(701峰),,,24.0346124,120.7919348,693,,,,
12468292980,summit_board,桑留守山,桑留守山,Sangliushoushan,22.5968187,120.6797762,1042.13,,,,
12468293571,summit_board,桶盤堀尖,桶盤堀尖,Tongpankujian,24.9816842,121.9340495,431,,,,
12468292079,summit_board,桶盤堀尖東峰,桶盤堀尖東峰,Tongpankujiandongfeng,24.9829787,121.9374738,444,,,,山字水泥柱
12468293359,summit_board,桶盤山,桶盤山,Tongpanshan,23.5096596,119.5177409,25.33,,,,
12468294309,summit_board,桶頭山,桶頭山,Tongtoushan,23.4051718,120.5795855,605,,,Q31619736,
12468291641,summit_board,梅峰,梅峰,Meifeng,23.1828771,120.56739,1059,,,,
12468292402,summit_board,梅峰西北峰,梅峰西北峰,Meifengxibeifeng,24.1054601,121.174699,,,,,
12468291977,summit_board,梅島山,梅島山,Meidaoshan,24.0636652,120.9272861,523.00,,,,
12468294644,summit_board,梅松山,梅松山,Meisongshan,24.1497107,121.233728,2895.99,,,Q31600330,
12468293063,summit_board,梅竹蹊山,梅竹蹊山,Meizhuqishan,25.0338242,121.8589519,65.00,,,,
12468293111,summit_board,梅花山,梅花山,Meihuashan,25.1259207,121.6018475,642.33,,,,
12468293570,summit_board,梗枋山,梗枋山,Gengfangshan,24.9080956,121.8700351,140,,,Q31391935,
12468293124,summit_board,梘頭山,梘頭山,Jiantoushan,25.0881027,121.5951329,81.00,,,,
12468292947,summit_board,梨子腳山,梨子腳山,Lizijiaoshan,23.567183,120.6080988,1173,,,,小百岳認證 #057 梨子腳山
12468292817,summit_board,梯子板山,梯子板山,Tizibanshan,23.4745833,120.7858333,1859,,,,
12468292003,summit_board,梳妝樓山,梳妝樓山,Shuzhuangloushan,24.9314363,121.768559,888.55,,,Q31611312,
12468291788,summit_board,梳妝頂山,梳妝頂山,Shuzhuangdingshan,24.9254598,121.7693088,930,,,Q31611655,
12468294456,summit_board,梳妝頭山,梳妝頭山,Shuzhuangtoushan,24.9124448,121.7672398,763.00,,,Q31611668,
12468293916,summit_board,棉花嶼山,棉花嶼山,Mianhuayushan,25.4844487,122.1070251,60.92,,,,
12468293512,summit_board,棋盤厝山,棋盤厝山,Qipancuoshan,23.6761486,120.614666,232.70,,,,
12468292065,summit_board,棚幾山,棚幾山,Pengjishan,23.3681681,120.7675686,2264.00,,,Q31621512,
12468291814,summit_board,棚集下山,棚集下山,Pengjixiashan,22.5101789,120.655116,835,,,,省政府圖根補點No.342
12468292836,summit_board,棚集山,棚集山,Pengjishan,22.5080095,120.6575617,899,,,,小百岳認證 #078 棚集山
12468291799,summit_board,森林三角點 補山(05),,,24.1593223,120.9483029,1140,,,,
12468294145,summit_board,森永山,森永山,Senyongshan,22.279304,120.878929,226.00,,,,
12468292596,summit_board,棲蘭山,棲蘭山,Qilanshan,24.6814832,121.5029128,1918,,,Q31605565,
12468293219,summit_board,棲蘭山,棲蘭山,Qilanshan,24.5989375,121.5128457,436.32,,,,
12468294661,summit_board,椎巴宇山,椎巴宇山,Chuibayushan,24.2315146,121.4363228,2272.46,,,Q31604946,
12468292105,summit_board,椎巴宇山東南峰,椎巴宇山東南峰,Chuibayushandongnanfeng,24.1919908,121.4831779,1136,,,,
12468292582,summit_board,楓子林山,楓子林山,Fengzilinshan,25.0027626,121.6439104,,,,Q31622988,
12468294555,summit_board,楓山,楓山,Fengshan,22.8726725,120.9904629,1245.26,,,Q31603964,
12468293728,summit_board,楓樹坑山,楓樹坑山,Fengshukengshan,25.0307621,121.3376999,259.67,,,,
12468293532,summit_board,楓樹龍,楓樹龍,Fengshulong,24.367146,120.7695415,501.06,,,,
12468292738,summit_board,楠子口山北峰,,,24.901805,121.6025523,358,,,,
12740878098,summit_board,楠子口山北峰東北,,,24.9022747,121.6037831,330,,,,
10185756680,summit_board,楠子口山南峰,,,24.891423,121.6082439,469,,,,
12468293455,summit_board,楠子坑山,楠子坑山,Nanzikengshan,22.9387517,120.3730558,121.07,,,,
12468294888,summit_board,楠山,楠山,Nanshan,23.0692219,121.1264534,1621.34,,,Q31601442,
12468294262,summit_board,楠梓仙山,楠梓仙山,Nanzixianshan,23.3373292,120.7795137,1446.00,,,,
12468294842,summit_board,楠殖山,楠殖山,Nanzhishan,22.9913395,121.2589707,213.36,,,Q31391931,
12468293859,summit_board,楣子寮山,楣子寮山,Meiziliaoshan,24.9711457,121.7656444,599.38,,,,
12468292650,summit_board,楣子瀨,楣子瀨,Meizilai,25.1035064,121.7751519,38,,,,
12468294904,summit_board,榆油山,榆油山,Yuyoushan,23.0082708,120.7225249,1891.20,,,,
12468291848,summit_board,榛山,榛山,Zhenshan,24.4784984,121.1081685,2488.68,,,Q31606464,
12468291503,summit_board,榛山北峰,,,24.4821172,121.1123632,2468,,,,
12468294928,summit_board,榮山,榮山,Rongshan,24.0508892,121.4776832,2383.41,,,Q31611111,
12468294439,summit_board,榮華山,榮華山,Ronghuashan,24.7494696,121.3425359,990.00,,,,
12468293676,summit_board,榴子坑山,榴子坑山,Liuzikengshan,24.7079163,121.0151465,171.77,,,,
12468294341,summit_board,槌仔寮山,槌仔寮山,Chuizailiaoshan,23.905843,120.9050854,880.00,,,,
13013071096,summit_board,槌仔寮山西南,,,23.9015337,120.9009875,865,,,,
12468295090,summit_board,槓子寮山,槓子寮山,Gangziliaoshan,25.1431102,121.775665,172,,,,小百岳認證 #004 槓子寮山
12468294293,summit_board,槓頂山,槓頂山,Gangdingshan,23.0987251,120.5405818,363.74,,,,
12468292659,summit_board,樂佩山,樂佩山,Lepeishan,24.8096288,121.4718395,1560,,,,
12468292854,summit_board,樂利山,樂利山,Lelishan,25.1230611,121.7098713,180公尺,,,,
12468292339,summit_board,樂嘉山,樂嘉山,Lejiashan,23.7587797,121.282692,1967,,,Q31616699,
12468294495,summit_board,樂樂山,樂樂山,Leleshan,23.0746309,121.0456885,2164.44,,,,
13164606157,summit_board,樂樂山,樂樂山,,23.8705775,121.0098304,1800,,,,
12468294305,summit_board,樂野山,樂野山,Leyeshan,23.4826339,120.7059546,1699.00,,,,
12468293131,summit_board,樟山,樟山,Zhangshan,24.978265,121.5769027,183.23,,,,
12468295196,summit_board,樟普寮,樟普寮,Zhangpuliao,23.9275667,120.6347667,424,,,,
12468294034,summit_board,樟桔坑山,樟桔坑山,Zhangjukengshan,24.9174385,121.7335136,880.82,,,Q31615927,
12468292097,summit_board,樟湖山,樟湖山,Zhanghushan,24.9719931,121.5797623,283.56,,,,
12468292998,summit_board,樟湖山,樟湖山,Zhanghushan,23.7393295,120.8173946,1389,,,Q31606686,
12468294117,summit_board,樟湖山,樟湖山,Zhanghushan,23.6155259,120.635427,859,,,Q31609499,三等三角點211號
12468293509,summit_board,樟湖山;圖根點 主(05),樟湖山,,23.9982037,120.8191891,508.24,,,,
12468294844,summit_board,樟空倫山,樟空倫山,Zhangkonglunshan,23.6783143,120.7599011,1519.95,,,Q31613797,
12468291913,summit_board,模故山,模故山,Mogushan,24.7366087,121.5277255,1456.52,,,Q31600231,
12484438868,summit_board,樹林山,,,24.9910991,121.4140112,,,,,
12468293569,summit_board,橋板湖山,橋板湖山,Qiaobanhushan,24.9202422,121.875617,302,,,,
12468291500,summit_board,橫坑子山,,,24.9888715,121.3992559,205,,,,
12468295080,summit_board,橫屏山,橫屏山,Hengpingshan,23.9457527,121.0186556,1521,,,Q31603642,
12468292029,summit_board,橫屏背山,橫屏背山,Hengpingbeishan,24.6154163,121.0270053,779,,,Q31614556,
12468292977,summit_board,橫山,橫山,Hengshan,24.2847857,120.5937514,133,,,Q31391701,
12468293578,summit_board,橫山,橫山,Hengshan,24.9577338,121.8450939,713.61,,,,
12468295197,summit_board,橫山,橫山,Hengshan,23.8892031,120.6315779,443,,,,小百岳認證 #048 橫山
12468294637,summit_board,橫嶺山,橫嶺山,Henglingshan,24.2290435,120.9405897,2024.24,,,Q31603656,
12804267028,summit_board,橫路頂山,,,23.2358839,120.4840998,644,,,,
12468294604,summit_board,橫龍山,橫龍山,Henglongshan,24.4851434,120.9636454,1317.75,,,Q31607130,
12468291914,summit_board,檜山,檜山,Guishan,24.7515277,121.4666003,1436.18,,,Q31602117,
12468294640,summit_board,檜山,檜山,Guishan,24.149948,121.0713336,2572.94,,,Q31601876,
12468294677,summit_board,檜山,檜山,Guishan,24.4569835,121.5505884,2020.84,,,Q31624280,
12468295184,summit_board,檜山,檜山,Guishan,24.5125239,121.2031609,2525,,,Q31602093,
12468294773,summit_board,檜樹山,檜樹山,Guishushan,24.5503402,121.577557,1733.83,,,Q31617218,
12468293513,summit_board,檨子坑山,,,23.698751,120.6288719,230,,,,
12468293967,summit_board,檳榔四格山,檳榔四格山,Binlangsigeshan,22.809951,121.1092598,410.04,,,Q31598875,
12468293406,summit_board,檳榔山,檳榔山,Binglangshan,23.3196103,120.5074094,658,,,,
12468293432,summit_board,檳榔樹崎山,檳榔樹崎山,Binlangshuqishan,23.2727253,120.441385,125.14,,,,
12468292284,summit_board,檳榔樹格山,檳榔樹格山,Binlangshugeshan,22.801559,121.1127473,,,,,
12468291783,summit_board,櫧山,櫧山,Zhushan,23.5907285,121.0821985,3437,,,Q31623784,
12468295175,summit_board,櫻櫻峰,櫻櫻峰,Yingyingfeng,24.1165271,121.2315522,2800,,,Q31593454,
12468293216,summit_board,次郎山,次郎山,Cilangshan,24.1501942,120.9264226,1504.00,,,Q31594576,
12468294268,summit_board,歐帕喀爾山,歐帕喀爾山,Oupakaershan,23.1911345,120.8033758,1170.00,,,,
12468294551,summit_board,歡喜山,歡喜山,Huanxishan,22.8664212,120.8245006,2326.53,,,Q31602761,
9284563486,summit_board,歡喜嶺,,,22.7196931,120.3785218,93.5,,,,
10017831674,summit_board,歡樂嶺,,,22.7252212,120.3834348,121.8,,,,
12468292214,summit_board,武令山主峰,武令山主峰,Wulingshanzhufeng,23.999336,121.1617407,1957,,,,
12468291426,summit_board,武令山基點峰,,,24.0029438,121.1530524,1759,,,,
12468294687,summit_board,武加加難山,武加加難山,Wujiajiananshan,24.3161516,121.2498198,2658.97,,,Q31594191,
7557569071,summit_board,武山,,,22.7260431,120.3786586,156.3,,,,
12468294503,summit_board,武武奴留山,武武奴留山,Wuwunuliushan,23.1985242,121.0704654,2406.31,,,,
12468295144,summit_board,武法奈尾山,武法奈尾山,Wufanaiweishan,24.2096721,121.2852485,2987,,,Q31611099,
12468292721,summit_board,武浪洋山,武浪洋山,Wulangyangshan,24.082848,121.2406603,2117,,,Q31593985,
12805901059,summit_board,武潭,,,22.5694364,120.6288911,145,,,,
12468294239,summit_board,武潭山,武潭山,Wutanshan,22.5611657,120.6451306,480.00,,,,
12468295079,summit_board,武界山,武界山,Wujieshan,23.9322823,121.029386,1509,,,,
12468291404,summit_board,武罕莊,,,24.6598854,121.7908034,3,,,,
12468294679,summit_board,武那志山,武那志山,Wunazhishan,24.3178063,121.5699167,1942.15,,,Q31593801,
12468294742,summit_board,武陵山,武陵山,Wulingshan,23.9735615,121.3457497,2523.52,,,Q31593955,
12468291776,summit_board,殖產局補點 佐(07),,,24.7347784,121.1473484,320,,,,
12468293985,summit_board,殺蛇山,殺蛇山,Shasheshan,22.0658261,121.5330565,498.20,,,Q31597923,
12468294061,summit_board,母亞間,母亞間,Muyajian,23.2283219,121.2587955,447.23,,,,
12468293212,summit_board,母安山,母安山,Muanshan,24.0332149,121.1816962,1528.00,,,,
12468294769,summit_board,母安山,母安山,Muanshan,24.0290528,121.1823403,1474.51,,,,
12468291417,summit_board,母安山西,,,24.0296224,121.1767357,1248.68,,,,
12468291591,summit_board,比來山,比來山,Bilaishan,24.6658574,121.1390722,862,,,,
12468293277,summit_board,比來山西南峰,比來山西南峰,Bilaishanxinanfeng,24.6582925,121.1278411,380.00,,,,
12468291853,summit_board,比壽潭山,比壽潭山,Bishoutanshan,24.2389819,121.1422625,2484.95,,,Q31612084,
12468294655,summit_board,比林山,比林山,Bilinshan,24.2800335,121.5380938,2380.71,,,Q31598634,
12468295266,summit_board,比林山,比林山,Bilinshan,24.5410849,121.0807028,1811,,,Q31598621,
12468294429,summit_board,比林山東北峰,比林山東北峰,Bilinshandongbeifeng,24.5546005,121.0940841,1300.00,,,,
12468294335,summit_board,比雅安山,比雅安山,Biyaanshan,23.8129176,120.9971515,960.00,,,,
12692186181,summit_board,比麟山,比麟山,Bilinshan,24.7015221,121.2410534,1173,,,,
12468293323,summit_board,毬子山,毬子山,Qiuzishan,24.6851912,121.1223745,663,,,Q31614530,
12468292239,summit_board,民眾坪山,民眾坪山,Minzhongpingshan,23.6778567,120.7625234,1536,,,,
12828483114,summit_board,水井山,,,23.2131611,120.5780545,957,,,,
12468293414,summit_board,水仔尾山,水仔尾山,Shuizaiweishan,23.4267271,120.5022683,127.33,,,Q31391878,
12468292353,summit_board,水圳口,水圳口,Shuizhenkou,25.2312211,121.5908495,263,,,,
12468295267,summit_board,水坑廣山,水坑廣山,Shuikengguangshan,24.7943539,121.0932262,235.43,,,,
12468291950,summit_board,水子尾,水子尾,Shuiziwei,23.774966,120.7486644,578,,,,
12468294395,summit_board,水寨山,水寨山,Shuizhaishan,24.3381068,120.8794727,530.00,,,,
12468294284,summit_board,水寮山,水寮山,Shuiliaoshan,23.3075559,120.6374569,603.31,,,,
12468293750,summit_board,水尾山,水尾山,Shuiweishan,25.1110405,121.4013212,214.27,,,,
12468293122,summit_board,水尾潭山,水尾潭山,Shuiweitanshan,25.098362,121.6215581,155,,,,
12468293463,summit_board,水山頂山,水山頂山,Shuishandingshan,23.0842341,120.5102842,203,,,,
12468293418,summit_board,水底寮山,水底寮山,Shuidiliaoshan,23.2173428,120.5556036,478.32,,,Q31610467,
12468293468,summit_board,水昌山,水昌山,Shuichangshan,23.0688606,120.4393228,135.85,,,Q31392534,
12468294806,summit_board,水林尾山,水林尾山,Shuilinweishan,23.7216118,121.5252838,549.34,,,,
12804267026,summit_board,水根崙山,,,23.2415531,120.4907053,715,,,,
12468292132,summit_board,水桶寮山,水桶寮山,Shuitongliaoshan,23.6667765,120.7692141,1580,,,,
12468292711,summit_board,水母丁,水母丁,Shuimuding,23.3972569,121.4695531,379,,,Q31620685,
12468294037,summit_board,水母丁南山,水母丁南山,Shuimudingnanshan,23.3906462,121.4628292,459.76,,,,
12468292517,summit_board,水母丁山,水母丁山,Shuimudingshan,23.3801214,121.4506945,780,,,,
12468293695,summit_board,水流東山,水流東山,Shuiliudongshan,24.7042751,120.9725374,161.89,,,,
12468291873,summit_board,水璉尾山,水璉尾山,Shuilianweishan,23.8100267,121.563564,531.19,,,Q31391819,
12468292951,summit_board,水社主峰,水社主峰,Shuishezhufeng,23.8392812,120.972088,2112,,,,
12468292321,summit_board,水社大山,水社大山,Shuishedashan,23.8421906,120.9676889,2059,,,,
12468293784,summit_board,水返港山,水返港山,Shuifangangshan,25.030489,121.9116267,162.51,,,Q31392213,
12468293499,summit_board,水長流下山,水長流下山,Shuizhangliuxiashan,24.060878,120.8610751,660.00,,,,
12468292700,summit_board,水長流山,水長流山,Shuizhangliushan,24.0626075,120.8588362,729,,,Q31621918,
12468293660,summit_board,水頭排山;圖根點 藤(11),水頭排山,,24.6886234,121.1129486,594.65,,,,
12468292968,summit_board,水頭谷,水頭谷,Shuitougu,23.9005013,121.0233519,1593,,,Q34905939,
12468292179,summit_board,水頭谷山東南峰,水頭谷山東南峰,Shuitougushandongnanfeng,23.8944886,121.0411952,1010,,,,
12468294392,summit_board,永安山,永安山,Yonganshan,24.3358249,120.981869,1730.00,,,,
12468291452,summit_board,永安山東南峰,,,24.3243095,120.9876179,1660,,,,
12468294390,summit_board,永安山西北峰,永安山西北峰,Yonganshanxibeifeng,24.3452419,120.9773146,1450.00,,,,
12468292268,summit_board,永定坑山,永定坑山,Yongdingkengshan,25.0061945,121.6997308,238,,,,
12468293698,summit_board,永春亡山,永春亡山,Yongchunwangshan,24.7594499,120.9392929,91.22,,,,
12468293113,summit_board,永春寮山,永春寮山,Yongchunliaoshan,25.1525735,121.5039344,270.00,,,,
12468295163,summit_board,汐止大尖山,汐止大尖山,Xizhidajianshan,25.0512242,121.6680964,459,,,,小百岳認證 #012 汐止大尖山
12468294758,summit_board,江口山,江口山,Jiangkoushan,24.0674276,121.5049023,2065.29,,,Q31611032,
12468292912,summit_board,江坡古,江坡古,Jiangpogu,23.1325611,121.0728972,1550,,,,
12468294808,summit_board,江布南山,江布南山,Jiangbunanshan,23.5063147,121.3465701,655.68,,,Q31606214,
12468293475,summit_board,江西寮山,江西寮山,Jiangxiliaoshan,23.4787593,120.5319109,230.59,,,,
12468291951,summit_board,江西林山,江西林山,Jiangxilinshan,23.7684433,120.686389,250.64,,,Q31392243,
12468295309,summit_board,池有山,池有山,Chryou Shan,24.4313152,121.2881716,3303,,zh:池有山,Q11135731,
12468292960,summit_board,汶水山,汶水山,Wenshuishan,24.4591167,120.87265,,,,,
12468291973,summit_board,沖庫山,沖庫山,Chongkushan,24.520491,120.8880141,612.12,,,,
12468294804,summit_board,沙土山,沙土山,Shatushan,23.6238427,121.4560739,602.94,,,Q31391490,
12468291833,summit_board,沙坑山,沙坑山,Shakengshan,24.740477,121.1463654,398.12,,,Q31614516,
12468294873,summit_board,沙婆礑山,沙婆礑山,Shapodangshan,24.0217156,121.5599686,1120.19,,,,
12468294215,summit_board,沙武巒山,沙武巒山,Shawuluanshan,23.5706145,121.2503239,2875.00,,,Q31623474,
12468293684,summit_board,沙湖壢山,沙湖壢山,Shahulishan,24.7486877,121.0371495,205.26,,,,
12468292473,summit_board,沙蓮山,沙蓮山,Shalianshan,24.2295416,120.935711,1935,,,,
12468294494,summit_board,沛音山,沛音山,Peiyinshan,23.1024401,121.0261731,2118.57,,,,
12468294952,summit_board,河表湖山,河表湖山,Hebiaohushan,23.2369089,120.6713176,1185.39,,,Q31610086,
12468295314,summit_board,油婆蘭山,油婆蘭山,YouPoLan Mountain,24.3222313,121.2052557,3308,,,Q31607469,
12468294911,summit_board,油羅山,油羅山,Youluoshan,24.6319455,121.1843694,1763.56,,,Q31593216,
12468294417,summit_board,油羅山北峰,油羅山北峰,Youluoshanbeifeng,24.6591419,121.1934619,1060,,,,
12468294419,summit_board,油羅山西北峰,油羅山西北峰,Youluoshanxibeifeng,24.6486874,121.1712,1070,,,,
12468295009,summit_board,治茆山,治茆山,Zhimaoshan,23.7446645,120.9810946,2909.06,,,,
12468294558,summit_board,法範山,法範山,Fafanshan,22.896587,121.0360918,1460.06,,,,
12468295208,summit_board,波津加山,波津加山,Bojinjiashan,24.2285308,121.0113966,1772,,,,
12468294669,summit_board,波浪山,波浪山,Bolangshan,24.3098421,121.5183454,2335.37,,,Q31598481,
12468291490,summit_board,波露南山,,,24.7683547,121.5379729,628,,,,
12468294872,summit_board,波露山,波露山,Bolushan,24.7967021,121.5412361,1418,,,Q31598442,
12468294179,summit_board,泥水溪山,泥水溪山,Nishuixishan,23.0635177,121.2132134,455.12,,,Q31599529,
12468293415,summit_board,泰山,泰山,Taishan,23.2853773,120.589372,345.51,,,,
12468292153,summit_board,泰平山,泰平山,Taipingshan,24.6970567,121.3251049,1708,,,Q31596764,
12468294165,summit_board,泰平山,泰平山,Taipingshan,22.9286024,121.1000214,903.00,,,,
12468294158,summit_board,泰源山,泰源山,Taiyuanshan,22.9904959,121.291678,354.00,,,,
12468294606,summit_board,洗水山,洗水山,Xishuishan,24.4345683,120.9577138,1610.12,,,Q31602888,
12468291521,summit_board,洗水山北,,,24.4511674,120.9521105,1280,,,,
12468294134,summit_board,流民窩山,流民窩山,Liuminwoshan,24.7923177,121.1150411,302.29,,,Q31608914,
12468293160,summit_board,海口山,海口山,Haikoushan,24.655307,120.802825,54.00,,,,
12468294509,summit_board,海諾南山,海諾南山,Hainuonanshan,23.1855833,120.9113156,3174.56,,,Q31603740,
12468291488,summit_board,海風山,,,24.2984952,120.6065985,194,,,,
12468292480,summit_board,海鼠山,海鼠山,Haishushan,23.5595179,120.6789807,1311,,,Q31609191,
12468292826,summit_board,海鼠山,海鼠山,Haishushan,24.20355,121.52435,1644,,,Q31615413,
12494297198,summit_board,浸水寮山,,,22.9702831,120.486105,382.3,,,,
12468293301,summit_board,涼山,涼山,Liangshan,22.6893087,120.6400498,180.00,,,,
12819781060,summit_board,淑女峰,,,23.1749715,120.6362342,939,,,,
12468293702,summit_board,深井山,深井山,Shenjingshan,24.7140062,120.9365063,103.67,,,,
12468292416,summit_board,深崛山西南,深崛山西南,Shenjueshanxinan,24.0442031,121.2666027,2795,,,,
12468293884,summit_board,深按頭山,深按頭山,Shenantoushan,25.0232732,121.664001,422,,,Q31622476,
12468292358,summit_board,深澳坑山,深澳坑山,Shenaokengshan,25.1294751,121.7916417,,,,,
12468292601,summit_board,深澳坑砲台山,深澳坑砲台山,Shenaokengpaotaishan,25.1172335,121.7822603,,,,,
12468292009,summit_board,深澳山,深澳山,Shenaoshan,25.130358,121.8055326,169.58,,,Q31391480,
12468291831,summit_board,添福山,添福山,Tianfushan,24.8997305,121.3845183,260.00,,,,
7557564227,summit_board,清心嶺,,,22.7222442,120.3787237,126.0,,,,
12468295150,summit_board,清水坑山,石門山中峰,Qingshuikengshan,24.8123442,121.2324406,510,,,,
12468295293,summit_board,清水大尖山,清水大尖山,Qingshuidajianshan,24.970294,121.470982,273,,,,
12468295231,summit_board,清水大山,清水大山,Qingshuidashan,24.2353393,121.651511,2408,,,Q31605379,
12468294001,summit_board,清水山,清水山,Qingshuishan,22.0616545,121.5609038,174.82,,,Q31391736,
12468294374,summit_board,清水山,清水山,Qingshuishan,23.6464628,120.9640572,3048,,,Q31613833,
12468294774,summit_board,清水山,清水山,Qingshuishan,23.2664494,121.2670311,647.47,,,Q31605392,
12468294816,summit_board,清水山,清水山,Qingshuishan,24.6120763,121.6168668,768.21,,,Q31605366,
12468291553,summit_board,清水山南峰,清水山南峰,Qingshuishannanfeng,23.6395988,120.9673077,,,,Q31613984,
12468294223,summit_board,清水湖山,清水湖山,Qingshuihushan,24.6524117,121.6032801,350.00,,,,
12468294670,summit_board,清花山,清花山,Qinghuashan,24.35812,121.5713972,1984.02,,,Q31624241,
12468291778,summit_board,清風崙,清風崙,Qingfenglun,25.1938614,121.533608,898,,,,
12468292630,summit_board,港仔尾山,港仔尾山,Gangzaiweishan,25.1314407,121.8156317,114,,,,
12468292387,summit_board,港仔尾西峰,港仔尾西峰,Gangzaiweixifeng,25.132459,121.8139232,,,,,
12468294015,summit_board,港口,港口,Gangkou,22.0027605,120.8455899,354.41,,,,
12468291510,summit_board,港口山,港口山,,25.0989057,121.6887218,192,,,,
12468293260,summit_board,湖塘山,湖塘山,Hutangshan,24.5064677,120.9053284,360.00,,,,
12468293100,summit_board,湖山,湖山,Mt. Hu,25.1454051,121.5364725,368.39,,,,
12468293845,summit_board,湖底嶺,湖底嶺,Hudiling,24.8694892,121.7770247,622.73,,,Q31611286,
12468294343,summit_board,湖桶山,湖桶山,Hutongshan,23.8368503,120.8082816,390.00,,,,
12468292689,summit_board,湖西,湖西,Huxi,23.5830934,119.6542455,22,,,,
12468294745,summit_board,湯上岳,湯上岳,Tangshangyue,23.8987682,121.3612334,1589.98,,,Q31616576,
12468292226,summit_board,湯守岩,湯守岩,Tangshou Yan,25.1340519,121.51298,190,,,,
12468293712,summit_board,湳坑山,湳坑山,Nankengshan,24.6375597,120.9088771,145.70,,,,
12468293883,summit_board,湳窟山,湳窟山,Nankushan,24.9983816,121.662457,396,,,Q31623011,
12468294859,summit_board,源頭山,源頭山,Yuantoushan,24.4916073,121.8105143,1013.99,,,Q31593351,
12468293394,summit_board,溝坪,溝坪,Gouping,22.9870187,120.5007738,126.64,,,,
12468294248,summit_board,溪仔口山,溪仔口山,Xizaikoushan,22.0197514,120.8808768,200.00,,,,
12468294983,summit_board,溪南尖,溪南尖,XinanJian,24.9246439,121.3974331,301,,,Q31619200,
13319330909,summit_board,溪南尖,溪南尖,XinanJian,24.9246311,121.3972521,301,,,Q31619200,
12468294516,summit_board,溪南山,溪南山,Xinanshan,23.0933976,120.8050577,2650.08,,,Q31603030,
12468295342,summit_board,溪子口山,溪子口山,Xizikoushan,24.9925321,121.5486595,142.40,,,Q31392059,
12468293848,summit_board,溪尾寮山,溪尾寮山,Xiweiliaoshan,24.9752852,121.8234837,488.70,,,Q31611533,
12468293097,summit_board,溪山里山,溪山里山,Xishanlishan,25.1192736,121.5891072,331,,,,
12468291450,summit_board,溪州大山 (富州大山),,,23.8055004,120.7560001,627.7,,,,
12468293174,summit_board,溪樂格朗山,溪樂格朗山,Xilegelangshan,22.4607294,120.6360188,491,,,,
12468291909,summit_board,溪洲山,溪洲山,Xizhoushan,24.8244791,121.2772554,577,,,,小百岳認證 #023 溪州山
12468292634,summit_board,溪邊寮山,溪邊寮山,Xibianliaoshan,24.980602,121.651469,411,,,,
12468293086,summit_board,溪頭山,溪頭山,Xitoushan,25.0126675,121.582121,200.00,,,,
12468293309,summit_board,溪頭山,溪頭山,Xitoushan,23.681511,120.786347,1200.00,,,,
12488492467,summit_board,溪頭山,溪頭山,Xitoushan,23.2778338,120.9683925,3272,,,Q31621808,
12468294190,summit_board,滑山,滑山,Huashan,23.8581933,121.5808544,405.98,,,Q31391664,
12468293485,summit_board,滴水子山,滴水子山,Dishuizishan,23.7832949,120.788426,463.83,,,,
12468293818,summit_board,滴水山,滴水山,Dishuishan,25.0928525,121.7671049,248.61,,,Q31392215,
12468295255,summit_board,滴水山,滴水山,Dishuishan,23.2596714,120.425591,283,,,Q31391874,
12468293377,summit_board,滿州山,滿州山,Manzhoushan,22.0225823,120.8315105,112.90,,,,
12468292600,summit_board,滿月圓山,滿月圓山,Manyueyuanshan,24.8164638,121.4526868,872,,,,
12468293981,summit_board,漯底山,漯底山,Luodishan,22.7700743,120.2526821,48.26,,zh:漯底山,Q16929088,
12468291721,summit_board,潮音1尖,潮音1尖,Chaoyin1jian,25.1289506,121.4314611,417,,,,
12468291722,summit_board,潮音2尖,潮音2尖,Chaoyin2jian,25.1285537,121.4306735,412,,,,
12468293210,summit_board,澐水山西峰,澐水山西峰,Yunshuishanxifeng,23.3752068,120.5399618,407.00,,,,
12468291928,summit_board,濁水山,濁水山,Zhuoshuishan,24.3454722,121.7554135,936.81,,,Q31624507,
12468291948,summit_board,濁水山,濁水山,Zhuoshuishan,23.843548,120.7158905,408.78,,,Q31605027,
12468294641,summit_board,濁水山,濁水山,Zhuoshuishan,24.1209698,121.0675245,1847.52,,,,
12468294533,summit_board,濁水溪山,濁水溪山,Zhuoshuixishan,23.1995767,120.7774982,1282.26,,,Q31614111,
12468292903,summit_board,濫坑山,濫坑山,Lankengshan,24.6432089,120.8955212,104,,,,
12468292722,summit_board,瀧奧,瀧奧,Longao,24.10403,121.2905924,2645,,,,
12468293365,summit_board,瀧山,瀧山,Longshan,22.5090395,120.9450296,684.00,,,Q31600882,
12468294288,summit_board,灣丘山,灣丘山,Wanqiushan,23.1864226,120.5250112,353.17,,,,
12468293521,summit_board,灣仔口山,灣仔口山,Wanzaikoushan,24.0236626,120.5777658,104.64,,,,
12468295088,summit_board,灣坑頭山,灣坑頭山,Wankengtoushan,24.97456,121.9104238,616,,,,小百岳認證 #082 灣坑頭山
12468293095,summit_board,灣子山,灣子山,Wanzishan,25.0752923,121.593538,108.00,,,,
12468295290,summit_board,灣潭山,灣潭山,Wantanshan,24.944549,121.539071,141,,,Q31392068,
12468293850,summit_board,灣潭竹子山,灣潭竹子山,Wantanzhuzishan,24.9303684,121.7892806,821.72,,,,
12468294339,summit_board,火培坑山,火培坑山,Huopeikengshan,23.9110473,120.8906964,670.00,,,,
12468292043,summit_board,火山,火山,Huoshan,23.8518831,121.1855054,3257.99,,,Q31612731,
12468292328,summit_board,火炎山,火炎山,Huoyanshan,24.37734,120.7301818,596,,,,小百岳認證 #035 火炎山
12468293708,summit_board,火炎山,火炎山,Huoyanshan,24.6577778,120.9491409,185.47,,,Q31392107,
12468293997,summit_board,火炎山,火炎山,Huoyanshan,25.0649127,121.9213888,152.64,,,Q31391647,
12468291544,summit_board,火炎山主峰,火炎山主峰,Huoyanshanzhufeng,24.9174825,121.6659837,,,,,
12468291825,summit_board,火炎山北峰,火炎山北峰,Huoyanshanbeifeng,24.9278113,121.6603795,320.00,,,,
12468293357,summit_board,火炎山東峰,火炎山東峰,Huoyanshandongfeng,24.9198866,121.6725264,520.00,,,,
12468293125,summit_board,火炭坑山,火炭坑山,Huotankengshan,25.0764693,121.6262642,90.00,,,,
11586589589,summit_board,火焰山,,,22.9019491,120.3767126,120,,,,
12468291762,summit_board,火焰山,火焰山,Huoyanshan,24.9464051,121.443847,379,,,Q31619460,
12468292098,summit_board,火燒坪山,火燒坪山,Huoshaopingshan,25.1238183,121.6163273,460,,,,
12468292378,summit_board,火燒寮山,火燒寮山,Huoshaoliaoshan,24.8496882,121.4544041,495,,,,
12468293416,summit_board,火燒寮山,火燒寮山,Huoshaoliaoshan,23.2627845,120.567301,425.71,,,Q31619786,
12468294000,summit_board,火燒寮山,火燒寮山,Huomanliaoshan,24.8868289,121.8348968,310.43,,,Q31611458,
12468291698,summit_board,火燒山,火燒山,Huoshaoshan,25.1711619,121.5045948,895,,,,
12468293362,summit_board,火燒山,火燒山,Huoshaoshan,22.6525753,121.4834566,280.31,,,,
12468293352,summit_board,火燒樟山,火燒樟山,Huoshaozhangshan,24.8847121,121.579689,640.00,,,,
12468291849,summit_board,火石山,火石山,Mt. Huoshi,24.381927,121.1750658,3310,,zh:火石山,Q16627904,
12468293826,summit_board,火號山,火號山,Huohaoshan,25.1459094,121.7435439,133.33,,,Q31392393,
12468293018,summit_board,灰窯坑山,灰窯坑山,Huiyaokengshan,25.0057534,121.5796556,103.00,,,,
12468291540,summit_board,灰窯山,灰窯山,Huiyaoshan,25.027481,121.7689411,,,,,
12468293871,summit_board,炙子頭山,炙子頭山,Zhizitoushan,24.9806784,121.6391516,523.21,,,Q31615654,
12468293074,summit_board,炮子林山,炮子林山,Paozilinshan,24.9822211,121.5788693,60.00,,,,
12468291730,summit_board,烏來前峰,烏來前峰,Wulaiqianfeng,24.8676582,121.5615549,787,,,,
12468291857,summit_board,烏來山,烏來山,Wulaishan,24.101513,120.9116167,1002.56,,,Q31594028,
12468292265,summit_board,烏來山,烏來山,Wulaishan,24.8687109,121.5623603,813,,,Q31616286,
12468294721,summit_board,烏來山,烏來山,Wulaishan,24.6676416,121.3100171,1431.97,,,Q31594014,
12468293765,summit_board,烏土堀山,烏土堀山,Wutukushan,24.9664661,121.6405593,354.95,,,Q31615852,
12468292001,summit_board,烏塗窟山,烏塗窟山,Wutukushan,25.0744605,121.8136811,427.23,,,Q31617563,
12468293996,summit_board,烏塗窟山,烏塗窟山,Wutukushan,24.9093857,121.3229078,282.89,,,Q31392255,
13319330908,summit_board,烏塗窟山,烏塗窟山,Wutukushan,24.9093962,121.3229442,282.89,,,Q31392255,
12468294890,summit_board,烏夫冬山,烏夫冬山,Wufudongshan,23.2486437,120.8380091,1823.31,,,Q31594103,
12468291682,summit_board,烏妹浪胖山,烏妹浪胖山,Wumeilangpangshan,23.5718211,121.1534888,3031,,,Q31623909,
12468294114,summit_board,烏子嶺山,烏子嶺山,Wuzilingshan,23.209509,120.4672383,467,,,,
12468292305,summit_board,烏山,烏山,Wushan,23.0559591,120.530124,729,,,Q31610173,
12468294916,summit_board,烏山,烏山,Wushan,24.6077765,121.4581837,1625.93,,,Q31608186,
12468292666,summit_board,烏山尖,烏山尖,Wushanjian,24.9457081,121.8252363,699,,,,
12468292846,summit_board,烏山頭山,烏山頭山,Wushantoushan,22.939164,120.4260822,,,,,
12468293473,summit_board,烏山頭山,烏山頭山,Wushantoushan,23.1579501,120.44347,213.55,,,Q31391386,
12468292901,summit_board,烏岩角,烏岩角,Wuyanjiao,24.5343773,121.8753409,,,,,
12468291431,summit_board,烏帽子山,,,24.5670864,121.4799869,915,,,,
12468294213,summit_board,烏帽子山,烏帽子山,Wumaozishan,23.2921979,121.376954,1022.53,,,Q31593891,
12468294741,summit_board,烏帽子山,烏帽子山,Wumaozishan,23.9772678,121.4543391,980.65,,,Q31593876,
12468294768,summit_board,烏帽子山,烏帽子山,Wumaozishan,23.8734498,121.2200731,2160.20,,,Q31612783,
12468292561,summit_board,烏心石山,烏心石山,Wuxinshishan,23.4659147,120.6096358,913,,,,
12468294189,summit_board,烏拉力山,烏拉力山,Wulalishan,23.5032597,121.4233018,401.05,,,,
12468292195,summit_board,烏松坑山,烏松坑山,Wusongkengshan,23.6023177,120.8146692,2288,,,Q31593727,
12468292113,summit_board,烏松坑西北峰,烏松坑西北峰,Wusongkengxibeifeng,23.6142133,120.8062836,,,,,
12468294939,summit_board,烏漏山,烏漏山,Wuloushan,23.5223147,121.4158692,464.88,,,,
12468291856,summit_board,烏石坑山,烏石坑山,Wushikengshan,24.2802423,120.9801927,2177.97,,,,
12468292727,summit_board,烏石鼻,烏石鼻,Wushibi,24.4812235,121.8586296,177,,,Q31391829,
12468294029,summit_board,烏石鼻山,烏石鼻山,Wushibishan,23.2372381,121.4042572,159.13,,,,
12468293810,summit_board,烏石鼻頭山,烏石鼻頭山,Wushibitoushan,25.1391339,121.690544,215.77,,,Q31392403,
12468293761,summit_board,烏窟子山,烏窟子山,Wukuzishan,24.9433753,121.7031932,447.79,,,,
12468293661,summit_board,烏蛇山,烏蛇山,Wusheshan,24.6129116,121.0052494,259.37,,,,
12468292337,summit_board,烏達佩山,烏達佩山,Wudapeishan,23.6428144,121.0882772,3331,,,Q31623369,
12468293454,summit_board,烏頭山,烏頭山,Wutoushan,22.9277932,120.4220844,235.32,,,,
12468295024,summit_board,烘爐地山,烘爐地山,Hongludishan,24.8345844,121.6964468,1166.55,,,Q21041647,
12468292931,summit_board,烘爐山,烘爐山,Mt. Honglu,25.1930706,121.513621,656,,,Q31621986,
12468294608,summit_board,無名山,無名山,Wumingshan,24.3667027,121.0359911,2032.09,,,Q31593817,
12468292994,summit_board,無名指峰,無名指峰,Wumingzhifeng,24.6419166,121.1000233,1047,,,,
12468295230,summit_board,無明山,無明山,Wumingshan,24.2553239,121.3846794,3451,,,Q8039235,
12468291575,summit_board,無明山東峰,無明山東峰,Wumingshandongfeng,24.2550862,121.3935783,3170,,,Q31593831,
12468291582,summit_board,無明山西峰,無明山西峰,Wumingshanxifeng,24.2543342,121.3719186,,,,Q31608530,
12468292913,summit_board,無耳茶壺山,無耳茶壺山,Teapot Mountain,25.1063979,121.8659577,599,,,,
12468294331,summit_board,無雙山,無雙山,Wushuangshan,23.5910129,121.0571492,3231.00,,,Q31623981,
12468294658,summit_board,焦土山,焦土山,Jiaotushan,24.173308,121.4257351,1610.05,,,,
12468293249,summit_board,焿寮坪山,焿寮坪山,Gengliaopingshan,24.6457953,121.058232,680.00,,,Q31614826,
12468294421,summit_board,煤源山,煤源山,Meiyuanshan,24.7046332,121.2507823,1311,,,,
12468293740,summit_board,照鏡山,照鏡山,Zhaojingshan,24.8626553,121.1114946,226.86,,,Q31391860,
12468293732,summit_board,照鏡排,照鏡排,Zhaojingpai,24.850104,121.1134917,146.14,,,,
12468294387,summit_board,熊佧山,熊佧山,Xiongkashan,24.4197135,120.9376499,1038.00,,,,
12468294854,summit_board,熊空南山,熊空南山,Xiongkongnanshan,24.8311266,121.4577821,908.19,,,Q31619213,
12468294853,summit_board,熊空山,熊空山,Xiongkongshan,24.8684541,121.458682,972.44,,,Q31602846,
12468294187,summit_board,熨斗山,熨斗山,Yundoushan,23.4914714,121.434321,210.00,,,,
12819781066,summit_board,燈火尖山,,,23.1177385,120.5884185,701,,,,
12468293446,summit_board,燒灰山,燒灰山,Shaohuishan,23.1706425,120.4114892,176.13,,,Q31391484,
12468293591,summit_board,營頭頂,營頭頂,Yingtouding,24.5616399,120.8065401,119.33,,,,
12468293276,summit_board,燥坑山,燥坑山,Zaokengshan,24.7651363,121.098263,180.00,,,,
12468295239,summit_board,燦光寮山,燦光寮山,Canguangliaoshan,25.0930005,121.8656081,739,,,Q31595428,
12468294094,summit_board,爐芝潭山,爐芝潭山,Luzhitanshan,23.194505,120.5081558,264.16,,,,
12468291413,summit_board,爵巴里,,,22.4742969,120.8721505,690,,,,
12468293605,summit_board,片山,片山,Pianshan,24.5671943,120.8673526,138.50,,,Q31392139,
12468293343,summit_board,牌子山,牌子山,Paizishan,24.82047,121.3659077,835.00,,,,
12468293801,summit_board,牛埔尾山,牛埔尾山,,24.9855272,121.4076441,162,,,,
12468292648,summit_board,牛埔山,牛埔山,,24.9785972,121.3942672,227,,,Q31392277,
12468293595,summit_board,牛埔山,牛埔山,Niupushan,24.5778675,120.7368533,90.23,,,,
12468294097,summit_board,牛埔山,牛埔山,Niupushan,23.0844728,120.4950354,165.35,,,Q31391526,
12468294126,summit_board,牛埔山,牛埔山,Niupushan,24.7856535,120.9439107,99.30,,,,
12468295292,summit_board,牛埔頭山,牛埔頭山,Niuputoushan,24.967613,121.479351,277,,,,
12468293363,summit_board,牛子山,牛子山,Niuzishan,22.6715406,121.4859355,182.26,,,,
12468293616,summit_board,牛尿坂山,牛尿坂山,Niuniaobanshan,24.4799786,120.6917928,76.90,,,,
12468291598,summit_board,牛山,牛山,Niushan,23.4808726,120.6667592,1239.13,,,,
12468293462,summit_board,牛崁嶺,牛崁嶺,Niukanling,23.0637076,120.5093962,277.38,,,,
12468293831,summit_board,牛崇埔;圖根點 伊(10),牛崇埔,,25.253651,121.5216944,180.73,,,,
12468294083,summit_board,牛息山,牛息山,Niuxishan,22.9274953,120.3795011,133.31,,,Q31391513,
12468292233,summit_board,牛欄坑山,牛欄坑山,Niulankengshan,24.6878622,121.2731328,1460,,,,
12468291707,summit_board,牛欄窩山,牛欄窩山,Niulanwoshan,24.7656224,121.1271305,463,,,Q31608964,
12468293751,summit_board,牛港稜山,牛港稜山,Niuganglengshan,25.1305113,121.4150981,469,,,Q31624104,
13319330907,summit_board,牛港稜山,牛港稜山,Niuganglengshan,25.1305175,121.4151049,469,,,Q31624104,
12468292767,summit_board,牛灶坑山,牛灶坑山,,24.9645689,121.3649514,243,,,Q31392261,
12468293951,summit_board,牛牡嶺;三等三角點 內補268,牛牡嶺,Niumuling,23.07498,120.4023183,161.33,,,Q31392522,
12468293957,summit_board,牛牯嶺,牛牯嶺,Niuguling,24.8806383,120.9675978,116.03,,,Q31391711,
12468294120,summit_board,牛牯嶺,牛牯嶺,Niuguling,23.8824742,120.6610224,284.04,,,,
12468293353,summit_board,牛皮烘山,牛皮烘山,Niupihongshan,24.9009306,121.5803703,512.00,,,,
12468294993,summit_board,牛相山,牛相山,Niuxiangshan,23.9652114,120.9289907,591.22,,,,
12468291603,summit_board,牛稠埔,牛稠埔,Niuchoupu,23.4065569,120.4819563,201.05,,,,
12468293143,summit_board,牛稠尾山,牛稠尾山,Niuchouweishan,25.0946222,121.6099947,141.00,,,,
12468292260,summit_board,牛稠湖山,牛稠湖山,Niuchouhushan,25.0922193,121.6047991,126,,,,
12468291610,summit_board,牛舌仔,牛舌仔,Niushezai,23.246137,120.5661186,405,,,,
12468291611,summit_board,牛舌埔,牛舌埔,Niushepu,23.321871,120.5738459,502,,,,
12468293597,summit_board,牛蘭窩山,牛蘭窩山,Niulanwoshan,24.5440106,120.7384042,139.66,,,,
12468291508,summit_board,牛衝鬪山,,,24.6371514,121.5640736,352,,,,
12468293345,summit_board,牛角尖,牛角尖,,24.8843412,121.4298017,704,,,,
12468292592,summit_board,牛角山,牛角山,Niujiaoshan,24.7803326,121.3469546,945,,,,
12468293003,summit_board,牛轀轆,牛轀轆,Niuwenlu,23.7769167,120.8491833,759,,,Q49752961,
12468294076,summit_board,牛長山,牛長山,Niuzhangshan,22.9871187,120.3171647,84.76,,,Q31391804,
12468294224,summit_board,牛鬥山,牛鬥山,Niudoushan,24.6383773,121.5936252,426.00,,,Q31617169,
12468291820,summit_board,牛鬥山東南峰,牛鬥山東南峰,Niudoushandongnanfeng,24.636244,121.597776,338,,,,
12468291446,summit_board,牡丹富士山,,,22.2276696,120.840863,,,,,
12468292215,summit_board,牡丹山,牡丹山,Mudanshan,23.9449157,121.303826,2985,,,Q31616776,
12468292775,summit_board,牡丹山,牡丹山,Mudanshan,25.0929118,121.8526824,654,,,Q31617718,
12468294024,summit_board,牡丹山,牡丹山,Mudanshan,22.1547896,120.8014952,566.84,,,Q31600086,
12468294827,summit_board,牡丹池山,牡丹池山,Mudanchishan,22.1671328,120.8414507,553.61,,,Q31600123,
12468292112,summit_board,牡丹路山,牡丹路山,Mudanlushan,22.1820555,120.7617532,793,,,,
12468293375,summit_board,牡丹路山東南峰,牡丹路山東南峰,Mudanlushandongnanfeng,22.1770526,120.7693975,651.18,,,,
12475239689,summit_board,牡丹驛山,,,25.0552792,121.8525641,168,,,,
12468291443,summit_board,牡丹鼻山,,,22.2051664,120.8896724,212.882,,,,
12468293376,summit_board,牡林山,牡林山,Mulinshan,22.0800833,120.8209536,224.84,,,,
12468292042,summit_board,牧山,牧山,Mushan,23.8629036,121.1602079,3240.91,,zh:牧山,Q16692951,
12468291971,summit_board,犁頭山,犁頭山,Litoushan,24.821306,121.0455898,156.61,,,Q31391850,
12468293451,summit_board,狗頭山,狗頭山,Goutoushan,22.9053233,120.4727447,149,,,Q31392021,
9284563481,summit_board,猴仔山,,,22.7349523,120.3802448,180,,,,
9284563480,summit_board,猴仔山東峰,,,22.7347222,120.3810322,166.9,,,,
12468293011,summit_board,猴山坑山,猴山坑山,Houshankengshan,24.9917013,121.5919117,143.00,,,,
12468292212,summit_board,猴山岳,猴山岳,Houshanyue,24.9766911,121.6004387,551.74,,,Q31603558,土地調查局圖根點，海拔551公尺，基石在路徑邊，林間無展望
12468292797,summit_board,猴山岳前峰,猴山岳前峰,Houshanyueqianfeng,24.9788077,121.5991027,510.03,,,,
9900007593,summit_board,猴岩頂,,,22.6546654,120.2595154,252.72,,,,
12468291829,summit_board,猴洞尖,猴洞尖,Houdongjian,24.8995943,121.5079549,780,,,Q31619569,
12468291462,summit_board,猴頭礁,,,22.650772,120.2502388,,,,,
12468295188,summit_board,猿山,猿山,Yuanshan,24.6412333,121.0254833,463,,,Q31593381,
12828483103,summit_board,猿山,,,23.2428049,120.4963463,754,,,,
12468294539,summit_board,猿邊山,猿邊山,Yuanbianshan,22.9830054,120.8983791,1996.76,,,Q31593410,
12468295285,summit_board,獅仔頭山,獅仔頭山,Shizaitoushan,24.9047101,121.4911679,857,,,,小百岳認證 #020 獅仔頭山
12690209676,summit_board,獅公髻尾山,,,24.9747796,121.7181976,837,,,,
12468295078,summit_board,獅凸魯山,獅凸魯山,Shitulushan,23.940886,121.0291841,1587,,,,
12468292503,summit_board,獅子嘴岩,獅子嘴岩400M,Shizizuiyan,25.0747628,121.8163228,,,,,
12468294481,summit_board,獅子尾山,獅子尾山,Shiziweishan,23.3046424,120.8357741,1704.11,,,Q31621370,
12468294059,summit_board,獅子獅山,獅子獅山,Shizishishan,22.3998786,120.9067235,517.53,,,Q31597656,
12468293372,summit_board,獅子頭山,獅子頭山,Shizitoushan,22.3027329,120.6665152,454.66,,,,
12468293656,summit_board,獅子頭山,獅子頭山,Shizitoushan,24.7156301,121.1107283,219.60,,,,
12468294969,summit_board,獅子頭山,獅子頭山,Shizitoushan,23.6152609,120.7627599,2103.88,,,Q31597616,
12468292624,summit_board,獅尾山,獅尾山,Shiweishan,24.6504647,121.021834,,,,,
12804267021,summit_board,獅尾嶺,,,23.2671975,120.5120019,750,,,,
12468295094,summit_board,獅山峰,獅山峰,Shishanfeng,25.0264139,121.580647,151,,,,
12468293078,summit_board,獅形山,獅形山,Shixingshan,25.0320091,121.6087416,115.00,,,,
12468292093,summit_board,獅球山,獅球山,Shiqiushan,24.9683055,121.5856558,283.69,,,,
12468292361,summit_board,獅球嶺北峰,獅球嶺北峰,Shiqiulingbeifeng,25.1214392,121.7339626,110,,,,
12468292363,summit_board,獅球嶺山,獅球嶺山,Shiqiulingshan,25.119043,121.7373323,150,,,,
12468293060,summit_board,獅球嶺西砲台山,獅球嶺西砲台山,Shiqiulingxipaotaishan,25.1242992,121.7326298,120,,,,
12468291545,summit_board,獅頭山,獅頭山,Shitoushan,25.2253047,121.6468904,,,,,
12468294106,summit_board,獅頭山,獅頭山,Shitoushan,23.0153586,120.6557543,467.27,,,Q31610262,
12468295187,summit_board,獅頭山,獅頭山,Shitoushan,24.6442235,121.0064931,491,,,,小百岳認證 #029 獅頭山
13319330906,summit_board,獅頭山,,,24.9562597,121.5453315,,,,,
12468295162,summit_board,獅頭山前峰,獅頭山前峰,Shitoushanqianfeng,24.9032893,121.4934188,869,,,,
12804267017,summit_board,獅額山,,,23.2584065,120.5164636,806,,,,
12468292643,summit_board,獨立山,獨立山,Dulishan,24.5767083,121.4772567,554,,,,
12468295070,summit_board,獨立山,獨立山,Dulishan,23.5369796,120.6078078,840,,,,小百岳認證 #058 獨立山
12468292203,summit_board,獨立峰,獨立峰,Dulifeng,24.8753636,121.3699206,,,,,
12468293991,summit_board,獵狸尖,獵狸尖,Lielijian,24.9544321,121.6795491,704,,,Q31615889,
12810499209,summit_board,獵鷹尖,,,23.192175,120.5803161,899,,,,
12468293274,summit_board,玉女山(化人公山),玉女山,,24.4468904,120.8658701,580.00,,,Q31618672,
12468292873,summit_board,玉山,玉山,Yushan,23.4700025,120.9572707,3952,3952,zh:玉山,Q500275,
12468293329,summit_board,玉山,玉山,Yushan,24.7530715,121.2127263,370.00,,,Q31608988,
13355358320,summit_board,玉山三叉峰,,,23.4485911,120.9554654,3818,,,,
12468295350,summit_board,玉山前峰,玉山前峰,Yushan Front Peak,23.4756,120.91765,3239,,zh:玉山前峰,Q16062390,
12468292872,summit_board,玉山北北峰,玉山北北峰,Yushan Far North Peak,23.4911079,120.9590214,3833,,,,
12468295353,summit_board,玉山北峰,玉山北峰,Yushan North Peak,23.4875306,120.9594719,3858,,,,
12468295352,summit_board,玉山南峰,玉山南峰,Yushan South Peak,23.4465961,120.9589514,3844,,zh:玉山南峰,Q16058613,
12468292874,summit_board,玉山圓峰,玉山圓峰,Yushan Yuanfeng,23.4577765,120.9534994,3752,,ja:玉山円峰,Q17173520,
12468292331,summit_board,玉山小南山,玉山小南山,Yushanxiaonanshan,23.4409589,120.93673,3582,,,Q31621600,
12468295351,summit_board,玉山東峰,玉山東峰,Yushan East Peak,23.4707259,120.9651888,3869,,zh:玉山東峰,Q15930821,
12468292884,summit_board,玉山西峰,玉山西峰,Yushan West Peak,23.4718712,120.9337289,3518,,zh:玉山西峰,Q16058568,
12468292299,summit_board,玉峰山,玉峰山,Yufengshan,24.6158988,121.3591535,2292,,,Q31593246,
12468294480,summit_board,玉德山,玉德山,Yudeshan,23.3543681,120.9389805,3045.25,,,Q31621266,
12468292322,summit_board,玉打山,玉打山,Yudashan,23.2767886,120.6996671,1271.30,,,Q31620003,
12468294261,summit_board,玉打山北峰,玉打山北峰,Yudashanbeifeng,23.2845944,120.6996748,1310.00,,,,
12468294497,summit_board,玉留山,玉留山,Yuliushan,22.9986909,121.0025663,2390.35,,,,
12468293146,summit_board,玉稠湖山,玉稠湖山,Mt. Yuchohu,25.1157495,121.5450897,184.00,,,,
12468293027,summit_board,玉稠湖山南峰,玉稠湖山南峰,Yuchouhushannanfeng,25.110581,121.5426723,102,,,,
12468294525,summit_board,玉穗山,玉穗山,Yusuishan,23.2007285,120.8178716,1577.77,,,,
12468294999,summit_board,玉里山,玉里山,Yulishan,23.3797604,121.2432827,2156.94,,,Q17026094,
12468293793,summit_board,王公坑山,王公坑山,Wanggongkengshan,24.9147075,121.3769628,176.47,,,,
13397643735,summit_board,王冠峰,,Crown Peak,24.3508342,121.4357976,3434,,,,
12468294987,summit_board,王武塔山,王武塔山,Wangwutashan,23.7159588,121.3344985,2012,,,,
12468292303,summit_board,王爺崙山,王爺崙山,Wangyelunshan,23.0115749,120.4808667,528,,,Q31624545,
12468295012,summit_board,王田山,王田山,Wangtianshan,24.1381307,120.584456,229.96,,,Q31392466,
12468292759,summit_board,王矮山,王矮山,Wangaishan,23.9414338,121.4453809,1854.42,,,,
12468294743,summit_board,王矮山,王矮山,Wangaishan,23.9397296,121.4466092,1881,,,,
12468294556,summit_board,王霸邊浦山,王霸邊浦山,Wangbabianpushan,22.8041268,120.9008157,2407.43,,,Q31594487,
12468292597,summit_board,玫瑰西魔山,玫瑰西魔山,Meiguiximoshan,24.6966143,121.4744253,1882,,,Q31600381,
12468292621,summit_board,班喀山,班喀山,Bankashan,23.2623858,121.1210404,1467,,,Q31615201,
12468291847,summit_board,班山,班山,Banshan,24.4753997,121.1508858,2182.98,,,,
12468294667,summit_board,琴山,琴山,Qinshan,24.3503787,121.6389768,1009.50,,,Q31605250,
12468293320,summit_board,瑞峰山,瑞峰山,Ruifengshan,24.6637398,121.1132829,426.00,,,,
12468291981,summit_board,瑞穗山,瑞穗山,Ruisuishan,23.5063848,121.3609524,232.49,,,,
12468293806,summit_board,瑞芳山,瑞芳山,Ruifangshan,25.1117339,121.8167149,187,,,Q31392205,
13319330905,summit_board,瑞芳山,瑞芳山,Ruifangshan,25.1116991,121.8167496,187,,,Q31392205,
12468293107,summit_board,瑪蕃山,瑪蕃山,Mt. Mafan,25.1427791,121.5914846,702.00,,,,
12468293827,summit_board,瑪鋉山,瑪鋉山,Masushan,25.1671819,121.6963765,233.87,,,Q31392380,
12669511838,summit_board,瑪鋉山東北峰,,,25.1735168,121.7023758,193,,,,
12468294976,summit_board,瑪陵尖,瑪陵尖,Malingjian,25.1089198,121.3245613,230.39,,,,
12468295153,summit_board,瑪陵尖,瑪陵尖,Malingjian,25.1089175,121.6992011,230,,,Q31392389,
12468292449,summit_board,瑪陵尖東北峰,瑪陵尖東北峰,Malingjiandongbeifeng,25.1123176,121.7068924,175,,,,
12480568454,summit_board,瑪陵尖東南峰,,,25.106962,121.7025136,197,,,,
12468292450,summit_board,瑪陵尖西北峰,瑪陵尖西北峰,Malingjianxibeifeng,25.1121517,121.6947057,192,,,,
12468294181,summit_board,環流丘峰,環流丘峰,Huanliuqiufeng,24.174188,121.4403106,1130.00,,,,
12468292111,summit_board,瓊山,瓊山,Qiongshan,23.5790217,120.8537182,1846.01,,,Q31613809,
12468293411,summit_board,瓦厝尖山,瓦厝尖山,Wacuojianshan,23.398175,120.5363173,217,,,,
12774459779,summit_board,瓦胴,,,23.6592941,119.5923431,30,,,,
12468295259,summit_board,甘木林山,甘木林山,GanMuLin Mountain,24.3888682,121.2457886,3666,,,Q31607432,
12468291569,summit_board,甘薯南峰,甘薯南峰,Ganshunanfeng,24.2799982,121.3799903,,,zh:甘薯南峰,Q31608505,
12468294660,summit_board,甘薯峰,甘薯峰,Ganshufeng,24.290394,121.389833,3157.76,,,Q31608655,
12468294069,summit_board,生仙坑山,生仙坑山,Shengxiankengshan,22.7533266,120.4198976,258.82,,,Q31391477,
12468292466,summit_board,生毛樹山,生毛樹山,Shengmaoshushan,23.5608323,120.6729105,1273,,,,
12468291934,summit_board,田子山,田子山,Tianzishan,23.6893354,120.7111108,1119.92,,,Q31609279,
12468291525,summit_board,田寮山,,,24.6912892,121.1195805,647,,,,
12487688419,summit_board,田寮洋山,,,24.9911921,121.970222,338,,,,
12468293255,summit_board,田尾山,田尾山,Tianweishan,24.6269119,121.0405331,820.00,,,,
12468292718,summit_board,田良井,田良井,Tianliangjing,22.726375,120.7032088,1367,,,Q31624596,
12468292084,summit_board,田良井山前峰,田良井山前峰,Tianliangjingshanqianfeng,22.7224857,120.6858472,726,,,,
12468292085,summit_board,田良井山西南峰,田良井山西南峰,Tianliangjingshanxinanfeng,22.7180147,120.6948439,1256,,,,
12468292719,summit_board,田良井山西峰,田良井山西峰,Tianliangjingshanxifeng,22.7229852,120.6835495,705,,,,
12468292852,summit_board,田頭山,田頭山,Tiantoushan,23.71095,120.7644,900,,,,
12468293417,summit_board,田黑山,田黑山,Tianheishan,23.2542044,120.582692,628.24,,,,
12468294064,summit_board,甲仙埔山,甲仙埔山,Jiaxianpushan,23.0707353,120.5942816,407.83,,,Q31610325,
12468294531,summit_board,留佐屯山,留佐屯山,Liuzuotunshan,23.1515919,120.8004251,1902.09,,,Q31614137,
12468292976,summit_board,留倉賀山,留倉賀山,Liucangheshan,24.5334263,121.3284171,2408,,,,
12468294733,summit_board,留茂安山,留茂安山,Liumaoanshan,24.5372102,121.4316363,1368.27,,,,
12468293707,summit_board,畚箕窩凸頂,畚箕窩凸頂,Benjiwotuding,24.6752459,120.9683936,174.79,,,,
12468292651,summit_board,畚萁湖山,畚萁湖山,Benqihushan,24.5909202,121.8233422,,,,,
12468293860,summit_board,畝畝山,畝畝山,Mumushan,25.0066552,121.7640332,570.17,,,,
12468295216,summit_board,畢祿山,畢祿山,Bilushan,24.2136036,121.3471507,3371,,zh:畢祿山,Q16929134,
12468291557,summit_board,畢祿山南峰,畢祿山南峰,Bilushannanfeng,24.2025477,121.3490949,,,,Q31610701,
12468293443,summit_board,番仔坑山,番仔坑山,Fanzaikengshan,23.2258769,120.3957137,161.85,,,Q31392569,
12468295053,summit_board,番仔埔山,番仔埔山,Fanzaipushan,23.137381,120.4488438,187,,,,
12468293874,summit_board,番子坑山,番子坑山,Fanzikengshan,25.0320433,121.786845,474,,,Q31617647,
12468293472,summit_board,番子埔山,番子埔山,Fanzipushan,23.1398856,120.4508454,189.32,,,,
12468293976,summit_board,番子寮山,番子寮山,Fanziliaoshan,23.1132762,120.6561799,1207.52,,,,
12468294279,summit_board,番子寮山,番子寮山,Fanziliaoshan,23.1183662,120.6645613,1332.00,,,,
12468293500,summit_board,番子巴山,番子巴山,Fanzibashan,23.8647606,120.8000434,421.48,,,,
12468293240,summit_board,番子澳山,番子澳山,Fanziaoshan,25.1348765,121.8230096,44.00,,,,
12468294317,summit_board,番子田,番子田,Fanzitian,23.6502472,120.7280023,1110.00,,,,
12468293508,summit_board,番子田山,番子田山,Fanzitianshan,23.8668165,120.9397573,933.78,,,,
12468293955,summit_board,番子田山,番子田山,Fanzitianshan,23.8663234,120.9423497,956.62,,,,
12468294967,summit_board,番子田山,番子田山,Fanzitianshan,23.628092,120.7113573,1649.00,,,Q31609332,
12468293686,summit_board,番子社山,番子社山,Fanzisheshan,24.7485818,121.076954,180.52,,,,
12468293551,summit_board,番子路山,番子路山,Fanzilushan,24.1143778,120.7418906,225.98,,,,
12468293204,summit_board,番山,番山,Fanshan,23.0516092,120.4813357,142.14,,,,
12468293292,summit_board,番路山,番路山,Fanlushan,23.4246035,120.6016927,794.00,,,Q31619710,
12468293717,summit_board,登板血,登板血,Dengbanxue,24.6291153,120.8324097,110.00,,,,
12468294362,summit_board,白不仔山,白不仔山,Baibuzaishan,23.7168546,120.8408536,680.00,,,,
12468292871,summit_board,白冷山,白冷山,Bailengshan,24.1989038,120.9316271,1330,,,Q31599360,
12468291519,summit_board,白匏湖山,,,25.0492422,121.6501065,120,,,,
12468291770,summit_board,白匏湖山西峰,白匏湖山,Baipaohushan,25.0514023,121.6435593,83,,,,
12468292037,summit_board,白姑南山,白姑南山,Baigunanshan,24.15645,121.1114959,2872.91,,,Q31599383,
12468295229,summit_board,白姑大山,白姑大山,Mt. Baigu,24.2027126,121.1089078,3342,,,Q4843216,
12468291786,summit_board,白姑大山三叉峰,白姑大山三叉峰,Baigudashansanchafeng,24.1988359,121.107029,,,,,
12468295180,summit_board,白姑大山中峰,白姑大山中峰,Baigudashanzhongfeng,24.1970745,121.1300263,,,,,
12468291556,summit_board,白姑大山東峰,白姑大山東峰,Baigudashandongfeng,24.2126008,121.1473123,,,,Q31611889,
12468291570,summit_board,白姑大山西南峰,白姑大山西南峰,Baigudashanxinanfeng,24.1845167,121.0912675,3117,,,Q31611851,
12468291555,summit_board,白姑東南峰,白姑東南峰,Baigudongnanfeng,24.2059279,121.1428319,,,,Q31611901,
12468292089,summit_board,白姑西峰,白姑西峰,Baiguxifeng,24.1905202,121.0937125,3251,,,,
12468292786,summit_board,白守連山,白守連山,Baishoulianshan,23.1554488,121.3222202,1565,,,Q31618759,
12468294394,summit_board,白布帆山,白布帆山,Baibufanshan,24.3022794,120.8884302,560.00,,,,
12468294500,summit_board,白松山,白松山,Baisongshan,23.0377673,120.978086,2633.46,,,Q31599296,
12468295185,summit_board,白毛山,白毛山,Baimaoshan,24.1568333,120.9219167,1522,,,Q31599333,
12468291752,summit_board,白毛山北峰,白毛山北峰,Baimaoshanbeifeng,24.1679916,120.9235616,1159,,,,
12468293408,summit_board,白水溪山,白水溪山,Baishuixishan,23.350757,120.4868669,218.61,,,,
12468293573,summit_board,白沙丘山,白沙丘山,Baishaqiushan,25.0156983,121.9525772,76.51,,,Q31392218,
12468293596,summit_board,白沙屯山,白沙屯山,Baishatunshan,24.5677832,120.7124788,40.60,,,,
12468293380,summit_board,白沙彌山,白沙彌山,Baishamishan,21.9876131,120.809135,205.60,,,,
12468292412,summit_board,白狗,白狗,Baigou,24.1219052,121.1684757,,,,,
12468291878,summit_board,白石山,白石山,Baishishan,23.907533,121.2747975,3109.66,,,Q31599320,
12468292993,summit_board,白石山,白石山,Baishishan,24.8526319,121.3176833,625,,,Q31599309,
12468293280,summit_board,白石湖山,白石湖山,Baishihushan,24.7174901,121.1838924,550.00,,,,
12468293900,summit_board,白石湖山,白石湖山,Baishihushan,25.1090232,121.5983018,458.23,,,,
12468293071,summit_board,白石湖山東峰,白石湖山東峰,Baishihushandongfeng,25.108532,121.601533,413.00,,,,
12468292053,summit_board,白石牙山,白石牙山,Baishiyashan,23.7728096,120.8148533,1171.97,,,Q31617830,
12468292445,summit_board,白米甕尖,白米甕尖,Baimiwengjian,25.1556062,121.7442891,,,,,
12468294800,summit_board,白葉山,白葉山,Baiyeshan,23.9982159,121.497679,1984.42,,,Q31611122,
12468294991,summit_board,白葉山,白葉山,Baiyeshan,23.9313786,120.9484501,853.24,,,Q31599269,
12468294574,summit_board,白賓山,白賓山,Mt. Baibin,22.6941984,120.6647665,809.18,,,Q31624621,
12468295085,summit_board,白雞山,白雞山,Baijishan,24.8917037,121.4076874,740,,,Q31619448,
12468293902,summit_board,白雲山,白雲山,Baiyunshan,25.1267068,121.5467082,421.28,,,Q31622068,
12468295007,summit_board,白雲山,白雲山,Baiyunshan,23.0558272,120.6225521,1043.77,,,,小百岳認證 #069 白雲山
12468292723,summit_board,白髮山,白髮山,Baifashan,24.1937545,121.6100542,1757,,,Q31599408,
12468294312,summit_board,白鷺山,白鷺山,Bailushan,23.3354894,120.5120143,513.00,,,,
12828482198,summit_board,白鷺山,,,23.3354784,120.5120667,502,,,,
12468295335,summit_board,白鷺鷥山,白鷺鷥山,Bailusishan,25.0784372,121.6040545,143,,,,
12468293526,summit_board,百二分凸山,百二分凸山,Baierfentushan,24.3892484,120.800565,600.20,,,,
12468294633,summit_board,百川山,百川山,Baichuanshan,24.3060861,120.993993,1596.63,,,,
12468291474,summit_board,百川山東峰,,,24.3073167,121.0017489,1760,,,,
12468294632,summit_board,百志興保山,百志興保山,Baizhixingbaoshan,24.3281396,121.0066088,2322.83,,,,
12468294389,summit_board,百志興保山北峰,百志興保山北峰,Baizhixingbaoshanbeifeng,24.3306881,121.0054516,2270.00,,,,
12468292932,summit_board,百拉咔山,百拉咔山,Mt. Bailaka,25.188086,121.5175519,911,,,Q31622020,
12468291465,summit_board,百獸岩基石,,,22.6468684,120.2631683,,,,,
12468295346,summit_board,皇帝殿東峰,皇帝殿東峰,Huangdidian East Peak,24.9953681,121.6879432,593,,,Q31615728,
12468295243,summit_board,皇帝殿西峰,皇帝殿西峰,Huangdidian West Peak,24.9921576,121.6740235,579,,,,
12468294819,summit_board,盆盆山,盆盆山,Penpenshan,24.6371637,121.5219032,1014.17,,,Q31598698,
12468294897,summit_board,盆盆山,盆盆山,Penpenshan,22.8337107,120.990546,1864.57,,,Q31612422,
12468291889,summit_board,盆貿里山,盆貿里山,Penmaolishan,22.4796886,120.6575667,938.85,,,,
12468293185,summit_board,盆貿里山南峰,盆貿里山南峰,Penmaolishannanfeng,22.4747496,120.6549016,869.39,,,,
12468292056,summit_board,盆駒山,盆駒山,Penjushan,23.5483852,121.0325002,3022.00,,zh:駒盆山,Q15897986,
12482235423,summit_board,益壽山,,,25.090317,121.7179191,116,,,,
12468294921,summit_board,盡尾山,盡尾山,Jinweishan,24.4087174,120.9957095,1841.00,,,Q31605210,
9710802069,summit_board,盤嶺右,,,22.6515293,120.2625606,,,,,
9730779563,summit_board,盤嶺左,,,22.651461,120.2624344,,,,,
12468291723,summit_board,盤絲1尖,盤絲1尖,Pansi1jian,25.1292043,121.4281493,462,,,,
12468291724,summit_board,盤絲2尖,盤絲2尖,Pansi2jian,25.1293409,121.4272766,448,,,,
12468292344,summit_board,盧利拉駱山,盧利拉駱山,Lulilaluoshan,23.5963055,121.2003973,,,,Q31623645,
12468291695,summit_board,盧利拉駱山西峰,盧利拉駱山西峰,Lulilaluoshanxifeng,23.5948088,121.1894721,,,,Q31623632,
12468294454,summit_board,目五寮山,目五寮山,Muwuliaoshan,24.8849527,121.7074372,618,,,,
12468294978,summit_board,直潭山,直潭山,Zhitanshan,24.9208498,121.5676541,728.84,,,Q31605657,
12468291640,summit_board,直潭山東北峰,直潭山東北峰,Zhitanshandongbeifeng,24.9240989,121.5731339,661,,,,
12468294894,summit_board,相原山,相原山,Xiangyuanshan,23.0090488,120.9443274,2774.06,,,Q31603438,
12468293364,summit_board,相愛山,相愛山,Xiangaishan,22.058524,121.5184396,507.12,,,Q31607381,
12468291505,summit_board,省政府補點 補劉(19);長嶺路山,長嶺路山,Zhanglinglushan,24.6827758,121.6206547,225;225.00,,,,
12468291822,summit_board,省政府補點 補羅(14);牛埔崎頭山,牛埔崎頭山,Niupuqitoushan,23.0542188,120.4564235,126.7;126.70,,,,
12468291859,summit_board,眉冷山,眉冷山,Meilengshan,24.0810802,120.9442163,886.98,,,Q31600367,
12468294638,summit_board,眉原山,眉原山,Meiyuanshan,24.1144216,120.9886019,1785.36,,,Q31600306,
12468294349,summit_board,眉原山東南峰,眉原山東南峰,Meiyuanshandongnanfeng,24.093845,120.9987661,1150.00,,,,
12468294913,summit_board,眉有岩山,眉有岩山,Meiyouyanshan,24.5132396,121.3851249,2327.65,,,,
12468294369,summit_board,眉溪山,眉溪山,Meixishan,24.0271364,121.1202738,1416.00,,,,
12468294491,summit_board,真妻子山,真妻子山,Zhenqizishan,23.107432,121.0879044,1322.79,,,Q31613327,
12468291896,summit_board,真我山,真我山,Zhenwoshan,22.9186097,120.6706551,1060.06,,,Q31620887,
12468292922,summit_board,真烈巴,真烈巴,Zhenlieba,24.1515128,121.2007055,1998,,,,
12468292069,summit_board,真笠山,真笠山,Zhenlishan,22.6697555,120.6668611,1166.15,,,,
12468293190,summit_board,真笠山東北峰,真笠山東北峰,Zhenlishandongbeifeng,22.6705952,120.6693863,1213.54,,,,
12805732503,summit_board,真笠山西北峰,,,22.6779496,120.6563106,835,,,,
12468293184,summit_board,真笠山西南峰,真笠山西南峰,Zhenlishanxinanfeng,22.6626794,120.6526979,825.65,,,,
12468293173,summit_board,真笠山西峰,真笠山西峰,Zhenlishanxifeng,22.6731261,120.6414797,481.50,,,,
12468293878,summit_board,真長山,真長山,Zhenzhangshan,25.0425373,121.7382352,502.67,,,Q31622691,
12468294505,summit_board,真雁碗山,真雁碗山,Zhenyanwanshan,23.0810206,121.0823611,1890.85,,,,
12468294235,summit_board,真雅社山,真雅社山,Zhenyasheshan,22.5140812,120.6887918,810.00,,,,
12468292288,summit_board,真鹿林山,真鹿林山,Zhenlulinshan,23.4606317,120.8710131,2895,,,,
12468292665,summit_board,睏牛山,睏牛山,Kunniushan,24.9590974,121.8707375,588,,,Q31611338,
12468294466,summit_board,矢場谷山,矢場谷山,Shichanggushan,23.3613416,120.7001691,1457.81,,,Q31619977,
12468294907,summit_board,知本主山,知本主山,Zhibenzhushan,22.7256738,120.8805053,2229.96,,,Q31605670,
12468293440,summit_board,知母義山,知母義山,Zhimuyishan,23.0230946,120.3221295,43.97,,,,
12468294043,summit_board,知矢漢山,知矢漢山,Zhishihanshan,23.7661715,121.4984521,79.68,,,,
12468294621,summit_board,知馬漢山,知馬漢山,Zhimahanshan,24.3053908,121.0865291,2867.96,,,Q31605697,
12468291564,summit_board,知馬漢山北峰,知馬漢山北峰,Zhimahanshanbeifeng,24.3175189,121.0862073,,,,Q31607733,
12468292483,summit_board,知鳥山,知鳥山,Zhiniaoshan,23.5134374,120.6507652,1445,,,Q31609612,
12468293677,summit_board,石井山,石井山,Shijingshan,24.7036643,120.9993423,159.88,,,,
12468292889,summit_board,石人崠,石人崠,Shirendong,24.7956345,121.2166264,428,,,,
12468294162,summit_board,石公厝山,石公厝山,Shigongcuoshan,23.0545876,121.2247646,460.00,,,,
12468294938,summit_board,石公山,石公山,Shigongshan,23.3440535,121.3660013,832.68,,,Q31597821,
12468291895,summit_board,石南山,石南山,Shinanshan,22.8693494,120.7458481,1948.12,,,Q31621019,
12468293281,summit_board,石厝坑山,石厝坑山,Shicuokengshan,24.856483,121.3172024,572.55,,,Q31619367,
12468291887,summit_board,石可見山,石可見山,Shikejianshan,22.4494524,120.7403536,1621.22,,,,
12468294968,summit_board,石圍牆山,石圍牆山,Shiweiqiangshan,24.2988517,120.7672956,560.14,,,Q31607203,
12468294173,summit_board,石坑山,石坑山,Shikengshan,23.3405297,121.4366268,413.35,,,Q31597858,
12468291772,summit_board,石坡坑山,石坡坑山,Shipokengshan,24.9708331,121.591117,290,,,,
12468291771,summit_board,石坡坑山西北峰,石坡坑山西北峰,Shipokengshanxibeifeng,24.9736642,121.5880437,,,,,
12468292081,summit_board,石城山,石城山,Shichengshan,24.9879404,121.9607557,350,,,,山字柱
12468293682,summit_board,石壁下山,石壁下山,Shibixiashan,24.7322575,120.9880636,132.51,,,,
12468293087,summit_board,石壁坑山,石壁坑山,Shibikengshan,25.0069767,121.5829138,125.00,,,,
12468293803,summit_board,石壁寮山,石壁寮山,Shibiliaoshan,24.9578689,121.4432815,113.00,,,,
12468293956,summit_board,石壁山,石壁山,Shibishan,23.1981021,121.2265832,882.16,,,,
12468294401,summit_board,石壁山,石壁山,Shibishan,24.5656087,121.043647,810.00,,,,
12468294847,summit_board,石壁山,石壁山,Shibishan,23.6036912,120.7245319,1751.46,,,,小百岳認證 #055 石壁山
12468294184,summit_board,石壁山東峰,石壁山東峰,Shibishandongfeng,23.1977924,121.2316533,740.00,,,,
12468291959,summit_board,石壁潭山,石壁潭山,Shibitanshan,24.7566744,121.1100775,402,,,,
12468294943,summit_board,石寧山,石寧山,Shiningshan,23.222809,121.40995,147.45,,,Q31392247,
12468292019,summit_board,石尖山,石尖山,Shijianshan,22.7882248,120.3940891,262.32,,,,
12468292396,summit_board,石山,石山,Shishan,23.4735766,120.8558109,2682,,,Q31597719,
12468294515,summit_board,石山,石山,Shishan,23.0834531,120.8323675,2818.06,,,Q31597732,
12468293663,summit_board,石岡山,石岡山,Shigangshan,24.6574938,121.0416983,396.93,,,,
12468293093,summit_board,石崁山,石崁山,Shikanshan,25.1020983,121.6003692,340.00,,,,
12468293829,summit_board,石崩山,石崩山,Shibengshan,25.2696657,121.5668444,159.60,,,,
12468295248,summit_board,石底觀音山,石底觀音山,Shidiguanyinshan,25.0229937,121.7010341,519.04,,,,
12468293458,summit_board,石松子山,石松子山,Shisongzishan,23.0222166,120.4930911,586,,,Q31624583,
12468294786,summit_board,石桌山,石桌山,Shizhuoshan,23.4700966,120.6949664,1384.57,,,Q31619900,
12468294307,summit_board,石桌山西峰,石桌山西峰,Shizhuoshanxifeng,23.4685057,120.6914637,1370.00,,,,
12468295168,summit_board,石梯嶺,石梯嶺,Mt. Shiti,25.1606077,121.5875531,862,,,Q31623089,
12468294914,summit_board,石楠花山,石楠花山,Shinanhuashan,24.3525683,121.5924474,2048.24,,,,
12468293608,summit_board,石樁臼,石樁臼,Shizhuangjiu,24.6153922,120.9072921,115.89,,,Q31392148,
12468294465,summit_board,石水山,石水山,Shishuishan,23.4545306,120.8708318,2800.23,,,,
12468293228,summit_board,石渣崙山,石渣崙山,Shizhalunshan,24.7783363,120.9611987,115.00,,,,
12468293688,summit_board,石渣崙山,石渣崙山,Shizhalunshan,24.7718032,120.9611389,122.82,,,,
12468291699,summit_board,石灰坑山,石灰坑山,Shihuikengshan,24.9799136,121.3723907,373.95,,,Q31619162,
13319330903,summit_board,石灰坑山,石灰坑山,Shihuikengshan,24.9799275,121.3723612,373.95,,,Q31619162,
12468292812,summit_board,石燭尖,石燭尖,Shizhujian,25.0178195,121.7296957,420,,,,
12468293460,summit_board,石牌山,石牌山,Shipaishan,23.0873118,120.4664333,134.71,,,,
12468291527,summit_board,石牌嶺庄,,,24.9926925,121.0651478,35,,,,
12468291502,summit_board,石牛山,,,24.910272,121.353653,155,,,,
12468295020,summit_board,石牛山,石牛山,Shihniou Mt.,24.7935251,121.2532855,671,,,,小百岳認證 #025 石牛山
12468292448,summit_board,石獅山,石獅山,Shishishan,25.1073986,121.6890794,160,,,Q31392418,
12468294303,summit_board,石盤巃山,石盤龍山,Shipanlongshan,23.501732,120.6640027,1352.00,,,Q31609371,
12468293696,summit_board,石砂統山,石砂統山,Shishatongshan,24.7555855,120.9660604,126.47,,,,
12468292626,summit_board,石硬山,石硬山,Shiyingshan,24.6516331,121.0399141,420,,,Q31614567,
12468293245,summit_board,石硬港山,石硬港山,Shiyinggangshan,25.1268405,121.74394,60.00,,,,
12468293056,summit_board,石硿大崙,石硿大崙,Shikongdalun,25.0465527,121.720781,623,,,Q31623063,
12468291907,summit_board,石硿子山,石硿子山,Shikongzishan,24.8948044,121.648675,641.41,,,Q31597809,
12495790092,summit_board,石硿子山西北峰,,,24.9009096,121.6397269,472,,,,
12468293562,summit_board,石硿山,石硿山,Shikongshan,24.5841336,121.8596468,196.36,,,Q31392190,
12468292858,summit_board,石碇大崙,石碇大崙,Shidingdalun,24.970399,121.6990489,731,,,Q31616223,
12468292900,summit_board,石碇尖,石碇尖,Shidingjian,24.9870606,121.6622072,345,,,Q31615753,NIE圖根點
12468292763,summit_board,石碇後山,石碇後山,Shidinghoushan,24.9272775,121.5942522,656,,,Q31616162,
12468294542,summit_board,石穗頭山,石穗頭山,Shisuitoushan,22.900084,120.833608,2554.57,,,,
12468293581,summit_board,石空山,石空山,Shikongshan,24.9034331,121.834444,515,,,Q31611470,
12475239690,summit_board,石笋公,,,25.0714383,121.8684311,319,,,,
12475239691,summit_board,石笋媽,,,25.0712608,121.8680635,312,,,,
12468293778,summit_board,石笋山,石笋山,Shisunshan,25.0683214,121.8589813,269.01,,,,
12468295338,summit_board,石筍尖,石筍尖,Shisun peak,25.0309873,121.7212552,520,,,,
12468292979,summit_board,石苓湖山,石苓湖山,Shilinghushan,24.16757,120.802,760,,,,
12468293619,summit_board,石覓山,石覓山,Shimishan,24.5026144,120.7417641,131.77,,,,
12468293081,summit_board,石角山,石角山,Shijiaoshan,25.1099895,121.5415943,85,,,,
12468292447,summit_board,石象山,石象山,Shixiangshan,25.1049968,121.6856841,144,,,,
12468295276,summit_board,石門內尖山,石門內尖山,Shimenneijianshan,24.9360862,121.4385334,408,,,Q31619473,
13319330902,summit_board,石門內尖山,石門內尖山,Shimenneijianshan,24.9360895,121.4385581,408,,,Q31619473,
12468292921,summit_board,石門內尖山東峰,石門內尖山東峰,Shimenneijianshandongfeng,24.9372076,121.4397865,410,,,,
12468292549,summit_board,石門山,石門山,Mt. Shi Men,24.1523855,121.284589,3237,,zh:石門山,Q16929152,
12468293830,summit_board,石門山,石門山,Shimenshan,25.2862279,121.5650312,76.77,,,Q31392053,
12468293880,summit_board,石門山,石門山,Shimenshan,25.0673463,121.6997834,275.58,,,Q31392397,
12468295151,summit_board,石門山,石門山,Shimenshan,24.8099911,121.2294165,551,,,,小百岳認證 #024 石門山
12468295174,summit_board,石門山北峰,石門山北峰,Shimenshanbeifeng,24.1575785,121.2795689,3290,,,Q31610623,
12468291970,summit_board,石頭坑山,石頭坑山,Shitoukengshan,24.803262,121.0726474,235.10,,,,
12468291974,summit_board,石頭山,石頭山,Shitoushan,24.6300372,120.8484433,111.87,,,,
12468293461,summit_board,石頭山,石頭山,Shitoushan,23.0569911,120.490623,225.72,,,Q31392557,
12468293648,summit_board,石頭山,石頭山,Shitoushan,24.8015878,121.0894302,213.59,,,,
12468293966,summit_board,石頭山,石頭山,Shitoushan,22.7918951,121.1588136,187.86,,,Q31391462,
12468292567,summit_board,石頭窩山,石頭窩山,Shitouwoshan,24.4617671,120.6933248,,,,,
12468291845,summit_board,石鹿大山,石鹿大山,Shiludashan,24.561278,121.1936805,2233.69,,,,
12468294724,summit_board,石麻達山,石麻達山,Shimadashan,24.6249434,121.2499045,1942.12,,,Q31597782,
12468293335,summit_board,石龜坑山,石龜坑山,Shiguikengshan,24.8431786,121.3108151,480.00,,,,
12468293344,summit_board,石𥕢山,石𥕢山,Shicaoshan,24.9001662,121.7182604,350,,,,
12468294457,summit_board,石𥕢山西峰,石𥕢山西峰,Shicaoshanxifeng,24.9002732,121.7160898,370,,,,
12468293658,summit_board,矺子山,矺子山,Zhezishan,24.6989085,121.111228,265.61,,,,
12468294657,summit_board,砂山,砂山,Shashan,24.2268246,121.5580675,2135.50,,,Q31615551,
12468293273,summit_board,砲石山,砲石山,Paoshishan,24.4367833,120.8964747,670.00,,,,
12468292784,summit_board,砲臺山,砲臺山,Paotaishan,24.4172202,121.6382932,1091,,,Q31624387,
12468293777,summit_board,破子寮山,破子寮山,Poziliaoshan,24.9805361,121.856543,546.08,,,Q31611583,
12468292670,summit_board,破子寮山東峰,破子寮山東峰,Poziliaoshandongfeng,24.9815857,121.8604508,558,,,Q31611387,
12468293206,summit_board,破路柴山,破路柴山,Poluchaishan,23.3249496,120.456205,214.86,,,,
12468293405,summit_board,硫黃崎頭山,硫黃崎頭山,Liuhuangqitoushan,23.316935,120.4830901,396.17,,,,
12468295173,summit_board,硬姐嶺,硬姐嶺,Yingjieling,25.1366099,121.4249355,593,,,,
12468291547,summit_board,碇內尖山,碇內尖山,Dingneijianshan,25.0866027,121.7594651,360,,,,
12468292780,summit_board,碧山,碧山,Bishan,25.1141671,121.5955962,517,,,,
12468293505,summit_board,碧峰,碧峰,Bifeng,23.9788506,120.6604309,86.25,,,,
12828483113,summit_board,碧峰,,,23.1960696,120.5739587,1069,,,,
12468292965,summit_board,碧峰岩,碧峰岩,Bifengyan,25.1162829,121.8154794,,,,,
12468291517,summit_board,碧湖山,,,25.084878,121.5870799,60,,,,
12468292481,summit_board,碧鳳山,碧鳳山,Bifengshan,23.5694282,120.6192829,1137,,,,
12468294759,summit_board,磐石山,磐石山,Mt. Panshi,24.1047286,121.388306,3106,,zh:磐石山,Q15899954,
12468292176,summit_board,磐石山中峰,磐石山中峰,Panshishanzhongfeng,24.1048123,121.3707556,3149,,,Q31610788,
12468292177,summit_board,磐石山西峰,磐石山西峰,Panshishanxifeng,24.1094218,121.358784,3335,,,Q31610777,
12468292919,summit_board,磨婆寮山,磨婆寮山,Mopoliaoshan,24.8868419,121.7110281,542,,,,
12468295246,summit_board,磨板山,磨板山,Mobanshan,23.3982592,120.4479407,,,,,
12468293764,summit_board,磨石坑山,磨石坑山,Moshikengshan,24.9682398,121.6876135,525.39,,,,
12468295122,summit_board,磺嘴山,磺嘴山,Mt. Huangzui,25.1767289,121.606317,912,,,Q31602775,
12468291962,summit_board,磺嘴山北峰,磺嘴山北峰,Mt. Huangzui North Peak,25.1813335,121.6034525,893.46,,,Q31622355,
12468292431,summit_board,磺溪山,烏尖連山(磺溪山),Huangxi Shan,25.1346394,121.5221993,281,,,Q31392333,
12468293092,summit_board,磺溪山南峰,磺溪山南峰,Huangxishannanfeng,25.1293392,121.5236457,150.00,,,,
12468291410,summit_board,磺溪頭崙,,,25.2132165,121.5914314,183,,,,
12468295284,summit_board,磺窟山,磺窟山,Huangkushan,24.9331771,121.5040562,559.09,,,,
12468293841,summit_board,礁水坑山,礁水坑山,Jiaoshuikengshan,24.8952037,121.8186597,629.49,,,,
12468292664,summit_board,礁水坑山南峰,礁水坑山南峰,Jiaoshuikengshannanfeng,24.8905717,121.8160927,458,,,,
12468293559,summit_board,礁溪山,礁溪山,Jiaoxishan,24.8308368,121.7620419,271.25,,,,
12468295115,summit_board,社頭山,社頭山,Shetoushan,23.8309031,120.9101844,856,,,,
12468293283,summit_board,祖眉坑山,祖眉坑山,Zumeikengshan,24.9220946,121.4167179,230.00,,,Q31392281,
12468295071,summit_board,祖輪山,祖輪山,Zulunshan,24.2209084,121.5081304,1599,,,,
12468294296,summit_board,祝山,祝山,Zhushan,23.5112534,120.8232887,2430.00,,,Q31604539,
12468294737,summit_board,神代山,神代山,Shendaishan,24.5177916,121.4752701,1565.90,,,Q31608139,
12468291511,summit_board,神木尖,,,24.8712647,121.3555218,,,,,
12468294870,summit_board,神桌山,神桌山,Shenzhuoshan,24.5833364,120.9744383,762.42,,,Q31597897,
13533338791,summit_board,神趾山,,,22.7687399,120.7827513,1620,,,,
13533369140,summit_board,神趾山東南,,,22.7533087,120.7916871,1158,,,,
12804267011,summit_board,神農山,,,23.2858069,120.522389,947,,,,
12468293010,summit_board,祥光寺後山,祥光寺後山,Xiangguangsihoushan,24.9879802,121.5905944,190.00,,,,
12809317845,summit_board,福光山,,,23.185855,120.5685192,1025,,,,
12468293264,summit_board,福南山,福南山,Funanshan,24.5608957,120.9628315,834.98,,,,
12468293673,summit_board,福尖頭山,福尖頭山,Fujiantoushan,24.6988057,120.9850609,150.35,,,,
12468292092,summit_board,福州山,福州山,Fuzhoushan,25.0170957,121.5547991,99.16,,,,
12468293909,summit_board,福德坑山,福德坑山,Fudekengshan,25.0084392,121.588262,164,,,,
12468291715,summit_board,福德坑山東峰,福德坑山東峰,Fudekengshandongfeng,24.926204,121.352623,221,,,,
12468292820,summit_board,福德山,福德山,Fudeshan,24.9668751,121.8970479,555,,,,
7557547949,summit_board,福氣嶺,,,22.7349439,120.3837656,151.3,,,,
12468291809,summit_board,福源山,福源山,Fuyuanshan,24.9784765,121.3647836,320,,,,福源山，320m，無基石。樹林間無展望。
12819781058,summit_board,福祥山,,,23.2073876,120.6476309,935,,,,
12468292748,summit_board,福美山,福美山,Fumeishan,22.9013557,120.5036168,334,,,,
12468293706,summit_board,福興后山,福興后山,Fuxinghoushan,24.6873018,120.9781446,176.26,,,Q31392099,
12468293574,summit_board,福隆山,福隆山,Fulongshan,24.9876446,121.9458827,473,,,Q31611519,
12468295261,summit_board,禿頭山,禿頭山,Tutoushan,25.1724081,121.6881233,120,,,,
12468292058,summit_board,秀姑巒山,秀姑巒山,Xiuguluanshan,23.4967827,121.0575437,3860.00,,zh:秀姑巒山,Q1778890,
12468292967,summit_board,秀崎山,秀崎山,Xiuqishan,25.1111007,121.814868,195,,,,
12468294940,summit_board,秀朗山,秀朗山,Xiulangshan,23.5922388,121.4395941,648.43,,,Q31391671,
12468292468,summit_board,秀魯葉山,秀魯葉山,Xiuluyeshan,24.4200507,121.3267367,2785,,,,
12468292161,summit_board,秋壇山,秋壇山,Qiutanshan,24.9963913,121.3882862,,,,,
10016552140,summit_board,秋木山,,,22.7230317,120.3823919,116,,,,
12468294784,summit_board,科子林山,科子林山,Kezilinshan,23.5621822,120.7100655,1107.31,,,Q31602129,
12468293426,summit_board,科理山,科理山,Kelishan,23.2914874,120.4628648,216.41,,,,
12468295254,summit_board,科里山,科里山,Kelishan,23.2912862,120.4601028,217,,,,
12468292035,summit_board,稍來山,稍來山,Shaolaishan,24.2375951,120.9714433,2307,,,,小百岳認證 #039 稍來山
12468295143,summit_board,稍來山南峰,稍來山南峰,Shaolaishan South Peak,24.2316567,120.9728133,2303,,,,
12468291918,summit_board,稜山,稜山,Lengshan,24.622571,121.4351954,1888.70,,,Q31601541,
12468292806,summit_board,穆特勒布山,穆特勒布山,Mutelaba Shan,24.425,121.249415,3626,,,,
12804267010,summit_board,穩凍山,,,23.288174,120.5218852,920,,,,
12468294757,summit_board,突宙山,突宙山,Tuzhoushan,24.0760946,121.3559122,2741.78,,,Q31595148,
12468294152,summit_board,突角山,突角山,Tujiaoshan,22.5278529,120.9008218,717.89,,,Q31613516,
12468291994,summit_board,窖寮山,窖寮山,Jiaoliaoshan,24.933391,121.8594711,737,,,Q31606162,
7557564224,summit_board,立山,,,22.721648,120.3738098,114.8,,,,
12468294763,summit_board,立霧主山,立霧主山,Liwu Zhushan,24.124908,121.4457166,3070,,zh:立霧主山,Q15898457,
12468295062,summit_board,立霧山,立霧山,Mt. Liwu,24.1781017,121.6418962,1274,,,,小百岳認證 #087 立霧山
12468295149,summit_board,立鷹,立鷹,Liying,24.0807175,121.1717041,2219,,,,
10536633442,summit_board,竹仔崙山,,,24.8524487,121.7424829,890,,,,
12468293528,summit_board,竹圍山,竹圍山,Zhuweishan,24.4314474,120.7659052,406.61,,,Q31596793,
12468291528,summit_board,竹坑山,,,24.1740476,120.5628271,205,,,,
12468292990,summit_board,竹坑山,竹坑山,Zhukengshan,24.8768162,121.4722294,935,,,,
12468293293,summit_board,竹坑山,竹坑山,Zhukengshan,23.9303167,120.7941986,587.40,,,Q31604820,
12468293506,summit_board,竹坑山,竹坑山,Zhukengshan,23.9350661,120.7748492,287.44,,,,
12468295283,summit_board,竹坑山北峰,竹坑山北峰,Zhukengshanbeifeng,24.886463,121.474999,803,,,,
12468292769,summit_board,竹墓,竹墓,Zhumu,23.8049719,120.9587983,1296,,,Q49754700,
12809317848,summit_board,竹子圾山,,,23.1618578,120.5575435,929,,,,
12468295123,summit_board,竹子尖山,竹子尖山,Zhuzijianshan,23.1759468,120.5655588,1109,,,,小百岳認證 #067 竹子尖山
12828483111,summit_board,竹子尖山東峰,,,23.1770231,120.5735832,934,,,,
12468293290,summit_board,竹子山,竹子山,Zhuzishan,22.6727284,120.3689106,50.00,,,,
12468295343,summit_board,竹子山,竹子山,Mt. Zhuzi,25.2141652,121.5634285,1094,,,,
12468292834,summit_board,竹子山前峰,竹子山前峰,Mt. Zhuzi Front Peak,25.210197,121.5592101,1043,,,,
12468292262,summit_board,竹子山北北峰,竹子山北北峰,Zhuzishanbeibeifeng,25.2187967,121.5691701,1030,,,,
12468292835,summit_board,竹子山北峰,竹子山北峰,Mt. Zhuzi North Peak,25.2167578,121.5673784,1074,,,,
12486476209,summit_board,竹子山腳山,,,25.2422972,121.6205647,232,,,,
12809317846,summit_board,竹子排山,,,23.1699759,120.5609714,1038,,,,
12468293105,summit_board,竹子湖山,竹子湖山,Mt. Zhuzihu,25.170594,121.5368541,706,,,,
12468293456,summit_board,竹子赤山;圖根點 赤(06),竹子赤山,,22.9621995,120.3859442,138.36,,,Q31392025,
12468293447,summit_board,竹宅山,竹宅山,Zhuzhaishan,23.1704174,120.3871844,114.25,,,,
12492270824,summit_board,竹山口山,,,22.8997186,120.5650169,155.9,,,,
12804267015,summit_board,竹崙仔山,,,23.2544381,120.5321413,361,,,,
12468292199,summit_board,竹崙山,竹崙山,Zhulunshan,23.6806934,120.77984,1256,,,,
12468292691,summit_board,竹崙山,竹崙山,Zhulunshan,23.2628929,120.5280314,625,,,Q31620322,
12468295282,summit_board,竹崙山,竹崙山,Zhulunshan,24.908362,121.456227,613,,,,
12468295057,summit_board,竹嵩崎山,竹嵩崎山,Zhusongqishan,23.0924654,120.4432326,113,,,,
12468293520,summit_board,竹巷山,竹巷山,Zhuxiangshan,24.0598389,120.5985092,162.58,,,,
12468295190,summit_board,竹林(三等),,,24.0218833,120.6211333,94,,,,
12468294054,summit_board,竹湖山,竹湖山,Zhuhushan,23.2867473,121.4119501,276.71,,,,
12468293023,summit_board,竹篙山,竹篙山,Zhugaoshan,25.1583902,121.5729586,830,,,,
12468292156,summit_board,竹篙山南峰,竹篙山南峰,Mt. Zhugao South Peak,25.1504738,121.5757151,714.00,,,,
12774380214,summit_board,竹篙灣,竹篙灣,,23.6331506,119.5163929,35,,,,
12468294299,summit_board,竹腳山,竹腳山,Zhujiaoshan,23.4555321,120.709897,1089.00,,,,
12468291637,summit_board,竹腳胡山西北峰,竹腳胡山西北峰,Zhujiaohushanxibeifeng,22.9437143,120.3956502,127,,,,"小圖根點, 花崗石"
12468292311,summit_board,竹里山,竹里山,Zhulishan,25.2290363,121.5702785,791,,,,
12468293419,summit_board,竹頭山,竹頭山,Zhutoushan,23.2314339,120.5313541,517,,,Q31609984,
12468293162,summit_board,竹頭山西峰,竹頭山西峰,Zhutoushanxifeng,22.9462093,120.6067846,391.86,,,,
12468293388,summit_board,竹頭崎山,竹頭崎山,Zhutouqishan,23.0795012,120.5296008,278.57,,,Q31391911,
12468294713,summit_board,竹頭角山,竹頭角山,Zhutoujiaoshan,24.7865644,121.3117048,943.54,,,Q31604476,
12468293285,summit_board,竹高厝山,竹高厝山,Zhugaocuoshan,24.836957,121.2742618,210.00,,,,
12804267029,summit_board,竹高崙山,,,23.2255882,120.4772765,539,,,,
12805988394,summit_board,竹高崙山南峰,,,23.2234845,120.4769243,535,,,,
12468292295,summit_board,竿尾崙山,竿尾崙山,Ganweilunshan,25.1996339,121.5350188,886,,,,
12468294963,summit_board,笋子林山,笋子林山,Sunzilinshan,23.7349524,120.7183014,727.19,,,Q31609266,
12468291671,summit_board,笛吹山,笛吹山,Dichuishan,24.2272362,120.9267011,1714,,ceb:Dichui Shan,Q31595754,
12468294576,summit_board,笠頂山,笠頂山,Mt. Liding,22.6501531,120.6439255,658.96,,,,小百岳認證 #076 笠頂山
12468293168,summit_board,笠頂山南峰,笠頂山南峰,Lidingshannanfeng,22.6346216,120.6432683,381.77,,,,
12468293444,summit_board,笨潭山,笨潭山,Bentanshan,23.1982278,120.3881618,113.17,,,,
13249497479,summit_board,第十六洞起點,,,22.6651422,120.3336321,53.51,,,,
7556079950,summit_board,筆架山,筆架山,Bijiashan,22.7222432,120.3670938,107.4,,,,
12468292796,summit_board,筆架山,筆架山,Bijiashan,24.9748287,121.6303675,585,,,Q31615642,
13319324600,summit_board,筆架山,筆架山,Bijiashan,24.9748206,121.6303682,585,,,Q31615642,
12468291660,summit_board,筆架山北峰,筆架山北峰,Bijiashanbeifeng,24.9750786,121.6304983,580,,,,
12468293494,summit_board,筍子尾山,筍子尾山,Sunziweishan,23.7518098,120.7107526,372.23,,,,
12468293401,summit_board,箍桶寮,箍桶寮,Gutongliao,22.7509131,120.3876659,103.05,,,,
12468293603,summit_board,箭竹凸山,箭竹凸山,Jianzhutushan,24.5858295,120.9024626,159.43,,,,
12468292550,summit_board,箭竹坑山,箭竹坑山,Jianzhukengshan,24.6120006,120.9259584,,,,,
12468292548,summit_board,箭竹子山,箭竹子山,Jianzhuzishan,24.8658579,121.7271586,966,,,,
12468294092,summit_board,篤鼻山,篤鼻山,Dubishan,23.5219496,120.6466037,1422.86,,,Q31609229,
12468293627,summit_board,簡窩筧,簡窩筧,Jianwojian,24.4946729,120.769854,223.22,,,,
12468291441,summit_board,籐寮坑山,,,24.9208109,121.7429056,795,,,,
12468293205,summit_board,籠子內山,籠子內山,Longzineishan,23.0572904,120.4376567,100.00,,,,
12468294304,summit_board,籠頭坪山,籠頭坪山,Longtoupingshan,23.4507714,120.6742593,1427.00,,,Q31619910,
12468294220,summit_board,米羅山,米羅山,Miluoshan,24.4534987,121.3748602,1763.00,,,,
12468293872,summit_board,粗坑山,粗坑山,Cukengshan,24.9871562,121.6734139,422.08,,,,
12823614086,summit_board,粗坑山,,,24.7204629,121.64837,439,,,,
12468291745,summit_board,粗坑崙山,粗坑崙山,Cukenglunshan,24.9507864,121.6537222,688,,,,二等三角點
12468293491,summit_board,粗坑頭山,粗坑頭山,Cukengtoushan,23.786183,120.7413724,512.04,,,,
12468295281,summit_board,粽串尖,粽串尖,Zongchuanjian,24.911726,121.488242,728,,,Q31619556,
12468291653,summit_board,糖塔山,糖塔山,Tangtashan,24.7780234,121.0801562,,,,,
12468292151,summit_board,糖子恩山,糖子恩山,Tangzienshan,23.1123433,120.5248162,642,,,Q31596330,
12809317851,summit_board,糖子恩山北峰,,,23.1174374,120.5275994,636,,,,
12809317852,summit_board,糖子恩山南峰,,,23.107166,120.5210602,591,,,,
12468294067,summit_board,糞枝湖,糞枝湖,Fenzhihu,23.025829,120.3627938,101.09,,,,
12468293722,summit_board,糞箕窩,糞箕窩,Fenjiwo,24.859797,121.0761833,262.03,,,,
12468293615,summit_board,紅子坑山,紅子坑山,Hongzikengshan,24.4521203,120.7424309,186.68,,,,
12468291581,summit_board,紅崖山,紅崖山,Hongyashan,23.6165911,121.1419116,,,,Q31623553,
12468291580,summit_board,紅崖山北峰,紅崖山北峰,Hongyashanbeifeng,23.618913,121.1399273,,,,Q31623541,
12468294857,summit_board,紅柴山,紅柴山,Hongchaishan,24.7355213,121.5941879,1138.95,,,,
12468292421,summit_board,紅毛埤山,紅毛埤山,Hongmaopishan,23.4799739,120.4919421,150,,,,小百岳認證 #062 紅毛埤山
12468293773,summit_board,紅毛山,紅毛山,Hongmaoshan,25.101292,121.8958725,428.09,,,Q31601792,
12468294406,summit_board,紅毛山,紅毛山,Hongmaoshan,24.5356593,120.9826315,953.80,,,,
12468295089,summit_board,紅淡山,紅淡山,Hongdanshan,25.1188721,121.7519329,217,,,,小百岳認證 #007 紅淡山
12468292366,summit_board,紅淡山北峰,紅淡山北峰,Hongdanshanbeifeng,25.1213972,121.7533823,148,,,,
12468294164,summit_board,紅石山,紅石山,Hongshishan,23.0533264,121.1407601,800.00,,,,
12468294896,summit_board,紅葉山,紅葉山,Hongyeshan,22.9198803,121.0392226,1575.95,,,Q31602665,
12468292104,summit_board,紅葉水源山,紅葉水源山,Hongyeshuiyuanshan,23.4888181,121.3214741,482,,,,
12468295064,summit_board,紅頭山,紅頭山,Sunrise spot,22.0529994,121.5345806,552,,,,小百岳認證 #097 紅頭山
12468292360,summit_board,紅龍山,紅龍山,Honglongshan,25.1277154,121.7285255,142,,,,
12468294206,summit_board,納納山,納納山,Nanashan,23.456108,121.4741428,516.12,,,Q31599985,
12468295345,summit_board,紗帽山,紗帽山,Mt. Shamao,25.1484335,121.5433489,644.83,,,Q16926734,
12468293888,summit_board,紙寮山,紙寮山,Zhiliaoshan,25.0346594,121.676951,528.47,,,,
13319330932,summit_board,紙寮山,紙寮山,Zhiliaoshan,25.0346661,121.6769314,528.47,,,,
12468292556,summit_board,紙湖山,紙湖山,Zhihushan,24.5732548,120.9476994,,,,Q31616892,
12468292805,summit_board,素密達山,素密達山,Sumidashan,24.4247911,121.2529492,3517,,,,
12468292810,summit_board,紫萊山,紫萊山,Zilaishan,25.0174653,121.742328,,,,,
12468294292,summit_board,紫霞山,,,23.076793,120.5595091,540,,,,
12468292469,summit_board,細道邦,細道邦,Xidaobang,24.386823,120.9088138,1072,,,,
12468294919,summit_board,結城山,結城山,Jiechengshan,24.5072462,121.1784594,2475.47,,,Q31614679,
12468292446,summit_board,綠丘砲台,綠丘砲台,Lvqiupaotai,25.1372975,121.7625602,,,,,
12468291897,summit_board,網子山,網子山,Wangzishan,22.9463478,120.6722403,1378.10,,,,
12468294979,summit_board,網弦山,網弦山,Wangxianshan,24.6600815,120.8298305,63.88,,,,
12468293579,summit_board,網形山,網形山,Wangxingshan,24.9353967,121.8229187,690.99,,,Q31611619,
12468293000,summit_board,線浸山,線浸山,Xianjinshan,23.7649391,120.8265178,1280,,,Q31617982,
12468293825,summit_board,總督嶺,總督嶺,Zongduling,25.1302393,121.7914261,156.49,,,Q31391757,
12468292607,summit_board,總督府54,總督府54,Zongdufu54,24.9874923,121.5248134,,,,,
12468292357,summit_board,總督府注,總督府注,Zongdufuzhu,25.1288972,121.7911945,,,,,
12468294933,summit_board,織羅山,織羅山,Zhiluoshan,23.4437724,121.4469956,1151.79,,,Q31605710,
12468293043,summit_board,罩蘭崎,罩蘭崎,Zhaolanqi,24.295477,120.7977275,423,,,,
12468293154,summit_board,羅娜山北峰,羅娜山北峰,Luonashanbeifeng,23.6110329,120.8597116,1590.00,,,,
12468294838,summit_board,羅打結山,羅打結山,Luodajieshan,22.6658901,120.9961808,940.53,,,Q31601071,
12468293341,summit_board,羅浮山,羅浮山,Luofushan,24.7873111,121.3582377,700.00,,,,
12468294690,summit_board,羅葉尾山,羅葉尾山,Luoyeweishan,24.3987715,121.3269506,2717.12,,,Q31601058,
12468292229,summit_board,羅試山,羅試山,Luoshishan,22.8568796,121.0548921,1098,,,,
12468294694,summit_board,羅閑山,羅閑山,Luoxianshan,24.3135624,121.3579277,2527.24,,,Q31601180,
12468292017,summit_board,羊喜窩庄,羊喜窩庄,Yangxiwozhuang,24.8770278,121.0988302,309.93,,,,
12468291711,summit_board,羊稠公山,羊稠公山,Yangchougongshan,25.051173,121.3118896,,,,,
12468291710,summit_board,羊稠坑山(九分山),,,25.052545,121.3187932,,,,,
12468295215,summit_board,羊頭山,羊頭山,Yangtoushan,24.2082521,121.3797945,3035,,,Q31593623,
12468292863,summit_board,羊頭崙,羊頭崙,Yangtoulun,23.6688556,120.7681926,1592,,,,
12468291681,summit_board,羌仔寮山,羌仔寮山,Qiangzailiaoshan,22.9411041,120.5543453,624,,,,
12468294278,summit_board,羌埔山,羌埔山,Qiangpushan,23.1002698,120.6073653,500.00,,,,
12468294504,summit_board,美夫馬山,美夫馬山,Meifumashan,23.1903522,120.9425732,2244.93,,,Q31614098,
12468294986,summit_board,美奈田主山,美奈田主山,Meinaitianzhushan,22.9766295,121.0016591,2931.21,,,Q31600343,
12468291549,summit_board,美奈田主山北峰,美奈田主山北峰,Meinaitianzhushanbeifeng,22.9855538,120.9958279,2815,,,Q31612497,
12468293982,summit_board,美崙山,美崙山,Meilunshan,23.9929558,121.6143667,109.97,,,Q31391541,
12468292307,summit_board,美腿山,美腿山,Meituishan,24.7903006,121.3091432,805,,,,
12468291539,summit_board,美艷山,美艷山,Meiyanshan,25.0685953,121.9184901,,,,Q31392228,
12468294513,summit_board,美輪山,美輪山,Meilunshan,23.0734535,120.7087419,1333.67,,,Q31610453,
12468292250,summit_board,美鹿山,美鹿山,Meilushan,24.8548569,121.53098,884,,,Q31615778,
12468292798,summit_board,美鹿山南峰,美鹿山南峰,Meilushannanfeng,24.8528205,121.5300791,866,,,,
12809317847,summit_board,美麗峰,,,23.1663498,120.558826,957,,,,
12468294891,summit_board,美龍山,美龍山,Meilongshan,23.1194688,120.747336,1384.78,,,Q31600355,
12468292304,summit_board,義士峰,義士峰,Yishifeng,23.0585906,120.5365366,591,,,,
12468291642,summit_board,義確下山,義確下山,Yiquexiashan,24.7348935,121.1437484,387,,,,內政部國土測繪中心四等控制點GB13
12468291678,summit_board,義確山,義確山,Yiqueshan,24.7352709,121.1436082,397,,,,
12468294440,summit_board,義興山,義興山,Yixingshan,24.7747595,121.3914317,1080.00,,,,
12468292427,summit_board,義西請馬至山,義西請馬至山,Yixiqingmazhishan,23.5867955,121.1532149,3245,,,Q31623832,
12468294489,summit_board,羽美山,羽美山,Yumeishan,23.1569913,121.0969,1346.23,,,Q31613185,
12468292804,summit_board,翠池三叉山,翠池三叉山,Mt. Cuichi Sancha,24.3792468,121.2153426,3585,,,Q31607571,
12468292579,summit_board,翡翠谷山,翡翠谷山,Feicuigushan,24.9094871,121.5898778,,,,,
12468293378,summit_board,老佛下山,老佛下山,Laofuxiashan,22.029802,120.8156932,229.21,,,,
12468294955,summit_board,老佛山,老佛山,Laofoshan,22.0389862,120.7919732,674.26,,,Q34923225,
12468293734,summit_board,老坑尾山,老坑尾山,Laokengweishan,24.887775,121.1514365,339.11,,,,
12468292860,summit_board,老崎坪頂,老崎坪頂,Laoqipingding,24.6932781,120.9513908,180,,,Q31392097,
12468294610,summit_board,老松山,老松山,Laosongshan,24.3967278,121.0540248,2133.20,,,Q31601580,
12468292289,summit_board,老社寮山,老社寮山,Laosheliaoshan,24.7652875,121.1872518,,,,Q31391854,
12468291512,summit_board,老窩山,,,24.8801814,121.1221245,356,,,,
12468292888,summit_board,老虎山,老虎山,Laohushan,24.7934265,121.2112624,395,,,,
12468293621,summit_board,老雞,老雞,Laoji,24.4601145,120.8275139,261.29,,,,
12468293622,summit_board,老雞隆,老雞隆,Laojilong,24.4489764,120.8228437,298.64,,,,
12468292189,summit_board,老鷲尖,老鷲尖,Laojiujian,25.0958991,121.6261647,193.00,,,Q31392352,
12468292188,summit_board,老鷲尖南峰,老鷲尖南峰,Laojiujiannanfeng,25.0945406,121.6271475,,,,,
12468292375,summit_board,老鷹岩,老鷹岩,Laoyingyan,25.1190886,121.8935805,,,,,
12468294241,summit_board,耆古巴林山東峰,耆古巴林山東峰,Qigubalinshandongfeng,22.2392436,120.8280972,556.00,,,,
12468294822,summit_board,耆路知可山,耆路知可山,Qiluzhikeshan,22.2569604,120.7990047,915.56,,,,
12468293327,summit_board,而完窩山,而完窩山,Erwanwoshan,24.7728757,121.2560924,550.00,,,Q31609026,
12468293881,summit_board,耳空龜山,耳空龜山,Erkongguishan,25.0366253,121.6955833,588.32,,,Q31622535,
12468292033,summit_board,耶巴奧山,耶巴奧山,Yebaaoshan,24.4669405,121.2314872,3192,,,Q31607405,
12732581909,summit_board,聖人瀑布頂,,,25.1283768,121.5888051,295,,,,
12468293067,summit_board,聖明山,聖明山,Shengmingshan,25.0872177,121.6132611,86.62,,,,
12468295134,summit_board,聖母峰,聖母峰,Shengmufeng,24.8549863,121.7295719,908,,,Q31616086,
12468292424,summit_board,聖觀音峰,聖觀音峰,Shengguanyinfeng,23.5529981,120.7558508,1550,,,Q31609447,
12468295074,summit_board,聚興山,聚興山,Juxingshan,24.2202215,120.7427112,500,,,,小百岳認證 #040 聚興山
12468293601,summit_board,肚兜桶山,肚兜桶山,Dudoutongshan,24.5315588,120.8500482,151.06,,,,
12468293514,summit_board,肚臍崛山,肚臍崛山,Duqijueshan,23.6565752,120.6836616,729.44,,,,
12468292408,summit_board,肥崠山,肥崠山,Feidongshan,24.25323,120.9340587,1860,,,,
12468294579,summit_board,肯都爾山,肯都爾山,Kendouershan,22.7708808,120.9694744,1946.77,,,Q49752570,
12468294486,summit_board,背戶庵山,背戶庵山,Beihuanshan,23.104118,121.1708978,606.95,,,,
12468294612,summit_board,能甲山,能甲山,Nengjiashan,24.4290557,121.1334723,2207.07,,,,
12468295214,summit_board,能高山,能高山,Nenggaoshan,23.9924783,121.2602485,3262,,zh:能高山,Q13652460,
12468292040,summit_board,能高山南峰,能高山南峰,Nenggaoshan South Peak,23.9655313,121.2781593,3349,,zh:能高南峰,Q15893981,
12468294755,summit_board,能高山東峰,能高山東峰,Nenggaoshandongfeng,24.0050783,121.2841654,2774.91,,,Q31593505,
12468294476,summit_board,脈脈山,脈脈山,Maimaishan,23.4004344,120.7733434,2391.58,,,,
12468291983,summit_board,脹脹埔山,脹脹埔山,Zhangzhangpushan,23.1471141,121.2528258,408.69,,,,
12468292313,summit_board,腦寮莊山,腦寮莊山,Naoliaozhuangshan,24.452259,120.9420212,920,,,,
12781298159,summit_board,腳帛寮,,,22.9026737,120.4578189,149,,,,
12468295271,summit_board,臥牛山,臥牛山,Woniushan,23.18554,120.3793326,117,,,Q31392524,
12468292439,summit_board,臥虎山,臥虎山,Wohushan,25.1523026,121.7194832,,,,,
12468293822,summit_board,臥龍山,臥龍山,Wolongshan,25.0907568,121.7190149,116,,,Q31392428,
12468292006,summit_board,臭頭山,臭頭山,Choutoushan,25.0104975,121.7364516,476,,,,
12468293177,summit_board,臼卡拉布亞恩山北峰,,Jioukalabuya'enshanbeifong,22.4292994,120.6551923,512.745,,,,
12468292319,summit_board,興福山,興福山,Xingfushan,25.0038661,121.5534851,57.52,,,,
12468293132,summit_board,興隆山,興隆山,Xinglongshan,24.9932907,121.5627223,115.16,,,,
12468293085,summit_board,興隆山東北峰,興隆山東北峰,Xinglongshandongbeifeng,24.9949923,121.5676201,115.42,,,,
12468291704,summit_board,舊寮山,舊寮山,Jiuliaoshan,24.5997002,121.731975,630,,,Q31605106,
12468291793,summit_board,舊武界越山,舊武界越山,Jiuwujieyueshan,23.9700055,121.0528955,1668,,,Q31605080,
12468293629,summit_board,舊砲台山,舊砲台山,Jiupaotaishan,24.3267366,120.8665155,597.27,,,,
12468291482,summit_board,"舊砲台山,725m",,,24.7253747,121.2039009,,,,,
12468293907,summit_board,舊莊山,舊莊山,Jiuzhuangshan,25.0380882,121.6183094,70.17,,,,
12468294884,summit_board,舞樂山,舞樂山,Wuleshan,23.2315519,121.0947285,2955.00,,,Q31613197,
12468294492,summit_board,舞樂山前峰,舞樂山前峰,Wuleshanqianfeng,23.1758185,121.0933962,1578.62,,,,
12468293037,summit_board,船型山,船型山,Chuanxingshan,24.2567472,120.985097,2274,,,Q31604972,
12468294461,summit_board,良楠山,良楠山,Liangnanshan,23.2641089,120.8022207,1587.98,,,,
12468292376,summit_board,良楠山南峰,良楠山南峰,Liangnanshannanfeng,23.2555222,120.8114113,,,,,
12468291920,summit_board,良羽鳥山,良羽鳥山,Liangyuniaoshan,24.7781484,121.3440467,1039.47,,,Q31601526,
12468293231,summit_board,芃芃山,芃芃山,Pengpengshan,24.62455,121.471686,1713.00,,,Q31598747,
12475239687,summit_board,芉蓁坑山,,,24.9711529,121.8608939,618,,,,
12468293469,summit_board,芋匏山,芋匏山,Yupaoshan,23.0745579,120.4260485,130.31,,,Q31392518,
12468293477,summit_board,芋蓁坑,芋蓁坑,Yuzhenkeng,23.515167,120.6187752,926.95,,,Q31609599,
12468293588,summit_board,芎蕉坑山,芎蕉坑山,Qiongjiaokengshan,24.4043199,120.7341192,308.19,,,,
12468293476,summit_board,芎蕉山,芎蕉山,Qiongjiaoshan,23.563412,120.5164569,146.69,,,,
12468291414,summit_board,芎蕉窩,,,24.7655006,121.1315028,460,,,,
12468294781,summit_board,芙蓉山,芙蓉山,Furongshan,23.4806164,120.7300036,1968,,,Q31620042,
12468292401,summit_board,芝生毛台山,芝生毛台山,Zhishengmaotaishan,24.6345106,121.3085949,1789,,,,
12468293971,summit_board,花東山,花東山,Huadongshan,23.3246579,121.3996534,1134.82,,,Q31602747,
12468294790,summit_board,花瓣山,花瓣山,Huabanshan,23.1407736,120.5438819,881.32,,,,
12468293953,summit_board,花瓣山前峰,花瓣山前峰,Huabanshanqianfeng,23.1394127,120.5412813,832,,,,
12809317850,summit_board,花瓣山北峰,,,23.1454898,120.5462809,876,,,,
12468292300,summit_board,花蓮山,花蓮山,Hualianshan,23.9327656,121.6076693,77,,,Q31391667,
12468294673,summit_board,芳北山,芳北山,Fangbeishan,24.3925158,121.5598325,1120.31,,,Q31624254,
12468292818,summit_board,芳蘭山,芳蘭山,Fanglanshan,25.0087714,121.5525097,128.53,,,,
12468291997,summit_board,苕谷坑山,苕谷坑山,Shaogukengshan,25.0119857,121.8454103,478.92,,,Q31617410,
12468293221,summit_board,苗圃中心山東峰,苗圃中心山東峰,Miaopuzhongxinshandongfeng,24.341225,120.849031,470.00,,,,
12468293222,summit_board,苗圃中心山西峰,苗圃中心山西峰,Miaopuzhongxinshanxifeng,24.342207,120.846813,440.00,,,,
12468292667,summit_board,苦苓嶺,苦苓嶺,Kulingling,25.1099965,121.8949622,,,,Q31617610,
12468293453,summit_board,苦苓湖山,苦苓湖山,Kulinghushan,22.939016,120.405882,129.19,,,,土地調查局圖根點-冠字赤(31)
12468293642,summit_board,苧子園山,苧子園山,Ningziyuanshan,24.7813487,121.1697851,291.53,,,Q31391858,
12468294217,summit_board,苳苳園山,苳苳園山,Dongdongyuanshan,23.2441041,121.2186974,1650.00,,,Q31594740,
12468294828,summit_board,茄芝萊山,茄芝萊山,Jiazhilaishan,22.1416413,120.7648227,527.58,,,Q31606396,
12468293607,summit_board,茄苳坑山,茄苳坑山,Jiadongkengshan,24.5999721,120.8947666,167.28,,,,
12491759405,summit_board,茄苳坑山,,,24.8660748,121.3199195,347,,,,
12468293662,summit_board,茄苳富士山,茄苳富士山,Jiadongfushishan,24.642356,120.9900269,278.84,,,,
12468293614,summit_board,茄苳崑尾山,茄苳崑尾山,Jiadongkunweishan,24.4451391,120.7574569,394.65,,,,
12468293202,summit_board,茄苳湖山,茄苳湖山,Jiadonghushan,23.0297823,120.5337093,402.51,,,Q31610557,
12468293889,summit_board,茄苳腳,茄苳腳,Jiadongjiao,25.0535178,121.6798334,377.99,,,Q31622501,
12468293504,summit_board,茄荖山,茄荖山,Jialaoshan,23.9971026,120.7024059,246.65,,,,
12468293736,summit_board,茅子埔,茅子埔,Maozipu,24.8549968,121.1634078,296.62,,,,
12468293479,summit_board,茅子埔山,茅子埔山,Maozipushan,23.5563776,120.6004216,1048.35,,,,
12468294295,summit_board,茅山,茅山,Maoshan,23.2085633,120.6512761,1049,,,Q31609678,
12468295129,summit_board,茅山南峰,茅山南峰,maohannanfeng,23.1973001,120.6401824,816,,,,
12468292519,summit_board,茅平山,茅平山,Maopingshan,23.4321998,121.4855757,276.71,,,Q31391549,
12468293140,summit_board,茅草埔山,茅草埔山,Maocaopushan,25.0381918,121.6085888,140.00,,,,
12468292318,summit_board,茅草埔山北峰,茅草埔山北峰,Maocaopushanbeifeng,25.0403034,121.608869,60,,,,
12468293598,summit_board,茍煥山,茍煥山,Jihuanshan,24.5343179,120.7261847,93.29,,,,
12468294597,summit_board,茶仁山,茶仁山,Charenshan,22.5346184,120.7495614,2139.03,,,Q31604858,
12468293253,summit_board,茶園坪山,茶園坪山,Chayuanpingshan,24.6008218,121.0046068,320.00,,,,
12804267009,summit_board,茶園山,,,23.2923037,120.525872,971,,,,
12468293025,summit_board,茶埔岩,茶埔岩,Chapuyan,22.6631295,120.7866144,2360,,,Q31613725,
12468294714,summit_board,茶墾山,茶墾山,Chakenshan,24.7259282,121.4832548,1129.60,,,,
12468291882,summit_board,茶岩山,茶岩山,Chayanshan,24.2804929,121.3223635,2986.89,,,Q31608629,
12468292118,summit_board,茶留凡山,茶留凡山,Chaliufanshan,22.2871911,120.7925808,780,,,Q31606712,
12468294825,summit_board,茶茶牙頓山,茶茶牙頓山,Chachayadunshan,22.347158,120.7675896,1325.95,,,Q31606753,
12468291589,summit_board,茶青角山,茶青角山,Chaqingjiaoshan,22.9409295,120.5691971,,,,,
12468294087,summit_board,茶頂山,茶頂山,Chadingshan,22.9070048,120.5948838,456.85,,,Q31606554,
12468291706,summit_board,草古安山,草古安山,Caoguanshan,23.4889432,121.3041406,,,,Q49752241,
12468294821,summit_board,草埔後山,草埔後山,Caopuhoushan,22.25209,120.7563654,903.16,,,Q34837192,
12468294366,summit_board,草塌仔山,草塌仔山,Caotazaishan,23.865709,120.8822254,882.00,,,,
12468293268,summit_board,草寮山,草寮山,Caoliaoshan,24.4961383,120.9206594,780.00,,,,
12468291877,summit_board,草山,草山,Caoshan,23.8210995,121.2401251,2811.00,,,Q31612808,
12468293181,summit_board,草山,草山,Caoshan,22.3357209,120.6713616,618.10,,,,
12468293974,summit_board,草山,草山,Caoshan,25.0939542,121.8758634,714.65,,,Q31595310,
12468294006,summit_board,草山,草山,Caoshan,22.0637699,121.5661814,124.97,,,Q31391413,
12468295036,summit_board,草山,,Taaoshan,23.1678961,120.5197153,331,,,,
12487688417,summit_board,草山南峰,,,25.0844846,121.8775449,625,,,,
12468291968,summit_board,草嶺山,草嶺山,Caolingshan,24.8448184,121.2946873,347.68,,,Q31595384,
12468293492,summit_board,草嶺頂山,草嶺頂山,Caolingdingshan,23.8270728,120.7663045,348.55,,,,
12468295023,summit_board,草湳山,草湳山,Caonanshan,24.8235384,121.7192525,619.54,,,Q31595370,
12468293561,summit_board,草鹿山,草鹿山,Caolushan,24.5907161,121.8387885,99.75,,,Q31392183,
12495559517,summit_board,荖寮山,,,25.0593805,121.759212,570,,,,
12468294201,summit_board,荖溪山,荖溪山,Laoxishan,23.8877264,121.4833647,740.00,,,Q31616472,
12468293387,summit_board,荖濃山,荖濃山,Laonongshan,23.0709811,120.6680113,468.42,,,,
12468294479,summit_board,荖濃山,荖濃山,Laonongshan,23.3123116,120.8662277,2199.55,,,Q31621383,
12468293200,summit_board,荖濃越山,荖濃越山,Laonongyueshan,23.0874455,120.6368201,1064.70,,,Q31610338,
12468293572,summit_board,荖蘭山,荖蘭山,Laolanshan,25.0160778,121.9731012,387.01,,,,
12468291453,summit_board,荷戈富士山,,,24.0250434,121.1531755,1349,,,,
12468291953,summit_board,荷苞山,荷苞山,Hebaoshan,23.6596562,120.5844998,265.17,,,Q19853603,
12468293119,summit_board,莊子頂山,莊子頂山,Mt. Zhuang-zi-ding,25.1076874,121.5535139,205.00,,,,
12468294227,summit_board,莎卡蘭山,莎卡蘭山,Shakalanshan,22.775374,120.6697828,682.00,,,,
12468292228,summit_board,莫很山,莫很山,Mohenshan,24.4094666,121.6197011,,,,,
12828482200,summit_board,莿仔埔山,,,23.1747688,120.3930555,149,,,,
12468293555,summit_board,莿子崙莊,莿子崙莊,Cizilunzhuang,24.7896016,121.7327684,62.86,,,,
12492249300,summit_board,莿桐坑山,,,22.9181604,120.5316555,222,,,,
12468293758,summit_board,菁埔山,菁埔山,Jingpushan,25.1054092,121.3699007,221.10,,,Q31392506,
12468292833,summit_board,菜公坑山,菜公坑山,Mt. Caigongkeng,25.1914629,121.5208748,883,,,,
12468291826,summit_board,菜刀崙山,菜刀崙山,Caidaolunshan,24.9020052,121.5419948,448.10,,,,
12468293531,summit_board,菜壽凸,菜壽凸,新百分二山,24.3949759,120.8251741,847.04,,,Q31618513,
12468292867,summit_board,菜頭崙,菜頭崙,Mt. Tsaitou,25.1947571,121.5440608,1039,,,,
12468294409,summit_board,萊園坪山,萊園坪山,Laiyuanpingshan,24.5385465,120.9686343,520.00,,,,
12468292710,summit_board,萊萊山,萊萊山,Lailaishan,25.0012306,121.9899916,206,,,,
12468294652,summit_board,萩坂山,萩坂山,Qiubanshan,24.1897196,121.4645773,1278.75,,,Q31610839,
12468292049,summit_board,萬人山,萬人山,Wanrenshan,23.2325246,121.3167107,886.10,,,,小百岳認證 #092 萬人山
12468292957,summit_board,萬壽山,萬壽山,Wanshoushan,25.1063752,121.7973119,180,,,,
12480568453,summit_board,萬壽山,,,25.1061538,121.7149972,124,,,,
12468291898,summit_board,萬安山,萬安山,Wan'an Shan,23.0967801,121.2224881,338.28,,,Q31594517,
12468292121,summit_board,萬山,萬山,Wanshan,22.9208024,120.8293516,2535,,,Q31612523,
12468291945,summit_board,萬斗山,萬斗山,Wandoushan,23.8832331,120.7241812,380.31,,,Q31594354,
12468293019,summit_board,萬芳山,萬芳山,Wanfangshan,25.0023703,121.5588566,55.00,,,,
12468295019,summit_board,萬里得山,萬里得山,Wanlideshan,22.0681554,120.8417299,527,,,,
12468294813,summit_board,萬里橋山,萬里橋山,Wanliqiaoshan,23.7424496,121.400565,1238.04,,,Q31594414,
12468294103,summit_board,萬金山,萬金山,Wanjinshan,22.6075146,120.6296425,241.78,,,Q31392591,
12468292702,summit_board,萬頭蘭,萬頭蘭,Wantoulan,22.9442038,120.775772,1475,,,Q31594339,
12468293705,summit_board,萬高坑山,萬高坑山,Wangaokengshan,24.7135796,120.9550892,106.00,,,,
12468294245,summit_board,著地螺留山,著地螺留山,Zhudiluoliushan,22.4409634,120.7095463,870.00,,,Q31604488,
12468293172,summit_board,著地螺留山西北峰,著地螺留山西北峰,Zhudiluoliushanxibeifeng,22.4471324,120.694579,475.00,,,,
12468294147,summit_board,著家位山,著家位山,Zhujiaweishan,22.4042054,120.8393065,782.00,,,,
12468293869,summit_board,葛子寮山,葛子寮山,Geziliaoshan,25.0652159,121.64823,68.91,,,,
12468293137,summit_board,葫蘆洲山,葫蘆洲山,Huluzhoushan,25.0662804,121.6058538,68.00,,,,
12468292799,summit_board,蓬萊仙島山,蓬萊仙島山,Penglaixiandaoshan,24.8054849,121.2461698,380,,,,
12468294582,summit_board,蓬萊山,蓬萊山,Penglaishan,22.6830737,120.8849978,1836.17,,,Q31613650,
12468293326,summit_board,蓮包山,蓮包山,Lianbaoshan,24.7588139,121.2737333,1055.00,,,Q31619661,
12468293295,summit_board,蓮花池山,蓮花池山,Lianhuachishan,23.9102289,120.8771966,951.94,,,Q31603598,
12468291471,summit_board,蓮華池山,,,23.9275939,120.8787006,855,,,,
12468294402,summit_board,蕃婆石山,蕃婆石山,Fanposhishan,24.6044124,121.0343635,620.00,,,,
12468293833,summit_board,蕃子寮,蕃子寮,Fanziliao,25.2345383,121.4882418,148.03,,,,
12468294137,summit_board,蕃子寮山,蕃子寮山,Fanziliaoshan,24.5591205,120.914386,491.55,,,Q31616981,
12468294772,summit_board,蕃社坑山,蕃社坑山,Fanshekengshan,24.5689309,121.6869296,1065.95,,,Q31617261,
12468292944,summit_board,蕃社跡山,蕃社跡山,Fanshejishan,24.5481,121.3552833,1548,,,,
12468293753,summit_board,蕃薯寮,蕃薯寮,Fanshuliao,25.2112518,121.4698778,128.68,,,,
12468293989,summit_board,蕃薯寮山,蕃薯寮山,Fanshuliaoshan,24.9548205,121.8932404,455.56,,,Q31604143,
12468294192,summit_board,蕃薯寮山,蕃薯寮山,Fanshuliaoshan,23.7343093,121.5405493,480.00,,,Q31391955,
12468293766,summit_board,蕃薯窩山,蕃薯窩山,Fanshuwoshan,24.9577685,121.6393855,469.62,,,,
12468295056,summit_board,蕃蘭山,蕃蘭山,Fanlanshan,23.0892086,120.4211197,130,,,Q31391716,
12468294520,summit_board,蕃里山,蕃里山,Fanlishan,23.0433907,120.7663067,1209.92,,,Q31614215,
12468293409,summit_board,蕉芎宅山,蕉芎宅山,Jiaoqiongzhaishan,23.3896981,120.4741198,137.02,,,,
12468293391,summit_board,蕉芭英山,蕉芭英山,Jiaobayingshan,23.0296444,120.5469932,332.73,,,,
12468292604,summit_board,蕩跋山,蕩跋山,Dangbashan,24.7669096,121.208653,423,,,Q31596345,
12468294544,summit_board,蕪丹山,蕪丹山,Wudanshan,22.917017,120.8958009,1839.58,,,Q31593712,
12468293322,summit_board,薯園山,薯園山,Shuyuanshan,24.6795693,121.1106384,602.00,,,Q31614543,
12468292904,summit_board,薯榔尖,薯榔尖,Shulangjian,25.0284283,121.7132702,622,,,Q31623076,
12828483102,summit_board,藍鳥山,,,23.1480525,120.4533102,243,,,,
12468291791,summit_board,藍鵲峰,藍鵲峰,Lanquefeng,25.0242393,121.755325,389,,,,
12468294319,summit_board,藤四七山,藤四七山,Tengsiqishan,24.0255252,121.2007525,1513.00,,,,
12468293195,summit_board,藤坑山,藤坑山,Tengkengshan,22.9987491,120.525338,227.85,,,,
12468292679,summit_board,藤寮坑山,藤寮坑山,Tengliaokengshan,25.0092847,121.7003768,,,,,
12468292106,summit_board,藤枝山,藤枝山,Tengzhishan,23.0620444,120.7384853,1563,,,,小百岳認證 #068 藤枝山
12468294118,summit_board,藤湖山,藤湖山,Tenghushan,23.7754311,120.7199819,321.66,,,Q31595824,
12468293533,summit_board,藤菜坑山,藤菜坑山,Tengcaikengshan,24.393811,120.7821222,464.16,,,,
12468293208,summit_board,蘇厝山,蘇厝山,Sucuoshan,23.3707787,120.464449,119.81,,,,
12468295039,summit_board,蘇澳山,蘇澳山,Suaoshan,24.6013399,121.8437676,245,,,,
12468294270,summit_board,蘇羅埔山,蘇羅埔山,Suluopushan,23.0884478,120.7063655,850.00,,,,
12468294381,summit_board,蘇魯山東峰,蘇魯山東峰,Sulushandongfeng,24.3620008,120.8938914,866.00,,,,
12468295015,summit_board,蘭崁山,蘭崁山,Lankanshan,24.5376014,121.7606652,1476.54,,,,
12468293691,summit_board,虎子山,虎子山,Huzishan,24.8059774,120.9265398,7.31,,,,
12468295016,summit_board,虎子山,虎子山,Huzi Mountain,23.9738833,120.9820167,556,,zh:虎子山 (埔里),Q17036510,
12468295298,summit_board,虎子山,虎子山,Huzishan,22.9536038,120.2373607,25,,,,
12475239692,summit_board,虎子山,,,25.0143966,121.9447267,52,,,,
12468293954,summit_board,虎寮坑山,虎寮坑山,Huliaokengshan,23.190771,120.556439,606,,,,
12468293853,summit_board,虎寮潭山,虎寮潭山,Huliaotanshan,24.9474816,121.7522771,566.48,,,,
12468294603,summit_board,虎山,虎山,Hushan,24.4829582,120.9948884,1493.47,,,,
12468295092,summit_board,虎山峰,虎山峰,Hushanfeng,25.0313229,121.5836085,142,,,,
12468294388,summit_board,虎山西南峰,虎山西南峰,Hushanxinanfeng,24.4785221,120.9818975,1002.00,,,,
12468294209,summit_board,虎狼山,虎狼山,Hulangshan,23.6022296,121.360719,844.90,,,Q31602733,
12468294697,summit_board,虎禮山,虎禮山,Hulishan,24.6210391,121.3367074,2276.01,,,Q31608035,
12468293006,summit_board,虎空山,虎空山,Hukongshan,25.0114355,121.53009,35.00,,,,
12468294225,summit_board,虎背山,虎背山,Hubeishan,24.8024986,121.6793034,801.90,,,Q31602611,
12468292720,summit_board,虎頭山,虎頭山,Hutoushan,22.793275,121.147664,192,,,Q31391643,
12468292909,summit_board,虎頭山,虎頭山,Hutoushan,23.1252998,120.4868393,,,,Q31391639,
12468292935,summit_board,虎頭山,虎頭山,Hutoushan,25.1721804,121.4641589,,,,,
12468293917,summit_board,虎頭山,虎頭山,Hutoushan,22.0501491,120.7607618,441.30,,,Q31602571,
12468294962,summit_board,虎頭山,虎頭山,Hutoushan,24.4937674,120.6848669,93.42,,,Q31391635,
12468295000,summit_board,虎頭山,虎頭山,Hutoushan,23.5614354,121.3229649,1746.88,,,Q31602556,
12468295107,summit_board,虎頭山,虎頭山,Hutoushan,25.0167458,121.3305916,256,,,Q31392504,
12468295295,summit_board,虎頭山,虎頭山,Hutoushan,23.0291459,120.3369685,61.43,,,Q31391641,
12774533192,summit_board,虎頭山,虎頭山,,23.6079269,119.6536159,26,,,,
12468291766,summit_board,虎頭崁山,虎頭崁山,Hutoukanshan,24.4676375,120.7518781,322,,,,
12468294232,summit_board,虱母山,虱母山,Shimushan,22.1126143,120.7542498,384.00,,,Q31597770,
12468294298,summit_board,虱石山,虱石山,Shishishan,23.4594262,120.7431124,1109.95,,,Q31620055,
12468294832,summit_board,虷泉山,虷泉山,Hanquanshan,22.5468118,120.9201066,1053.60,,,Q31603712,
12468293187,summit_board,虻彈山主峰,虻彈山主峰,Mengdanshanzhufeng,22.5962608,120.6600442,1007,,,,
12468293170,summit_board,虻彈山北峰,虻彈山北峰,Mengdanshanbeifeng,22.6157858,120.6500301,439.69,,,,
12468293182,summit_board,虻彈山西峰,虻彈山西峰,Mengdanshanxifeng,22.6033107,120.643365,756.92,,,,
12468293296,summit_board,蚊子坑山,蚊子坑山,Wenzikengshan,24.6528201,121.7086256,130.00,,,,
12468294002,summit_board,蚊子坑山,蚊子坑山,Wenzikengshan,25.1009401,121.9079147,355.35,,,Q31594236,
12468294256,summit_board,蚊罩山,蚊罩山,Wenzhaoshan,22.1207306,120.7367222,704.43,,,Q31594266,
12468295059,summit_board,蚵殼坑山,蚵殼坑山,Hekekengshan,23.0281119,120.3851048,137,,,,
12468292359,summit_board,蚵殼港山,,,25.1305811,121.7265147,147,,,,
12468293808,summit_board,蛇子崙山,蛇子崙山,Shezilunshan,25.0956514,121.8148404,290.29,,,,
12468292652,summit_board,蛇山,蛇山,Sheshan,24.5215666,121.82835,,,,,
12468292997,summit_board,蛇山,蛇山,Sheshan,22.6694757,120.2797729,,,,,
12468292843,summit_board,蛇頭山,蛇頭山,Snake's Head Mountain,22.9071424,120.6955598,353,,,Q31621044,
12468292419,summit_board,蛇頭山 (小百岳認證點),,,23.549463,119.5482887,,,,,小百岳認證 #100 蛇頭山
12468293786,summit_board,蝙蝠山,蝙蝠山,Bianfushan,25.027347,121.865036,252,,,Q31391499,
12468292045,summit_board,螺婆間山,螺婆間山,Luopojianshan,23.8972689,121.0715179,1757.72,,,Q31601111,
12468292223,summit_board,蟾蜍山,蟾蜍山,Chanchushan,24.8519864,121.4310672,621,,,Q31619402,無基石
12468293007,summit_board,蟾蜍山,蟾蜍山,Chanchushan,25.0080496,121.5440941,128.00,,zh:蟾蜍山,Q15933458,
12468291890,summit_board,衣丁山,衣丁山,Yidingshan,22.5109125,120.7532635,2068.11,,,Q31602474,
12468294663,summit_board,袋角山,袋角山,Daijiaoshan,24.2509251,121.4379095,2107.99,,,Q31608738,
12468294330,summit_board,裏門山,裏門山,Limenshan,23.595211,121.1382903,3335.00,,,Q31623796,
12468292403,summit_board,補武42,補武42,Buwu42,23.1681579,121.2957542,,,,,
12468291801,summit_board,裡冷山,裡冷山,Lilengshan,24.171446,120.960189,745,,,,
12468294449,summit_board,西丘斯山,西丘斯山,Xiqiusishan,24.5875435,121.3861292,2427.00,,,Q31603228,
12828483101,summit_board,西乃山,,,23.0993491,120.4140912,222,,,,
12475239695,summit_board,西九份坑山,西九份坑山,Xijiufenkengshan,25.0443141,121.8701835,129,,,,
12468293792,summit_board,西九份坑山前峰,西九份坑山前峰,Xijiufenkengshanqianfeng,25.0430821,121.86968,110,,,,
12468294547,summit_board,西亞欠山,西亞欠山,Xiyaqianshan,22.9330376,120.9551371,2304.55,,,,
12468293928,summit_board,西加路蘭山,西加路蘭山,Xijialulanshan,22.8152736,121.1712632,209.00,,,,
12468293875,summit_board,西勢坑山,西勢坑山,Xishikengshan,25.0797386,121.7194025,252.86,,,,
12468294613,summit_board,西勢山,西勢山,Xishishan,24.3867527,121.1100069,2773.21,,,Q31602903,
12468292242,summit_board,西勢湖山,西勢湖山,Xishihushan,23.7048007,120.7680766,1021,,,,
12468291473,summit_board,西北角,,,22.6693846,120.2658594,,,,,
12468291661,summit_board,西原荖腦山,西原荖腦山,Xiyuanlaonaoshan,23.8528195,121.4414532,,,,Q31602831,
12468294927,summit_board,西吉南山,西吉南山,Xijinanshan,24.3200921,121.4871624,2693.94,,,Q31603245,
12468294236,summit_board,西大武山,西大武山,Xidawushan,22.6186422,120.725206,1894.00,,,Q31621253,
12468294027,summit_board,西姑子律山,西姑子律山,Xiguzilvshan,23.4186731,121.4784385,216.59,,,,
12468293030,summit_board,西嫩娃爾山,西嫩娃爾山,Xinenwaershan,23.9325121,121.2173941,1985,,,Q31612770,
12468294926,summit_board,西寶山,西寶山,Xibaoshan,24.212287,121.4668042,1795.28,,,Q31610826,
12468293994,summit_board,西山,西山,Xishan,25.0117082,121.8789019,334.62,,,Q31617422,
12468292949,summit_board,西峰,西峰,Xifeng,22.7325836,120.3060255,54,,,,
12468292088,summit_board,西崁山,西崁山,Mt. Xikan,23.7376609,119.5970744,18,,,,
12468294485,summit_board,西崙天山,西崙天山,Xiluntianshan,23.1866029,121.1552781,1978.44,,,,
12468295228,summit_board,西巒大山,西巒大山,Xiluandashan,23.6940034,120.9473179,3081,,zh:西巒大山,Q17067002,
12468292986,summit_board,西川山,西川山,Xichuanshan,22.6827983,121.0267583,,,,Q31603187,
12468292795,summit_board,西帽子岩,西帽子岩,Ximaoziyan,24.9820023,121.644434,480,,,,
12468291504,summit_board,西帽山,,,24.5513813,121.8145225,960,,,,
12468292611,summit_board,西平山,西平山,Xipingshan,24.1929712,120.7369525,,,,,
12468295206,summit_board,西平山,西平山,Xipingshan,24.1942167,120.7361333,409,,,,
12468291464,summit_board,西德山北峰,,,24.5626321,121.751113,1200,,,,
12468292603,summit_board,西新城山,西新城山,Xixinchengshan,24.7678554,121.1620456,,,,,
12468292086,summit_board,西朗吾呂山,西朗吾呂山,Xilangwulvshan,22.7625942,120.81338,1039,,,,
12468292159,summit_board,西桃山,西桃山,Xitaoshan,24.5949326,121.0981254,,,,,
12468294385,summit_board,西橫龍山,西橫龍山,Xihenglongshan,24.4849739,120.9543502,1090.00,,,,
12468294434,summit_board,西油羅山,西油羅山,Xiyouluoshan,24.6356841,121.1563366,1120,,,,
12468293441,summit_board,西港仔湖山,西港仔湖山,Xigangzaihushan,23.2388249,120.4199333,187.77,,,,
12468293123,summit_board,西湖山,西湖山,Xihushan,25.0924203,121.5663481,196.00,,,,
12468292653,summit_board,西烏帽山,西烏帽山,Xiwumaoshan,24.573465,121.7147487,1007,,,Q31617346,
12468293351,summit_board,西熊空山,西熊空山,Xixiongkongshan,24.8810198,121.4401349,792.00,,,Q31603131,
12468293279,summit_board,西獅頭山,西獅頭山,Xishitoushan,24.7440982,121.1911484,360.00,,,Q31614860,
12468293312,summit_board,西白毛山,西白毛山,Xibaimaoshan,24.1488751,120.8760629,874.90,,,,
12468294176,summit_board,西老山,西老山,Xilaoshan,22.4215033,120.8791566,870.00,,,,
12498180065,summit_board,西胡山北峰,,,25.0979604,121.5646526,230,,,,
12468294527,summit_board,西良母嵐山,西良母嵐山,Xiliangmulanshan,23.2352441,120.7905787,1688.47,,,,
12468294267,summit_board,西良母嵐山南峰,西良母嵐山南峰,Xiliangmulanshannanfeng,23.2141796,120.7987986,860.00,,,,
12468291408,summit_board,西苧子園,,,24.770398,121.1650282,267,,,,
12468294155,summit_board,西規那山,西規那山,Xiguinashan,22.6303321,120.9225846,1090.00,,,,
12468293746,summit_board,西門庄,西門庄,Ximenzhuang,25.1547908,121.4289072,82.54,,,,
12468292686,summit_board,西關刀山,西關刀山,Xiguandaoshan,24.0056888,120.9989751,,,,Q31603114,
12468294350,summit_board,西關刀山北峰,西關刀山北峰,Xiguandaoshanbeifeng,24.0169156,121.0057409,1450.00,,,,
12468293311,summit_board,西關刀山南峰,西關刀山南峰,Xiguandaoshannanfeng,23.9975786,120.9985281,1107.00,,,,
12468294358,summit_board,西關刀山東南南峰,西關刀山東南南峰,Xiguandaoshandongnannanfeng,23.9900576,121.0091083,920.00,,,,
12468292662,summit_board,西阿玉山,西阿玉山,Xiayushan,24.7875627,121.5921065,,,,,
12468295128,summit_board,西阿里關山,西阿里關山,Xialiguanshan,23.1829781,120.6411849,970,,,,小百岳認證 #066 西阿里關山
12468292675,summit_board,西頭山,西頭山,Xitoushan,25.0828774,121.6580092,174.48,,,Q31392410,
12468294732,summit_board,西馬縫山,西馬縫山,Ximafengshan,24.5692863,121.5269656,1193.34,,,,
12468294424,summit_board,西高橋山,西高橋山,Xigaoqiaoshan,24.5628433,121.167689,1770.00,,,,
12468291765,summit_board,西鳳林山,西鳳林山,Xifenglinshan,23.7614484,121.3889092,,,,Q31603159,
12468291796,summit_board,西鶯山,西鶯山,Xiyingshan,24.9593545,121.3467898,120,,,,區界586水泥基石
12468294274,summit_board,西龜山,西龜山,Xiguishan,23.0040288,120.6746339,880.00,,,,
12468294518,summit_board,見付山,見付山,Jianfushan,23.0345844,120.7439765,1686.30,,,Q31609970,
12468294524,summit_board,見睛山,見睛山,Jianjingshan,23.00548,120.8504072,2720.06,,,Q31614163,
12468294736,summit_board,見睛山,見睛山,Jianjingshan,24.5103309,121.5240194,1880.41,,,,
12468294749,summit_board,見睛山,見睛山,Jianjingshan,23.8417596,121.3003212,2794.87,,,Q31616814,
12468294915,summit_board,見睛山,見睛山,Jianjingshan,24.4556174,121.4780049,2491.53,,,,
12468294590,summit_board,規那山,規那山,Guinashan,22.6322095,120.9412782,1397.41,,,Q31601890,
12468292829,summit_board,觀景峰,,,22.6579403,120.2590879,252,,,,
12468293757,summit_board,觀音坑,觀音坑,Guanyinkeng,25.1122363,121.4364043,219.58,,,Q31392495,
12468291615,summit_board,觀音山,觀音山,Guanyinshan,23.5130743,119.5985779,16,,,,
12468292208,summit_board,觀音山,觀音山,Guanyinshan,25.0107661,121.5339341,,,,,
12468292565,summit_board,觀音山,觀音山,Guanyinshan,24.4387451,120.8360395,597,,,Q31601930,
12468293439,summit_board,觀音山,觀音山,Guanyinshan,23.0044696,120.3779768,152.29,,,Q31391611,
12468293481,summit_board,觀音山,觀音山,Guanyinshan,23.665559,120.5949472,215.21,,,Q31391606,
12468293552,summit_board,觀音山,觀音山,Guanyinshan,24.2434837,120.7480086,481.82,,,Q31601904,
12468293942,summit_board,觀音山,觀音山,Guanyinshan,23.3919463,121.358858,222.85,,,Q31391608,
12468294110,summit_board,觀音山,觀音山,Guanyinshan,23.5835307,120.5767216,429.56,,,Q31609435,
12468294408,summit_board,觀音山,觀音山,Guanyinshan,24.5229411,120.9542088,890.00,,,,
12468294635,summit_board,觀音山,觀音山,Guanyinshan,24.2785286,120.9264179,1250.70,,,Q31601944,
12468294792,summit_board,觀音山,觀音山,Guanyinshan,23.9950597,120.9050729,837.76,,,Q31601958,
12468295034,summit_board,觀音山,觀音山,Guanyinshan,23.1668012,120.5166176,312,,,Q31610519,
12468295238,summit_board,觀音山,觀音山,Mt. Guanyin,25.1359166,121.4267179,611,,,,
13397053128,summit_board,觀音山 (小百岳認證點),,,25.1359327,121.4266742,,,,,小百岳認證 #005 八里觀音山
12468291741,summit_board,觀音湖山,觀音湖山,Guanyinhushan,25.0823534,121.7406271,266,,,Q31622746,
12468294021,summit_board,觀音鼻,觀音鼻,Guanyinbi,22.2362507,120.8904611,286.40,,,Q31602000,
12468293342,summit_board,角板山,角板山,Jiaobanshan,24.830335,121.3498663,637.00,,,Q15888327,
12468293403,summit_board,角秀,角秀,Jiaoxiu,22.7836178,120.3652608,78.03,,,,
12468295303,summit_board,角秀山,角秀山,Jiaoxiushan,23.20539,120.339405,48,,,,
12468292639,summit_board,觸口,觸口,Chukou,23.7446253,120.6402362,319,,,,3等衛星控制點MZ39
12468292640,summit_board,觸口山,觸口山,Chukoushan,23.7450429,120.6417771,,,,Q31609153,
12468295040,summit_board,詩崙山,詩崙山,Shilunshan,24.4395646,121.3148943,3194,,,,
12468293236,summit_board,詩朗山,詩朗山,Shilangshan,24.8565238,121.3805072,652,,,,
12468292962,summit_board,論劍山,論劍山,Lunjianshan,25.0949253,121.5699903,266,,,,
12468294810,summit_board,論外山,論外山,Lunwaishan,24.1064433,121.5721408,1120.12,,,Q31600841,
12468293544,summit_board,谷大坑山,谷大坑山,Gudakengshan,24.1940324,120.7739711,370.60,,,,
12468292636,summit_board,豎嶺山,豎嶺山,Shulingshan,25.1121588,121.6575434,,,,,
12468291995,summit_board,豎旗山,豎旗山,Shuqishan,24.9479664,121.8137606,813,,,Q31593786,
12424523070,summit_board,豎旗山南峰,,,24.943856,121.8169895,800,,,,
12468294208,summit_board,豐南村,豐南村,Fengnancun,23.1311099,121.2918378,560.00,,,Q31618823,
12468291972,summit_board,象山,象山,Xiangshan,24.6211014,120.9952409,455.49,,,Q31616994,
12468294396,summit_board,象山,象山,Xiangshan,24.3181439,120.8876625,680.00,,,,
12468295356,summit_board,象山峰,象山峰,Xiangshanfeng,25.0266094,121.5755756,184,,,Q15919621,
12468293090,summit_board,象頭埔山,象頭埔山,Xiangtoupushan,25.0012785,121.5924169,102,,,,
12468291514,summit_board,象鼻嘴,,,23.8298427,121.5280687,65,,,,
12468291513,summit_board,象鼻嘴東峰,,,23.8303997,121.5304941,130,,,,
12468292629,summit_board,象鼻岩,象鼻岩,Xiangbiyan,25.1357118,121.8244311,,,,,
12468292109,summit_board,豬槽山,豬槽山,Zhucaoshan,24.1267831,120.7412264,210,,,,
12468291789,summit_board,豬母屏山,豬母屏山,Zhumupingshan,25.2284505,121.5555916,759,,,,無基石
12774744594,summit_board,豬母水,豬母水,,23.5231925,119.5858102,30,,,,
12468294022,summit_board,豬母水山,豬母水山,Zhumushuishan,23.5113304,119.5866586,26.65,,,,
12468294958,summit_board,豬老束山,豬老束山,Zhulaoshushan,22.010999,120.8561944,410.45,,,,
12468291818,summit_board,豬肚潭山(拔仔頭山),,,23.9305541,120.734825,261.78,,,,
12468294762,summit_board,豬股山,豬股山,Zhugushan,24.1143276,121.5284053,2495.94,,,Q31604794,
12468295093,summit_board,豹山峰,豹山峰,Baoshanfeng,25.0293298,121.582653,142,,,,
12468295055,summit_board,貓兒干山,貓兒干山,Maoerganshan,23.106236,120.4385342,107,,,Q31391552,
12468291900,summit_board,貓公山,貓公山,Maogongshan,23.5807362,121.5186542,395.28,,,Q31391960,
12468292238,summit_board,貓冬望山,貓冬望山,Maodongwangshan,23.6792622,120.7635324,1520,,,Q31613959,
12468292420,summit_board,貓囒山,貓囒山,Maolanshan,23.8814627,120.9080923,1015,,,Q31600572,
13397053126,summit_board,貓囒山 (小百岳認證點),,,23.8809136,120.9079165,,,,,小百岳認證 #049 貓囒山
12468294011,summit_board,貓山,貓山,Maoshan,22.7793708,121.1383633,56.91,,,,
12468292824,summit_board,貓空圓山,貓空圓山,Maokongyuanshan,24.9669892,121.6031139,502.83,,,Q31616124,
12468292094,summit_board,貓空圓山東北峰,貓空圓山東北峰,Maokongyuanshandongbeifeng,24.9678374,121.6051649,477.06,,,,
12468292096,summit_board,貓空尖,貓空尖,Maokongjian,24.9610283,121.6011208,556.69,,,,
12468292390,summit_board,貓霧霜山,貓霧霜山,Maowushuangshan,23.8724054,120.711363,,,,,
12468293298,summit_board,貢仔子湖山,貢仔子湖山,Gongzaizihushan,24.7346847,121.6729045,390.00,,,,
12468293239,summit_board,貢寮山,貢寮山,Gongliaoshan,25.0223763,121.9124891,60.00,,,,
12468292684,summit_board,貴妃山,貴妃山,Guifeishan,24.7525709,121.3006838,1450,,,,
12468293112,summit_board,貴子坑山,貴子坑山,Mt. Guizikeng,25.150651,121.4930457,164.00,,,,
12468292038,summit_board,賀田山,賀田山,Hetianshan,23.8877439,121.5868615,441.20,,,Q31391696,
12468294046,summit_board,賀田村,賀田村,Hetiancun,23.8886152,121.5191921,125.09,,,,
12468293910,summit_board,賴仲坑山,賴仲坑山,Laizhongkengshan,25.0123029,121.627225,146.78,,,Q31392360,
12468294502,summit_board,贊雅樂山,贊雅樂山,Zanyaleshan,23.0582643,121.0142681,2480.24,,,Q31595414,
12468293718,summit_board,赤山,赤山,Chishan,24.7326701,120.8920113,86.21,,,,
12468294019,summit_board,赤山,赤山,Chishan,22.6422289,120.3600226,33.02,,,,
12468294845,summit_board,赤柯山,赤柯山,Chikeshan,24.7566865,121.2014897,453.83,,,Q31605747,
12468292936,summit_board,赤柯山南峰,赤柯山南峰,Chikeshannanfeng,24.7503006,121.1995395,396,,,,
12468294060,summit_board,赤牛嶺,赤牛嶺,Chiniuling,21.9891738,120.7689374,283.19,,,Q31391753,
12468291493,summit_board,赤皮湖,,,25.1363727,121.6539977,162,,,,
12468293893,summit_board,赤石六山,赤石六山,Mt. Chishiliu,25.1869122,121.6315717,461.71,,,Q31623024,
12468294135,summit_board,赤科坪山,赤科坪山,Chikepingshan,24.6892291,120.999218,164.33,,,Q31392169,
12468292816,summit_board,赤腳蘭山,赤腳蘭山,Chijiaolanshan,24.9254164,121.5877985,640,,,,
12468293054,summit_board,赤蘭埔山,赤蘭埔山,Chilanpushan,23.4429786,120.5021941,125.05,,,,
12468294779,summit_board,赤門山,赤門山,Chimenshan,23.2748425,121.4136691,255.74,,,Q31392446,
12468294174,summit_board,赤門溪山東峰,赤門溪山東峰,Chimenxishandongfeng,23.2914011,121.4066922,390.00,,,,
12468293731,summit_board,赤頂社庄,赤頂社庄,Chidingshezhuang,25.0654325,121.3491778,254.59,,,,
12468294441,summit_board,赫威山,赫威山,Heweishan,24.800039,121.425687,1120,,,,
12468295337,summit_board,赫山,赫山,Sankeng Mt.,25.0347628,121.7249201,472,,,Q31622606,
12468293819,summit_board,赫頭山,赫頭山,Hetoushan,25.0958751,121.7761457,209.83,,,,
12468294565,summit_board,足母山,足母山,Mt. Zumu,22.9311014,120.7302248,1217.92,,,Q31620959,
12468291648,summit_board,足鉾安,足鉾安,Zumouan,23.7743204,120.9178562,928,,,Q49754706,
12468293965,summit_board,跋都山,跋都山,Badoushan,22.9603378,121.2622546,912.60,,,Q31611248,
12468291552,summit_board,躑躅山,躑躅山,Zhizhushan,23.4716024,121.0089071,2902,,,Q31615252,
12468293005,summit_board,車坪寮山,車坪寮山,Chepingliaoshan,25.1312239,121.6082007,699.53,,,Q31622238,
12468291692,summit_board,車坪寮崙,車坪寮崙,Chepingliao hill,25.1269099,121.6111236,560,,,,
12468295100,summit_board,車坪崙山,車坪崙山,Chepinglunshan,23.8827021,120.8534113,1267,,,,
12468295099,summit_board,車坪崙西峰,車坪崙西峰,Chepinglunxifeng,23.8828983,120.851445,1264,,,,
12468294127,summit_board,車籠山,車籠山,Chelongshan,24.1030872,120.7500305,437.67,,,Q31606542,
12468293618,summit_board,車輪窩山,車輪窩山,Chelunwoshan,24.4802542,120.7285308,129.80,,,,
12468295204,summit_board,軍功寮山,軍功寮山,Jungongliaoshan,24.1818167,120.7309167,260,,,,
12468292091,summit_board,軍功山,軍功山,Jungongshan,25.0078766,121.5633324,92.08,,,,
12468295155,summit_board,軍艦岩,軍艦岩,Dog's Head Rock,25.127324,121.5187332,188,,,,
12468293659,summit_board,軟橋山,軟橋山,Ruanqiaoshan,24.6885988,121.0971964,442.46,,,,
12468291902,summit_board,轆轆山,轆轆山,Lulushan,23.3913576,120.9980804,3279.46,,zh:轆轆山,Q15896894,
12468291563,summit_board,轆轆山南峰,轆轆山南峰,Lulushannanfeng,23.3829817,121.0032432,,,,Q31621773,
12468294944,summit_board,迪佳山,迪佳山,Dijiashan,23.4611985,121.3143655,1044.53,,,Q31595768,
12468294580,summit_board,追分山,追分山,Zhuifenshan,22.7270149,121.0039971,1221.07,,,Q31613590,
12468292433,summit_board,逐鹿山,逐鹿山,Zhulu Mnt,24.8341286,121.4866985,1414,,,Q31619582,
12468293715,summit_board,造橋口山,造橋口山,Zaoqiaokoushan,24.6476443,120.8706617,67.56,,,Q31392176,
12468293495,summit_board,逢補山,逢補山,Fengbu Mountain,23.7230441,120.6967694,336.37,,,,
12468292923,summit_board,連理山,連理山,Lianlishan,23.3120216,121.1033429,3136,,,Q31615014,
12468292704,summit_board,連理山西峰,連理山西峰,Lianlishanxifeng,23.30618,121.0743286,3161,,,Q31614975,
12468291866,summit_board,過坑山,過坑山,Guokengshan,23.8838696,120.9799084,1332.47,,,Q31601765,
12468294254,summit_board,過溪山,過溪山,Guoxishan,22.0315669,120.8456501,130.00,,,,
12468294415,summit_board,道下山,道下山,Daoxiashan,24.6777566,121.2614448,1080.00,,,,
12468293175,summit_board,達來山西峰,達來山西峰,Dalaishanxifeng,22.7139911,120.6724651,494.24,,,,
12468294228,summit_board,達洼蘭山,達洼蘭山,Dawalanshan,22.8093083,120.7221919,1488.00,,,,
12468292425,summit_board,達芬尖山,達芬尖山,Dafenjianshan,23.4327284,121.0132027,3208,,zh:達芬尖山,Q15927259,
12468291558,summit_board,達芬尖山北峰,達芬尖山北峰,Dafenjianshanbeifeng,23.446048,121.0107393,,,,,
12468292059,summit_board,達芬山,達芬山,Dafenshan,23.4060261,121.026784,3069.88,,,,
12468292661,summit_board,達觀山,達觀山,Daguanshan,24.7241168,121.4413026,1770,,,,
12468294893,summit_board,遙拜山,遙拜山,Yaobaishan,22.8642676,120.8543479,2415.01,,,Q31593608,
12468294689,summit_board,遠多志山,遠多志山,Yuanduozhishan,24.2846969,121.3704457,2888.46,,,Q31608642,
12468294003,summit_board,遠望坑山,遠望坑山,Yuanwangkengshan,25.0006281,121.9184159,287.11,,,Q31617537,
12468294636,summit_board,遠藤山,遠藤山,Yuantengshan,24.3076415,120.9511688,1333.49,,,Q31593366,
12468291927,summit_board,遭難山,遭難山,Zaonanshan,24.5479405,121.6049027,1912.89,,,Q31617206,
12468294686,summit_board,邊吉岩山,邊吉岩山,Bianjiyanshan,24.4823614,121.3444318,2823.56,,,Q31608605,
12468293930,summit_board,那保山,那保山,Nabaoshan,22.5165618,120.7865819,1989.72,,,Q31596891,
12468292620,summit_board,那母岸山,那母岸山,Namuanshan,23.2913152,121.2432257,1229,,,Q49752930,
12468292027,summit_board,那結山,那結山,Najieshan,24.7560148,121.3100905,1519.91,,,Q31600036,
12468294722,summit_board,那羅山,那羅山,Naluoshan,24.688668,121.2399616,1154,,,Q31601668,
12468294071,summit_board,邦埤山,邦埤山,Bangpishan,23.0390723,120.3890052,143.08,,,,
12468295060,summit_board,邦埤山,邦埤山,Bangpishan,23.0405179,120.3855232,143,,,,
12468291559,summit_board,郡北山,郡北山,Junbeishan,23.6432462,121.106464,3046,,,Q31623514,
12468295193,summit_board,郡大山,郡大山,Jundashan,23.5773299,120.9625176,3292,,,Q31604565,
12468295192,summit_board,郡大山北峰,郡大山北峰,Jundashanbeifeng,23.5880647,120.9567559,3241,,,,
12468292352,summit_board,郡東山,郡東山,Jundongshan,23.6287261,121.1056962,3409,,,Q31623883,
12468294042,summit_board,都威山,都威山,Douweishan,23.1980286,121.3835276,204.53,,,,
12468291654,summit_board,都歷山,都歷山,Doulishan,23.014052,121.3028482,812,,,,
12468292523,summit_board,都禿山,都禿山,Doutushan,22.9040925,121.2158108,827,,,Q31594653,
12468295066,summit_board,都蘭山,都蘭山,Doulanshan,22.8951018,121.1883151,1190,,,,小百岳認證 #093 都蘭山
12468294325,summit_board,鄉親寮山,鄉親寮山,Xiangqinliaoshan,23.9051903,120.8445106,1172.20,,,Q31617757,
12468291499,summit_board,酒保坪山,,,24.2073043,120.8980769,1200,,,,
12468292407,summit_board,醜崠山,醜崠山,Choudongshan,24.2473525,120.9428293,1989,,,,
12468293941,summit_board,里牙才,里牙才,Liyacai,23.4706223,121.4104666,248.85,,,,
12468294805,summit_board,里牙津山,里牙津山,Liyajinshan,23.4806796,121.4450305,632.58,,,Q31601237,
12468294242,summit_board,里龍下山,里龍下山,Lilongxiashan,22.1753373,120.7020915,345.66,,,,
12468294049,summit_board,里龍山,里龍山,Lilongshan,23.0285663,121.1518797,276.44,,,,
12468295072,summit_board,里龍山,里龍山,Lilongshan,22.1638237,120.7328202,1059,,,,小百岳認證 #080 里龍山
12468294222,summit_board,野分山,野分山,Yefenshan,24.6249515,121.7157581,327.00,,,Q31617046,
12468293297,summit_board,野分山東峰,野分山東峰,Yefenshandongfeng,24.6249303,121.7200433,290.00,,,,
12468293368,summit_board,野山,野山,Yeshan,22.7691865,120.431719,185.67,,,,
12468292879,summit_board,野柳港山,,,25.2022686,121.6898034,115,,,,
12468294703,summit_board,野馬敢山,野馬敢山,Yemaganshan,24.5269949,121.1154533,1912.56,,,Q31593549,
12468294427,summit_board,野馬敢山北峰,野馬敢山北峰,Yemaganshanbeifeng,24.5385986,121.1106645,1370.00,,,,
12468292364,summit_board,金交椅山,金交椅山,Jinjiaoyishan,25.1250723,121.7549449,,,,,
12468292306,summit_board,金光山,,,23.0312704,120.5052501,731,,,,
12468292770,summit_board,金剛山(右臂),,,23.3477024,121.4315984,,,,,
12468292771,summit_board,金剛山(左臂),,,23.35084,121.4353155,756,,,,
12468292772,summit_board,金剛山(頭部),,,23.3498132,121.4301765,,,,,
12468293336,summit_board,金合盒山,金合盒山,Jinheheshan,24.8277862,121.3227067,401.00,,,,
12468292055,summit_board,金子山,金子山,Jinzishan,23.6724864,120.9530404,3011,,,,
12468292432,summit_board,金山,金山,Jinshan,24.7633759,121.2249216,,,,Q31609013,
12468293404,summit_board,金山(雞冠山),金山,,22.8054834,120.3945644,210.82,,,,
12468295133,summit_board,金山面山,金山面山,Jinshanmianshan,24.8714226,121.326352,385,,,,
12468292765,summit_board,金峰山,金峰,Jinfengshan,22.5959467,120.9704509,150.00,,,,
12468292785,summit_board,金巢北山,金巢北山,Jinchaobeishan,24.3897247,121.7135947,1631,,,Q31624441,
12468294947,summit_board,金巢山,金巢山,Jinchaoshan,24.3683009,121.7182755,1725.38,,,Q31605467,
12468291910,summit_board,金平山,金平山,Jinpingshan,24.8362791,121.380727,993.06,,,Q31605263,
12468292107,summit_board,金平山南峰,金平山南峰,Jinpingshannanfeng,24.8272536,121.3773351,854,,,,
12495559516,summit_board,金平山西峰,,,24.8361934,121.3701696,776,,,,
12468291597,summit_board,金敏子山,金敏子山,Jinminzishan,24.8593306,121.379793,630,,,,
12468292099,summit_board,金明山,金明山,Jinmingshan,25.119624,121.6214957,392,,,,
12468294843,summit_board,金柑樹山,金柑樹山,Jinganshushan,23.6411083,120.813901,2090.63,,,,小百岳認證 #054 金柑樹山
12468292202,summit_board,金柑樹山西北峰,金柑樹山西北峰,Jinganshushanxibeifeng,23.6447603,120.80896,1990,,,,
12468293233,summit_board,金瓜石山,金瓜石山,Jinguashishan,25.099716,121.844041,576.46,,,Q31617497,
12468291748,summit_board,金瓜石砲台(雲長山),,,25.1119905,121.8603499,,,,,
12468292961,summit_board,金童山,金童山,Jintongshan,24.4561659,120.8710856,506,,,,
12468294197,summit_board,金雁山,金雁山,Jinyanshan,24.2482514,121.7244015,338.09,,,Q31605197,
12468292078,summit_board,金露山,雙椅山,Jinlushan,25.1674638,121.5484589,890.94,,,,
12468292129,summit_board,金面山,金面山,Jinmianshan,25.0912339,121.5750656,180,,,Q31391691,
12468295132,summit_board,金面山,金面山,Jinmianshan,24.8664981,121.335453,665,,,,小百岳認證 #021 金面山
12468291761,summit_board,金頭山,金頭山,Jintoushan,24.9852703,121.5923707,300.87,,,Q31615629,
12468291760,summit_board,金頭山東峰,金頭山東峰,Jintoushandongfeng,24.985167,121.5929984,304.16,,,,
12468293817,summit_board,金顏山,金顏山,Jinyanshan,25.1220191,121.6463697,356.85,,,Q31622463,
12468291403,summit_board,金鳥樂園後山,,,24.774877,121.2708438,670,,,,
12468291815,summit_board,針山,針山,Zhenshan,23.9013024,121.3236715,2340,,,Q31606477,
12468294653,summit_board,鈴鳴山,鈴鳴山,Lingmingshan,24.2443803,121.3516603,3272.34,,,Q31601428,
12468293510,summit_board,鉅山,鉅山,Jushan,24.0027859,120.7516539,344.75,,,,
12468294367,summit_board,銃櫃山,銃櫃山,Chongguishan,23.8215794,120.8913667,824.61,,,,
12468294831,summit_board,銅安山,銅安山,Tonganshan,23.036927,121.1985259,441.84,,,Q31594975,
12468294965,summit_board,銅山,銅山,Tongshan,24.5097679,121.6546326,1919.9,,,Q31594769,
12468291980,summit_board,銅文山,銅文山,Tongwenshan,23.926979,121.5306088,247.48,,,,
12468293636,summit_board,銅鑼圈庄,銅鑼圈庄,Tongluoquanzhuang,24.8290184,121.2020937,297.98,,,,
12468294666,summit_board,銘山,銘山,Mingshan,24.4600415,121.5958377,1848.80,,,Q31624307,
12468291664,summit_board,鋸山,鋸山,Jushan,24.2104133,121.3520409,3330,,,Q31610675,
12468291665,summit_board,鋸山東峰,鋸山東峰,Jushandongfeng,24.2067032,121.3703433,3055,,,Q31610688,
12468292916,summit_board,錦屏山,錦屏山,Jinpingshan,24.6149015,121.236044,2022,,,Q31605275,
12468293234,summit_board,錦峰山,錦峰山,Jinfengshan,25.074423,121.6689656,75.00,,,Q31392430,
12819781057,summit_board,錫安山,,,23.2159969,120.6549147,1008,,,,
12468294050,summit_board,錫板庄,錫板庄,Xibanzhuang,25.2568431,121.4832905,56.32,,,,
12468293261,summit_board,錫隘山,錫隘山,Xiaishan,24.5311141,120.9154371,290.00,,,,
12468294647,summit_board,鍛鍊山,鍛鍊山,Duanlianshan,24.2083453,121.5330657,1793.33,,,Q31595178,
12468294720,summit_board,鎮子堡,鎮子堡,Zhenzibao,24.5866815,121.2898524,2092.18,,,,
12468292162,summit_board,鎮遠山,鎮遠山,Zhenyuanshan,24.9937754,121.3921934,325,,,,
12468293554,summit_board,鎮頭山,鎮頭山,Zhentoushan,24.7657731,121.7056626,306.70,,,Q31606437,
12828482197,summit_board,鏡壁山,,,23.3368281,120.4950717,492,,,,
12468294956,summit_board,鐵劍山,鐵劍山,Tiejianshan,22.2490321,120.6873789,519.01,,,,
12468294536,summit_board,鐵本山,鐵本山,Tiebenshan,23.229003,120.8664037,2523.18,,,Q31614060,
12468293161,summit_board,鐵砧山,鐵砧山,Tiezhenshan,24.3595334,120.6472372,210.00,,,,
12468295086,summit_board,鐵砧山,鐵砧山,Tiezhenshan,24.3563397,120.6551166,235.74,,,,
13397053127,summit_board,鐵砧山 (小百岳認證點),,,24.3597572,120.6510659,,,,,小百岳認證 #038 鐵砧山
12468292608,summit_board,鑽石峰,鑽石峰,Zuanshifeng,24.972126,121.7060586,788,,,,
12468293251,summit_board,長壽山,長壽山,Zhangshoushan,24.5808142,120.9497529,250.00,,,,
12468295273,summit_board,長壽山,長壽山,Zhangshoushan,24.9408617,121.4075234,201,,,Q31392267,
12468293517,summit_board,長寮尾山,長寮尾山,Zhangliaoweishan,23.9057337,120.9541629,627.17,,,,
12468293518,summit_board,長寮山,長寮山,Zhangliaoshan,23.8834185,120.9542227,682.90,,,,
12468292458,summit_board,長山,長山,Zhangshan,23.5219187,120.6974353,1762,,,,
12468295161,summit_board,長春嶺,長春嶺,Zhangchunling,24.927992,121.3504641,,,,,
12468294809,summit_board,長漢山,長漢山,Zhanghanshan,23.7053222,121.3893951,838,,,,
12468293623,summit_board,長潭坑山,長潭坑山,Zhangtankengshan,24.4340596,120.7563736,426.74,,,,
12468293787,summit_board,長潭山,長潭山,Zhangtanshan,25.0191524,121.8931245,147.65,,,Q31392235,
12468291984,summit_board,長濱山,長濱山,Zhangbinshan,23.3223977,121.4556545,89.51,,,,
12468292791,summit_board,長福山,長福山,Zhangfushan,25.1952739,121.5308768,855,,,,
12468293747,summit_board,長道坑山,長道坑山,Zhangdaokengshan,25.1342411,121.3957149,93.42,,,,
9284563484,summit_board,長野山,,,22.7199305,120.3754389,142.9,,,,
12819781072,summit_board,長青嶺,,,23.0050658,120.4791747,492,,,,
12468292374,summit_board,門牙岩,門牙岩,Menyayan,25.116316,121.9018813,,,,,
12468292279,summit_board,門馬羅山,門馬羅山,Menmaluoshan,21.9796047,120.7907373,305,,,Q31600293,
12468295212,summit_board,閂山,閂山,Shuanshan,24.2587295,121.3099247,3168,,,Q31600280,
12468293452,summit_board,閉眼山,閉眼山,Biyanshan,22.9532793,120.4139021,168.55,,,,
12468291725,summit_board,開山嶺,開山嶺,Kaishanling,25.1298338,121.4219058,493,,,,
12468292016,summit_board,開眼尖山,開眼尖山,Kaiyanjianshan,25.1503285,121.6568447,411.08,,,Q31622417,
12468293120,summit_board,開眼山,開眼山,Kaiyanshan,25.1047773,121.598975,402,,,,
12468294780,summit_board,開眼山,開眼山,Kaiyanshan,23.1723261,121.3667888,1053.13,,,Q31618747,
12468293934,summit_board,開高山,開高山,Kaigaoshan,23.5775309,120.9337886,2133.66,,,,
12468294557,summit_board,間場山,間場山,Jianchangshan,22.8369646,120.9420523,1483.49,,,,
12468293593,summit_board,閨水窩山,閨水窩山,Guishuiwoshan,24.560976,120.7712938,133.33,,,,
12468291975,summit_board,關刀山,關刀山,Guandaoshan,24.3753582,120.8108185,889,,,,小百岳認證 #036 關刀山
12468293943,summit_board,關刀山,關刀山,Guandaoshan,24.0293508,121.0238424,2016.51,,,Q31602067,
12468294393,summit_board,關刀山西北峰,關刀山西北峰,Guandaoshanxibeifeng,24.3804499,120.7979464,700.00,,,,
12468294791,summit_board,關刀山西峰,關刀山西峰,Guandaoshanxifeng,24.0264911,121.0169448,1923.59,,,Q31612019,
12468295227,summit_board,關山,關山,Guanshan,23.2280702,120.9117115,3668,,zh:關山,Q13650836,
12468295211,summit_board,關山嶺山,關山嶺山,Guanshanlingshan,23.2710059,120.9594446,3176,,zh:關山嶺山,Q16324513,
12828483109,summit_board,關廟山,,,22.9262952,120.3547256,86,,,,
12468292571,summit_board,關東松,關東松,Guandongsong,23.0436475,121.0459221,2278,,,Q31602028,
12468292340,summit_board,關門北山,關門北山,Guanmenbeishan,23.6948874,121.2395437,3028,,,,
12468294373,summit_board,關門山,關門山,Guanmenshan,23.6765679,121.2324284,3020,,,Q31623332,
12468292341,summit_board,關門西山,關門西山,Guanmenxishan,23.6771057,121.2279689,2912,,,Q31623345,
12468295102,summit_board,關頭山,關頭山,Guantoushan,23.9891554,121.1005844,1543,,,Q31602041,
12468294354,summit_board,關頭山北峰,關頭山北峰,Guantoushanbeifeng,24.001341,121.1026879,1340.00,,,,
12468294710,summit_board,防列區山,防列區山,Fangliequshan,24.7295777,121.3365128,1379.31,,,Q31604240,
12468294357,summit_board,阿作山,阿作山,Azuoshan,23.8056566,120.9329611,737.30,,,,
12468292701,summit_board,阿冷,阿冷,Aleng,24.117432,120.9373015,1197.98,,,,
12468292036,summit_board,阿冷山,阿冷山,Alengshan,24.140171,120.9458573,1541,,,Q31606915,
12468292984,summit_board,阿冷山前峰,阿冷山前峰,Alengshanqianfeng,24.1464041,120.9447651,1512,,,,
12468291524,summit_board,阿冷山北峰,,,24.1593249,120.9483029,1137,,,,
12468294347,summit_board,阿冷山東南鋒,阿冷山東南鋒,Alengshandongnanfeng,24.1253691,120.9554195,1470.00,,,,
12468291457,summit_board,阿寸坑山,,,24.1553055,120.8949793,939,,,,
12468292395,summit_board,阿屘尖,阿屘尖,Amanjian,24.8733277,121.354329,650,,,,
12468292850,summit_board,阿屘那來山,阿屘那來山,Amannalaishan,23.5963568,121.2446129,3061,,,Q31623434,
12468291696,summit_board,阿拔仔山,阿拔仔山,Abazaishan,23.6106421,121.2449133,3044,,,,
12468293959,summit_board,阿拔泉山,阿拔泉山,Abaquanshan,23.5446708,120.5967932,1021.82,,,Q31609218,
12468293070,summit_board,阿柔洋山,阿柔洋山,Arouyangshan,24.9742691,121.6142014,486.92,,,,
12468292941,summit_board,阿桑來戛山,阿桑來戛山,Asanglaijiashan,23.3704588,121.2252848,1664,,,,
12468293089,summit_board,阿泉坑山,阿泉坑山,Aquankengshan,24.9739267,121.5662967,136.17,,,,
12468292271,summit_board,阿泉坑山西北峰,阿泉坑山西北峰,Aquankengshanxibeifeng,24.975994,121.5629455,84.92,,,,
12468292028,summit_board,阿玉山,阿玉山,Ayushan,24.7894362,121.6027953,1420,,,Q31606765,
12468292906,summit_board,阿玉溪山,阿玉溪山,Ayuxishan,24.8457136,121.5772933,494,,,,
12468292685,summit_board,阿眉山,阿眉山,Ameishan,22.6580734,121.4926546,276,,,Q31391802,
12468295091,summit_board,阿罩霧山,阿罩霧山,Azhaowushan,24.0612506,120.7135114,249,,,,小百岳認證 #046 阿罩霧山
12468293918,summit_board,阿罩霧鳳山,阿罩霧鳳山,Azhaowufengshan,24.0653415,120.7076569,180.65,,,,
12468294553,summit_board,阿蘭山,阿蘭山,Alanshan,22.8315956,120.9098085,1969.19,,,Q31612508,
12468292827,summit_board,阿里眉山,阿里眉山,Alimeishan,23.8571167,120.8972167,920,,,Q31618064,
12468293838,summit_board,阿里老山,阿里老山,Alilaoshan,25.2742748,121.614301,195.57,,,Q31392055,
12468294283,summit_board,阿里關山,阿里關山,Aliguanshan,23.1250246,120.589391,765,,,,
12468293421,summit_board,阿陳科山,阿陳科山,Achenkeshan,23.2758288,120.4709027,179.24,,,,
12468293668,summit_board,陰影山,陰影山,Yinyingshan,24.6845786,121.0304504,108.86,,,,
12468293669,summit_board,陰影山,陰影山,Yinyingshan,24.6669693,121.0237877,311.74,,,,
12468293671,summit_board,陰影山,陰影山,Yinyingshan,24.6962212,121.0333098,148.34,,,,
12468293832,summit_board,陳厝坑山,陳厝坑山,Chencuokengshan,25.2338152,121.5278236,373.11,,,,
12468291862,summit_board,陳東坑山,陳東坑山,Chendongkengshan,23.8015514,120.7591636,649.52,,,Q31617805,
12468293048,summit_board,陶塞峰,陶塞峰,Taosaifeng,24.3591,121.4600333,3519,,,,
12468294403,summit_board,陸隘寮山,陸隘寮山,Luailiaoshan,24.6176885,121.0551084,850.00,,,,
12468292586,summit_board,隆盛山,隆盛山,Longshengshan,25.0104037,121.6495445,,,,,
12468294009,summit_board,隆隆山,隆隆山,Longlongshan,25.001481,121.9750074,433,,,Q31617440,
12468291616,summit_board,隘門,隘門,Aimen,23.5644228,119.6404648,40,,,,
12468291617,summit_board,隘門,隘門,Aimen,23.5645657,119.6407851,38,,,,
12468294875,summit_board,隙頂山,隙頂山,Xidingshan,23.43699,120.6579145,1471.37,,,Q31619799,
12468292309,summit_board,隙頂山東南峰,隙頂山東南峰,Xidingshandongnanfeng,23.4288997,120.6698221,1224,,,,
9284563478,summit_board,雄山,,,22.7312055,120.3827616,159.8,,,,
12828483117,summit_board,雄峰,,,23.2292299,120.5885338,1061,,,,
12468291930,summit_board,雅音山,雅音山,Yayinshan,24.4826278,121.6414699,1680.91,,,Q31593564,
12468295098,summit_board,集集大山,集集大山,Jijidashan,23.8551082,120.8381952,1385,,,,小百岳認證 #050 集集大山
12468295097,summit_board,集集大山南峰,集集大山南峰,Jijidashannanfeng,23.8419712,120.8473097,1067,,,Q31617970,
12468292423,summit_board,雌嶽山,雌嶽山,Ciyueshan,23.5666541,120.7679636,1558,,,,
12468294964,summit_board,雙冬山,雙冬山,Shuangdongshan,23.9713474,120.7926319,574.22,,,Q31597540,
12468293769,summit_board,雙坑山,雙坑山,Shuangkengshan,24.9433024,121.5785527,389.40,,,,
12468292406,summit_board,雙子山,雙子山,Shuangzishan,23.5190969,120.7244219,1477,,,Q31609358,
12468294765,summit_board,雙子山,雙子山,Shuangzishan,23.8340294,121.1587741,2997.12,,,,
12468291773,summit_board,雙峰山,雙峰山,Shuangfengshan,22.9248994,120.535839,548,,,Q31621068,
12468293047,summit_board,雙峰山,雙峰山,Shuangfengshan,24.44675,120.7920333,538,,,Q31597553,
12468292225,summit_board,雙峰山北峰,雙峰山北峰,Shuangfengshanbeifeng,24.4549879,120.7939681,450,,,,鑛務課基石296號
12468294306,summit_board,雙林山,雙林山,Shuanglinshan,23.5103965,120.7087773,1842.00,,,,
12468295280,summit_board,雙港子山,雙港子山,Shuanggangzishan,24.902621,121.461529,680,,,Q31619519,
12468295279,summit_board,雙港子山東峰,雙港子山東峰,Shuanggangzishandongfeng,24.90324,121.465699,570,,,,
12468292585,summit_board,雙溪口山,雙溪口山,Shuangxikoushan,25.0114478,121.6517706,213,,,,無基石
12468292584,summit_board,雙溪口東峰,雙溪口東峰,Shuangxikoudongfeng,25.0118077,121.6582408,,,,,無基石
12468293110,summit_board,雙溪山,雙溪山,Shuangxishan,25.1299149,121.5935744,439.00,,,,
12468293238,summit_board,雙溪山,雙溪山,Shuangxishan,24.8415491,121.4390272,728.00,,,,
12468293693,summit_board,雙溪山,雙溪山,Shuangxishan,24.7497917,120.9990957,127.33,,,Q31391953,
12804267027,summit_board,雙片掀山,,,23.2391161,120.4898631,738,,,,
12468293936,summit_board,雙頭北山,雙頭北山,Shuangtoubeishan,23.3656447,121.0261654,2811.09,,,Q31614917,
12468292950,summit_board,雙龍山,雙龍山,Shuanglongshan,23.7754,120.93325,1094,,,,
12468292270,summit_board,雞冠山,雞冠山,Jiguanshan,25.0176678,121.6836063,448,,,Q31622644,
13319324597,summit_board,雞冠山,雞冠山,Jiguanshan,25.0175858,121.6836262,448,,,Q31622644,
12468294472,summit_board,雞子山,雞子山,Jizishan,23.4008888,120.7951149,2398.15,,,Q31621537,
12468291798,summit_board,雞寮坑山,雞寮坑山,Jiliaokengshan,24.7649014,121.1419479,468,,,,
12468293235,summit_board,雞心尖,雞心尖,Jixinjian,24.9443361,121.5891399,518,,,,無列名基石
12468293774,summit_board,雞母嶺,雞母嶺,Jimuling,25.0818472,121.8957333,293.88,,,,
12804350178,summit_board,雞籠山,,,23.3191355,120.5187891,878,,,,
12468295083,summit_board,雞罩山,雞罩山,Jizhaoshan,24.8881844,121.4106203,780,,,Q31606085,
12468295082,summit_board,雞罩山前峰,雞罩山前峰,Jizhaoshanqianfeng,24.889068,121.4103024,770,,,,
12805988393,summit_board,雞胸山,,,23.3254873,120.5256628,841,,,,
12468294648,summit_board,雞鳴山,雞鳴山,Jimingshan,24.2712852,121.4953214,1535.67,,,Q31605505,
12468292334,summit_board,難山,難山,Nanshan,23.2028885,120.5799025,1034,,,Q31609691,
12468294585,summit_board,雨山,雨山,Yushan,22.6738873,120.8411631,1727.45,,,Q31613700,
12468295117,summit_board,雨社山,雨社山,Yusheshan,23.8016799,120.8901609,964,,,Q15920524,
12468295331,summit_board,雪山主峰,雪山主峰,Xueshan Main Peak,24.3834046,121.2317798,3886,,zh:雪山 (台灣),Q707720,
12468295210,summit_board,雪山北峰,雪山北峰,Xueshan North Peak,24.4147359,121.2404652,3703,,,Q31607315,
12468292803,summit_board,雪山南峰,雪山南峰,South Peak of Xue Mountain,24.3722698,121.2372673,3505,,,Q31607583,
12468294634,summit_board,雪山坑山,雪山坑山,Xueshankengshan,24.3392418,120.956897,1360.21,,,Q31602816,
12468294383,summit_board,雪山坑山北峰,雪山坑山北峰,Xueshankengshanbeifeng,24.3504109,120.955039,1150.00,,,,
12468291933,summit_board,雪山東峰,雪山東峰,Snow Mountain East Peak,24.3886957,121.2720841,3201,,,,
12468292802,summit_board,雪山西南峰,雪山西南峰,Snow Mountain Southwest Peak,24.3572149,121.2054615,3471,,,Q31607445,
12468292801,summit_board,雪山西峰,雪山西峰,Snow Mountain West Peak,24.3965538,121.1955687,3265,,,Q31607520,
12468292032,summit_board,雪白山,雪白山,Xuebaishan,24.594081,121.37259,2443,,,Q31596750,
12468294623,summit_board,雪關山(大矢夫山),雪關山,Xueguanshan,24.2772611,121.210216,1977.15,,,,
12468292594,summit_board,雪霧鬧山,雪霧鬧山,Xuewunaoshan,24.7455442,121.3645779,,,,,
12468292060,summit_board,雲峰,雲峰,Yunfeng,23.3537487,120.9757537,3563.76,,,Q16929439,
12468291586,summit_board,雲峰東北峰,雲峰東北峰,Yunfengdongbeifeng,23.3707096,120.988288,,,,,
12468292709,summit_board,雲海山,雲海山,Yunhaishan,24.9514455,121.6373574,560,,,,無基石，無視野
12468292478,summit_board,雲載山,雲載山,Yunzaishan,23.5326519,120.6929521,1634,,,,
12468292554,summit_board,零功廟山,零功廟山,Linggongmiaoshan,24.5663645,120.854437,,,,,
12468292631,summit_board,雷公岩,雷公岩,Leigongyan,24.947447,121.4413061,,,,,
12468294876,summit_board,霞山,霞山,Xiashan,23.4199059,120.8213925,2400.17,,,Q31603299,
12468294912,summit_board,霞山,霞山,Xiashan,24.6018432,121.2179611,2166.98,,,Q31603287,
12468294437,summit_board,霞山東南峰,霞山東南峰,Xiashandongnanfeng,24.5998937,121.2203922,2180.00,,,,
12468293026,summit_board,霞迭爾山,霞迭爾山,Mt. Xiadie'er,22.7038634,120.7619487,2022,,,Q31603270,
12468291894,summit_board,霧台山,霧台山,Mt. Wutai,22.7491285,120.7398748,952.35,,,Q31621006,
12468292157,summit_board,霧台山南峰,霧台山南峰,Wutaishannanfeng,22.7448924,120.7434342,1054,,,,
12468295251,summit_board,霧峰奧山,霧峰奧山,Wufengaoshan,24.04671,120.77661,483,,,,
12468291926,summit_board,霧覽山,霧覽山,Wulanshan,24.4344861,121.4725283,2471.38,,,Q31593999,
12468294063,summit_board,霧里乙南山,霧里乙南山,Wuliyinanshan,22.3056601,120.6916212,747.29,,,,
12468293188,summit_board,霧里乙山東北峰,霧里乙山東北峰,Wuliyishandongbeifeng,22.3189853,120.7057329,1026.00,,,,
12468294908,summit_board,霧頭山,霧頭山,Mt. Wutou,22.6930329,120.7866877,2735.59,,,Q31593697,
12468291912,summit_board,露門山,露門山,Lumenshan,24.7973763,121.5674858,1461,,,Q31600937,
12468292437,summit_board,霹靂山,霹靂山,Pilishan,23.4948801,120.7114018,1865,,,,
12492290001,summit_board,靈山,靈山,Lingshan,22.9136609,120.5229241,364.2,,,,
12492290002,summit_board,靈山基點峰,,,22.9114315,120.5228453,318.3,,,,
12492290004,summit_board,靈山東峰,,,22.9128212,120.5247198,324.1,,,,
12828483118,summit_board,青倉山,,,23.214253,120.6228662,626,,,,
12468292482,summit_board,青園山,青園山,Qingyuanshan,23.5186593,120.6493291,1437,,,,
12468291643,summit_board,青園山北峰,,,23.5199418,120.6475889,1400,,,,
12468291428,summit_board,青埔庄,,,24.9642001,121.1389916,111,,,,
12468293599,summit_board,青子窩,青子窩,Qingziwo,24.5237874,120.74565,165.87,,,,
12492290005,summit_board,青春嶺,,,22.9121432,120.5285466,206.5,,,,
12468294753,summit_board,青木山,青木山,Qingmushan,24.0052709,121.3304199,1960.08,,,Q31605415,
12468293863,summit_board,青林山,青林山,Qinglinshan,24.9998129,121.7561523,491.59,,,,
12468294326,summit_board,青潭山,青潭山,Qingtanshan,23.883022,120.8272819,540.00,,,,
12468292502,summit_board,青獅山,青獅山,Qingshishan,24.9233876,121.5401535,,,,Q31392080,
12468291489,summit_board,青番頭坑山,,,23.9857919,120.8799398,480,,,,
12468293926,summit_board,青草山,青草山,Qingcaoshan,24.7145256,120.8720163,41.08,,,,
12468294048,summit_board,青蛇山,青蛇山,Qingsheshan,22.0597689,121.5429596,441.72,,,Q31605403,
12774552973,summit_board,青螺,青螺,,23.6035732,119.6507541,22,,,,
12468292877,summit_board,青龍嶺,青龍嶺,Qinglongling,24.9734782,121.468224,,,,,
12468293062,summit_board,青龍嶺,青龍嶺,Qinglongling,25.0003814,121.4031705,267,,,,
12468293367,summit_board,靜埔,靜埔,Jingpu,23.4598137,121.4971941,67.57,,,,
12468291416,summit_board,靜觀山,,,24.0737734,121.2306801,2241,,,,
12468291969,summit_board,面埔頂山,面埔頂山,Mianpudingshan,24.8170826,121.1440627,295,,,,
12468291964,summit_board,面天山,面天山,Mt. Miantian,25.1742942,121.5051299,979.86,,zh:面天山,Q10566034,
13319324596,summit_board,面天山,面天山,Mt. Miantian,25.1742911,121.5051198,979.86,,zh:面天山,Q10566034,
12468292030,summit_board,面托油山,面托油山,Miantuoyoushan,24.5676372,121.1342912,1798.31,,,Q31600255,
12468292031,summit_board,面托油山北峰,面托油山北峰,Miantuoyoushanbeifeng,24.5888497,121.1285818,1280.00,,,,
12468294426,summit_board,面托油山南峰,面托油山南峰,Miantuoyoushannanfeng,24.5592666,121.1326977,1360.00,,,,
12468294428,summit_board,面托油山西南峰,面托油山西南峰,Miantuoyoushanxinanfeng,24.5557336,121.1138584,1080.00,,,,
12468294430,summit_board,面托油山西峰,面托油山西峰,Miantuoyoushanxifeng,24.5672095,121.1140861,1020.00,,,,
12468293679,summit_board,面桶寮山,面桶寮山,Miantongliaoshan,24.724962,121.0550289,203.33,,,Q31392033,
12468294534,summit_board,鞍輪名山,鞍輪名山,Anlunmingshan,23.1849829,120.6808367,1660.59,,,Q31610136,
12468293021,summit_board,鞍馬山,鞍馬山,Anmashan,24.2699483,121.0132027,2666,,,,
12468291639,summit_board,鞍馬山東北峰,,,24.2736738,121.0228185,2715,,,,
12468293393,summit_board,頂公館山,頂公館山,Dinggongguanshan,23.018614,120.5147899,320.12,,,,
12468293781,summit_board,頂坑山,頂坑山,Dingkengshan,25.0578679,121.8311493,370.47,,,,
12468294091,summit_board,頂坑山,頂坑山,Dingkengshan,23.4637455,120.5429251,249.92,,,Q31392291,
12468291609,summit_board,頂坪林山,頂坪林山,Dingpinglinshan,23.2470797,120.641073,775.5,,,,
12468294322,summit_board,頂城山,頂城山,Dingchengshan,23.8698289,120.9654907,980.00,,,,
12468293525,summit_board,頂埔山,頂埔山,Dingpushan,24.2890619,120.827179,545.89,,,,
12468294113,summit_board,頂埔山,頂埔山,Dingpushan,23.4056349,120.5251766,212,,,Q31392295,
12468293055,summit_board,頂子寮山,頂子寮山,Dingziliaoshan,25.0628044,121.7685874,550,,,Q31617453,山頂有顆無名基石
12468293694,summit_board,頂寮山,頂寮山,Dingliaoshan,24.6571359,120.9956447,188.84,,,,
12468292013,summit_board,頂山,頂山,Mt. Ding,25.1488453,121.5938593,767.87,,,,
12468294073,summit_board,頂山,頂山,Dingshan,23.0049735,120.3209276,77.96,,,Q31392544,
12468293142,summit_board,頂山溪山,頂山溪山,Mt. Dingshanxi,25.1398521,121.5942177,640.00,,,,
12468292832,summit_board,頂山西南峰,頂山西南峰,Mt. Ding Southwest Peak,25.1473395,121.5932888,740,,,,
12468291593,summit_board,頂河表湖山,頂河表湖山,Dinghebiaohushan,23.281681,120.6535148,743.92,,,,
12468293099,summit_board,頂湖山,頂湖山,Mt. Dinghu,25.1625667,121.5264767,662.00,,,,
12503875017,summit_board,頂猴洞山,頂猴洞山,Dinghoudongshan,24.0324455,120.975758,985,,,,
12468292063,summit_board,頂笨子山,頂笨子山,Dingbenzishan,23.4155225,120.7158771,1679.56,,,Q31620080,
12468291492,summit_board,頂草湳,,,23.9384308,120.9138566,718,,,,
12468293969,summit_board,頂荖濃山,頂荖濃山,Dinglaonongshan,23.0809268,120.6681318,621.70,,,,
12468291808,summit_board,順承門 澎湖廳三角點 4,順承門 澎湖廳三角點 4,,23.5630278,119.5618611,38,,,,
12468294782,summit_board,頭凍山,頭凍山,Toudongshan,23.3958094,120.6049433,1286.39,,,Q31619749,
12468293923,summit_board,頭前山,頭前山,Touqianshan,23.5484301,120.5508536,218.55,,,Q31391893,
12468294517,summit_board,頭剪山,頭剪山,Toujianshan,23.0513553,120.7173615,1528.39,,,Q31610440,
12468293583,summit_board,頭圍山,頭圍山,Touweishan,24.8729597,121.8184431,251.71,,,,
12468293319,summit_board,頭寮坑山,頭寮坑山,Touliaokengshan,24.6087494,120.9502934,210.00,,,,
12468293338,summit_board,頭寮山,頭寮山,Touliaoshan,24.8345928,121.2969817,480.00,,,Q31619413,
12468292553,summit_board,頭屋南山,頭屋南山,Touwunanshan,24.5733613,120.8519682,,,,,
12468292552,summit_board,頭屋山,頭屋山,Touwushan,24.582975,120.8475013,,,,,
12468291956,summit_board,頭崙山,頭崙山,Toulunshan,22.5401434,120.6294785,277.20,,,Q31392588,
12468295258,summit_board,頭嵙山,頭嵙山,Mt. Touke,24.1794981,120.7999585,859,,,,小百岳認證 #041 頭嵙山
12468293545,summit_board,頭庄山,頭庄山,Touzhuangshan,24.2174889,120.8491275,649.14,,,,
12468295011,summit_board,頭拒山,頭拒山,Toujushan,24.1292567,120.8587976,1126.99,,,Q31595577,
12468293640,summit_board,頭排莊,頭排莊,Toupaizhuang,24.7954585,121.1802295,222.27,,,Q31391842,
12468295116,summit_board,頭社山主峰,頭社山主峰,Tousheshanzhufeng,23.8293163,120.9123729,935,,,,
12468293612,summit_board,頭窩山,頭窩山,Touwoshan,24.5150182,120.6954469,83.65,,,Q31392303,
12468291850,summit_board,頭鷹山,頭鷹山,Mt. Touying,24.359612,121.1407331,3510,,zh:頭鷹山,Q16929450,
12468291577,summit_board,頭鷹山北峰,頭鷹山北峰,Touyingshanbeifeng,24.3679227,121.1351621,,,,Q31607608,
12468295172,summit_board,風櫃斗山,風櫃斗山,Fengguidoushan,23.653241,120.8500485,1451,,,Q31604020,
12468293390,summit_board,風空子山,風空子山,Fengkongzishan,23.0621727,120.5404033,670,,,,
12819781068,summit_board,風空子山東北峰,,,23.0639757,120.5454039,600,,,,
12468293842,summit_board,風空子溪山,風空子溪山,Fengkongzixishan,24.8901533,121.784132,908.34,,,,
12468294799,summit_board,飛田盤山,飛田盤山,Feitianpanshan,24.2684989,121.7198611,1402.42,,,Q31604101,
12468293246,summit_board,飛鳳山,飛鳳山,Feifengshan,25.1360031,121.7361411,109.00,,,,
12468295183,summit_board,飛鳳山,飛鳳山,Feifengshan,24.7659005,121.1121273,423,,,Q31604115,
12468292881,summit_board,食指峰,食指峰,Shizhifeng,24.6393513,121.0931894,1040,,,,
12468294462,summit_board,飭山,飭山,Chishan,23.2711366,120.7691507,2275.39,,,Q31621473,
12468294794,summit_board,飯包尖山,飯包尖山,Fanbaojianshan,24.408964,121.6667412,1624.40,,,Q31604185,
12809317844,summit_board,飯包尖山,,,23.1902997,120.5724005,1018,,,,
12468295013,summit_board,飯包山,飯包山,Fanbaoshan,24.3909301,121.6913493,1856.96,,,Q31604171,
12468294702,summit_board,養老山,養老山,Yanglaoshan,24.5678757,121.2642325,2260.32,,,Q31607962,
12468291409,summit_board,養老山西北峰,,,24.585048,121.2562114,1550,,,,
12468291734,summit_board,饅頭山,饅頭山,Mantoushan,24.1849928,121.4785069,1118,,,Q31600610,
12468292504,summit_board,饅頭山,饅頭山,Mantoushan,24.9994464,121.4715993,,,,,
12468293697,summit_board,香仙山,香仙山,Xiangxianshan,24.7713879,120.9250076,91.52,,,,
12468295167,summit_board,香對山,香對山,Xiangduishan,25.1376618,121.6019755,624,,,,
12468294695,summit_board,香本山,香本山,Xiangbenshan,24.4828152,121.3914718,1756.07,,,Q31603465,
12828483112,summit_board,香蕉山,,,23.1891417,120.5773491,941,,,,
12468293470,summit_board,香蘭山,香蘭山,Xianglanshan,23.0856617,120.423807,119.05,,,,
12468294212,summit_board,馬久答山,馬久答山,Majiudashan,23.3955766,121.4081891,1289.33,,,Q31600767,
12468294629,summit_board,馬來山,馬來山,Malaishan,24.229635,121.0836767,1519.15,,,,
12468292136,summit_board,馬利亞文路山,馬利亞文路山,Maliyawenlushan,23.5148835,121.0919157,3491,,,Q31623710,
12468291579,summit_board,馬利亞文路山北峰,馬利亞文路山北峰,Maliyawenlushanbeifeng,23.5188879,121.0944115,3210,,,Q31623735,
12468294372,summit_board,馬利加南山,馬利加南山,Malijiananshan,23.5215553,121.1172129,3577.00,,,Q31623746,
12468291567,summit_board,馬利加南山北峰,馬利加南山北峰,Malijiananshanbeifeng,23.5286503,121.1205238,,,,,
12468292530,summit_board,馬加里碗,馬加里碗,Majialiwan,23.1005331,121.0839264,1384,,,Q31600780,
12468292057,summit_board,馬博拉斯山,馬博拉斯山,Mabolasishan,23.5203357,121.0672331,3805.00,,zh:馬博拉斯山,Q15946852,
12468294866,summit_board,馬太林山,馬太林山,Matailinshan,23.4169686,121.4198768,1122.01,,,,
12804267023,summit_board,馬山嶺,,,23.2546854,120.4978378,693,,,,
12468294450,summit_board,馬岸山,馬岸山,Maanshan,24.7764921,121.4660139,1023.00,,,,
12468292660,summit_board,馬岸山東峰,馬岸山東峰,Maanshandongfeng,24.7756299,121.471918,,,,,
12468295146,summit_board,馬崙山,馬崙山,Malunshan,24.1991,121.0508833,2305,,,Q31600648,
12468294707,summit_board,馬崙砲台,馬崙砲台,Malunpaotai,24.6845365,121.3952037,1230.02,,,,
12468294704,summit_board,馬惱山,馬惱山,Manaoshan,24.4925629,121.3629109,2580.29,,,Q31608593,
12468294379,summit_board,馬拉邦山南峰,馬拉邦山南峰,Malabangshannanfeng,24.3498109,120.9185784,860.00,,,,
12468294723,summit_board,馬望女苦山,馬望女苦山,Mawangnvkushan,24.5233306,121.3133061,2584.38,,,,
12468294672,summit_board,馬望峰,馬望峰,Mawangfeng,24.3885292,121.5975434,1246.11,,,Q31624333,
12468292924,summit_board,馬望曾呂,馬望曾呂,Mawangcenglv,24.6889744,121.347001,1577,,,Q49752814,
12468292975,summit_board,馬望海山,馬望海山,Mawanghaishan,24.53711,121.30786,2507,,,,
12468293252,summit_board,馬果坪山,馬果坪山,Maguopingshan,24.5797121,120.9959955,400.00,,,,
12468292656,summit_board,馬槽山,馬槽山,Macaoshan,25.1830185,121.561799,,,,,
12468291922,summit_board,馬武佐野郡山,馬武佐野郡山,Mawuzuoyejunshan,24.3699038,121.3225992,2368,,,,
12468291836,summit_board,馬武督山,馬武督山,Mawudushan,24.7541631,121.2613714,1021.69,,,Q31608852,
12468292855,summit_board,馬武霸主峰,馬武霸主峰,MaWuBa Main Peak,24.3563808,121.2716653,2711,,,,
12468294683,summit_board,馬武霸山,馬武霸山,MaWuBa Mountain,24.3504231,121.2850479,2495.78,,,,
12468294676,summit_board,馬比杉山,馬比杉山,Mabishanshan,24.3483309,121.485651,3210.98,,,Q31608725,
12468294719,summit_board,馬洋山,馬洋山,Mayangshan,24.5015545,121.2774424,2863.73,,,Q31600407,
12468295026,summit_board,馬海濮富士山,馬海濮富士山,Mahaipufushishan,23.983162,121.2008037,2617,,zh:馬海僕富士山,Q11667999,
12468291870,summit_board,馬蕃帕山,馬蕃帕山,Mafanpashan,23.0711203,120.9364103,2771.78,,,,
12468292051,summit_board,馬西山,馬西山,Maxishan,23.4837438,121.1739729,3443.14,,,Q31615104,
12468291574,summit_board,馬西山北峰,馬西山北峰,Maxishanbeifeng,23.4986603,121.1733298,3167,,,Q31623932,
12468292141,summit_board,馬西山南峰,馬西山南峰,Maxishannanfeng,23.4771458,121.1758534,3363,,,,
12468294202,summit_board,馬西巴秀山,馬西巴秀山,Maxibaxiushan,23.1100416,120.8892627,3020.00,,,Q31614440,
12468292938,summit_board,馬西桑山,馬西桑山,Maxisangshan,23.4028742,121.1424544,2214,,,Q31615163,
12468292345,summit_board,馬路巴拉讓山,馬路巴拉讓山,Malubalarangshan,23.5813429,121.1828289,3096,,,Q31623606,
12468294363,summit_board,馬路巴拉讓山西峰,馬路巴拉讓山西峰,Malubalarangshanxifeng,23.5827198,121.1785959,3205.00,,,Q31623921,
12468293002,summit_board,馬路馬山,馬路馬山,Malumashan,23.7779167,120.8275,1137,,,,
12468293001,summit_board,馬路麻山,馬路麻山,Malumashan,23.7721719,120.8230815,1232,,,,
12468295027,summit_board,馬軍山,馬軍山,Majunshan,23.9286584,121.2287102,2150,,,Q31612757,
12468295324,summit_board,馬那邦山,馬那邦山,Manabangshan,24.3672289,120.913804,1407.45,,,,小百岳認證 #037 馬那邦山
12468292137,summit_board,馬里亞文路東峰,馬里亞文路東峰,Maliyawenludongfeng,23.5217854,121.0974412,3454,,,,
12468294559,summit_board,馬里山,馬里山,Malishan,22.8418667,121.0283835,1547.72,,,,
12468294934,summit_board,馬錫山,馬錫山,Maxishan,23.6602325,121.3823679,1192.52,,,,
12468292535,summit_board,馬鞍山,馬鞍山,Maanshan,23.5736299,120.616438,1265,,,Q31609474,
12468294023,summit_board,馬鞍山,馬鞍山,Maanshan,21.9612731,120.7581571,83.12,,,Q31391556,
12468291823,summit_board,馬頭山,馬頭山,Matoushan,22.8868777,120.442293,215,,,Q31391378,
12468294954,summit_board,馬頭山,馬頭山,Matoushan,23.3462337,120.5975614,1127.27,,,Q31600471,
12468292377,summit_board,馬馬宇頓山,馬馬宇頓山,Mamayudunshan,23.2816109,120.8546777,2029,,,Q31621646,
12468292135,summit_board,駒盆南峰,駒盆南峰,Jupen South Peak,23.5240182,121.0500597,3435,,,,
12468291566,summit_board,駒盆山中峰,駒盆山中峰,Jupenshanzhongfeng,23.542384,121.0406774,,,,,
7556045486,summit_board,駱駝山,,,22.7308792,120.3817733,161.5,,,,
12468293193,summit_board,駱駝山,駱駝山,Luotuoshan,22.5213222,120.3687025,40.00,,,,
9284563477,summit_board,駱駝山北峰,,,22.7323689,120.3819246,148.1,,,,
7557549749,summit_board,駱駝山南峰,,,22.7304225,120.3809867,131.7,,,,
12468292880,summit_board,駱駝峰,駱駝峰,Luotuofeng,25.203043,121.6943289,26,,,,
12468291726,summit_board,駱駝嶺,駱駝嶺,Luotuoling,25.1311826,121.427161,477,,,,
12468293321,summit_board,騎龍山,騎龍山,Qilongshan,24.6834376,121.1379448,510.00,,,,
12468294797,summit_board,騾馬望山,騾馬望山,Luomawangshan,24.2943269,121.6437026,2269.33,,,Q31601138,
12468294699,summit_board,高台山,高台山,Gaotaishan,24.6541973,121.2254466,1509.60,,,,
12468294422,summit_board,高台山北峰,高台山北峰,Gaotaishanbeifeng,24.6709009,121.2241401,1050.00,,,,
12468294025,summit_board,高士佛山,高士佛山,Gaoshifoshan,22.1330281,120.81414,514.48,,,Q31602303,
12468291451,summit_board,高士佛山東峰,,,22.1312126,120.8197368,,,,,
12468294253,summit_board,高士山,高士山,Gaoshishan,22.1202899,120.8359756,384.00,,,,
12468294065,summit_board,高尾山,高尾山,Gaoweishan,22.7897586,120.4338344,263.93,,,Q31391623,
12468294136,summit_board,高山尖,高山尖,Gaoshanjian,24.4433671,120.6883794,140.38,,,Q31391921,
12468291448,summit_board,高山頂山,,,24.9288569,121.1866855,214.906,,,,
12468293735,summit_board,高山頂庄,高山頂庄,Gaoshandingzhuang,24.9262174,121.1541592,177.00,,,,
12468295101,summit_board,高峰山,高峰山,Gaofengshan,23.989051,121.1170116,1549,,,Q31602316,
9284563485,summit_board,高崎山,,,22.7185407,120.3747397,128.9,,,,
12468294463,summit_board,高庭山,高庭山,Gaotingshan,23.2757967,120.7397471,1707.84,,,,
12468294668,summit_board,高律山,高律山,Gaolvshan,24.3377274,121.5450833,2453.32,,,Q49752429,
12468293865,summit_board,高德坑山,高德坑山,Gaodekengshan,24.9909949,121.7427842,519.45,,,Q31616174,
12468291941,summit_board,高梘頭山,高梘頭山,Gaojiantoushan,24.7790065,121.084422,175.03,,,Q31391844,
12468293331,summit_board,高甫山,高甫山,Gaofushan,24.7780081,121.2194541,538,,,,
12468291427,summit_board,高種山,,,24.8119145,121.2123601,364,,,,
12468292673,summit_board,高腰山,高腰山,Gaoyaoshan,24.8607919,121.5235677,984,,,Q31616099,
9284563483,summit_board,高速尾山,,,22.724396,120.3733385,138.2,,,,
12468293333,summit_board,高遶坪山,高遶坪山,Gaoraopingshan,24.7962893,121.2941497,504.00,,,,
12468293325,summit_board,高遶頂山,高遶頂山,Gaoraodingshan,24.7854309,121.273534,490.00,,,Q31619436,
12468293106,summit_board,高頂山,高頂山,Mt. Gaoding,25.1514592,121.5881541,787.00,,,,
12468293645,summit_board,高頂莊,高頂莊,Gaodingzhuang,24.8304876,121.1093156,225.71,,,,
12468293155,summit_board,高麗坑山,高麗坑山,Gaolikengshan,24.9653289,121.556474,247.18,,,,
12468293647,summit_board,鬱杉山,鬱杉山,Yushanshan,24.8050437,121.1596999,212.47,,,,
12468294705,summit_board,鬼澤山,鬼澤山,Guizeshan,24.6146412,121.1227818,1040.44,,,Q31604088,
12468295006,summit_board,魁斗山,魁斗山,Kuidoushan,22.9790199,120.2039231,26.27,,,,
12468295297,summit_board,魁斗山,魁斗山,Kuidoushan,22.9734293,120.2394542,28,,,,
12488492466,summit_board,魔保來山,魔保來山,Mobaolaishan,23.2818323,120.9725124,3298,,,,
12468292789,summit_board,魔保來山基點峰,魔保來山基點峰,Mobaolaishanjidianfeng,23.3020703,120.9653579,2857,,,,
12468294482,summit_board,魔界腕山,魔界腕山,Mojiewanshan,23.3536025,120.888678,2862.13,,,Q31621319,
12468294684,summit_board,魔葉名病山,魔葉名病山,Moyemingbingshan,24.4084119,121.4319957,2975.96,,,,
12468292779,summit_board,魚寮山,魚寮山,Yuliaoshan,25.0589036,121.8166214,,,,,
12468293036,summit_board,魚池富山,魚池富山,Yuchifushan,23.8930333,120.9337667,815,,,Q31593291,
12468294247,summit_board,魚蘭濫山,魚蘭濫山,Yulanlanshan,22.0912318,120.863194,401.00,,,,
12468294044,summit_board,魚衡山,魚衡山,Yuhengshan,24.9985325,121.6006176,175.20,,,Q31392362,
12468292683,summit_board,魚衡山南峰,魚衡山南峰,Yuhengshannanfeng,24.9964399,121.5996009,188.06,,,,
12468294459,summit_board,魯培山,魯培山,Lupeishan,24.7617862,121.42307,1903.00,,,,
12468292190,summit_board,魯壁山,魯壁山,Lubishan,24.6644974,121.2736832,1589,,,,
12468291872,summit_board,魯翁山,魯翁山,Luwengshan,24.1998429,121.4115615,2253.22,,,Q31611045,
12468292635,summit_board,鮕鮘坑山,鮕鮘坑山,Gudaikengshan,25.0908994,121.6508927,116,,,,
12468293970,summit_board,鯉魚尾山,鯉魚尾山,Liyuweishan,23.7156806,120.64649,362.08,,,Q31609292,
12468292315,summit_board,鯉魚山,鯉魚山,Liyushan,25.095236,121.5925291,223,,,Q31392348,
12468293450,summit_board,鯉魚山,鯉魚山,Liyushan,22.9551077,120.467384,130.15,,,Q31392011,
12468295226,summit_board,鯉魚山,鯉魚山,Liyushan,23.9190632,121.5206565,601,,,,小百岳認證 #089 鯉魚山
12468294017,summit_board,鯉魚山;三等三角點 925,鯉魚山,,22.5537828,120.450157,28.98,,,,
12468293899,summit_board,鯉魚山東峰,鯉魚山東峰,Liyushandongfeng,25.094731,121.5933683,222.19,,,,
12468293584,summit_board,鯉魚潭,鯉魚潭,Liyutan,24.3449425,120.753606,292.58,,,,
12468292356,summit_board,鯨魚洞,鯨魚洞,Jingyudong,25.1359472,121.8250967,,,,,
12468292839,summit_board,鱈葉根山,鱈葉根山,Xueyegenshan,22.6570301,120.6921674,1556,,,,
12468294168,summit_board,鱉溪山,鱉溪山,Biexishan,23.1066634,121.2847964,680.00,,,,
12468294869,summit_board,鳥口尖山,鳥口尖山,Niaokoujianshan,24.851656,121.6597263,1043.56,,,,
12468291529,summit_board,鳥嘴尖,,,24.9099271,121.4487658,525,,,,
12468292117,summit_board,鳥嘴尖,鳥嘴尖,Niaozuijian,25.0471272,121.7253379,,,,,
12468292120,summit_board,鳥嘴尖,鳥嘴尖,Niaozuijian,24.9995924,121.6990731,510,,,,
12468292371,summit_board,鳥嘴尖,鳥嘴尖,Niaozuijian,25.110782,121.7538905,178,,,,
12468292606,summit_board,鳥嘴尖,鳥嘴尖,Niaozuijian,24.9220105,121.5851307,590,,,Q31615693,無基石
12468292370,summit_board,鳥嘴尖西峰,鳥嘴尖西峰,Niaozuijianxifeng,25.1109184,121.7519285,198,,,,
12468295265,summit_board,鳥嘴山,鳥嘴山,Niaozuishan,24.580815,121.0752807,1550,,zh:鳥嘴山 (五峰南庄),Q11173667,
12468294567,summit_board,鳥山,鳥山,Niaoshan,22.8739708,120.787254,2292.85,,,,
12468293430,summit_board,鳥湖,鳥湖,Niaohu,23.263744,120.4106429,187.93,,,,
12468292563,summit_board,鳩州嶺,鳩州嶺,Jiuzhouling,23.4702562,120.6106124,974,,,Q31620240,
12468294990,summit_board,鳳凰山,鳳凰山,Fenghuangshan,23.6916888,120.8061668,1698.17,,,,小百岳認證 #053 鳳凰山
12468295005,summit_board,鳳山,鳳山,Fengshan,22.5301153,120.3817118,140.49,,,Q31391709,
12468293720,summit_board,鳳山崎山,鳳山崎山,Fengshanqishan,24.8524747,121.0267901,110.38,,,,
12638686204,summit_board,鳳岩山,,,25.0267386,121.3191455,233.47,,,,
12468292047,summit_board,鳳林山,鳳林山,Fenglinshan,23.7688116,121.4315367,821.69,,,,
12468293383,summit_board,鳳梨山,鳳梨山,Fenglishan,22.7188029,120.4164428,158.76,,,,
12468293384,summit_board,鳳梨山,鳳梨山,Fenglishan,22.5472046,120.3976444,71.67,,,,
12468294077,summit_board,鳳梨山,鳳梨山,Fenglishan,22.6963704,120.3942406,167.79,,,Q31392598,
12468295272,summit_board,鳳梨山,鳳梨山,Fenglishan,23.1701447,120.3435391,34,,,,
7660578021,summit_board,鳳紗山,鳳紗山,Fengshashan,24.5787682,121.6974664,987,,,,
12468293153,summit_board,鳳興山東峰,鳳興山東峰,Fengxingshandongfeng,23.1686761,120.4985008,171.00,,,,
12468293201,summit_board,鳴海下山,鳴海下山,Minghaixiashan,22.9537373,120.6827559,1370.96,,,,
12468294562,summit_board,鳴海山,鳴海山,Minghaishan,22.9553086,120.6903707,1410.61,,,,小百岳認證 #071 鳴海山
12468295142,summit_board,鳶嘴山,鳶嘴山,Yuanzuishan,24.2411073,120.9550217,2180,,zh:鳶嘴山,Q30949116,
12468293799,summit_board,鳶尾山,鳶尾山,Yuanweishan,24.9275701,121.3601595,156.57,,,Q31392263,
12468294766,summit_board,鳶山,鳶山,Yuanshan,23.8239999,121.1892137,2735.64,,,Q31612744,
13321847487,summit_board,鳶山,鳶山,Yuanshan,24.9264935,121.345034,316,,,,小百岳認證 #019 鳶山
12468294839,summit_board,鴨子蘭山,鴨子蘭山,Yazilanshan,22.6258753,120.9760247,933.35,,,Q31613612,
12468291840,summit_board,鵝公髻山,鵝公髻山,Egongjishan,24.6100491,121.0755747,1579,,,,小百岳認證 #031 鵝公髻山
12468294404,summit_board,鵝公髻山西南峰,鵝公髻山西南峰,Egongjishanxinanfeng,24.6017074,121.0592864,1012.00,,,,
12468291779,summit_board,鵝公髻東北峰,鵝公髻東北峰,Egongjidongbeifeng,24.6183098,121.0840714,,,,,
12468293066,summit_board,鵝尾山,鵝尾山,Mt. Ewei,25.1307594,121.5818482,521.37,,,Q31599470,
12468295355,summit_board,鵝角格山,鵝角格山,Ejiaogeshan,24.9632155,121.5856836,473.45,,,Q31616136,
13319324595,summit_board,鵝角格山,鵝角格山,Ejiaogeshan,24.963212,121.5856934,473.45,,,Q31616136,
12468294028,summit_board,鵲子山,鵲子山,Quezishan,24.8502259,121.7674951,679.47,,,,小百岳認證 #084 鵲子山
12468291996,summit_board,鶯子嶺,鶯子嶺,Yingziling,24.9064198,121.8118438,943,,,,
12468292224,summit_board,鶯子頂山,鶯子頂山,Yingzidingshan,24.9010899,121.7975465,1001,,,,
12468291636,summit_board,鶯歌石山,鶯歌石山,Yinggeshishan,24.9600632,121.3589316,163,,,,
12468292083,summit_board,鶯歌石山,鶯歌石山,Yinggeshishan,24.994412,121.9720713,399,,,,無基點
13319324593,summit_board,鶯歌石山,鶯歌石山,Yinggeshishan,24.9599934,121.3589287,163,,,,
12468291795,summit_board,鶯歌蛋山,鶯歌蛋山,Yinggedanshan,24.9679479,121.3494019,200,,,,山頂有一大一小兩顆鶯歌蛋石，唯妙唯肖。
12468294966,summit_board,鷂婆山,鷂婆山,Yaoposhan,24.4348889,120.9084643,901.24,,,Q31593579,
12468291584,summit_board,鷹仔嘴山,鷹仔嘴山,Yingzizuishan,23.2450106,120.9377098,3306,,,,
12468295198,summit_board,鷹仔尖,,,25.1262676,121.4286727,434,,,,
12468291838,summit_board,鷹山,鷹山,Yingshan,24.709481,121.3714224,885.40,,,Q49754690,
12468292595,summit_board,鷹山東峰,鷹山東峰,Yingshandongfeng,24.7091478,121.3834662,1062,,,,
12468293576,summit_board,鷹石尖,鶯石尖,Eagle Rock Point,24.9411197,121.8833402,410.56,,,Q31611325,
12468291534,summit_board,鷺鷥潭山,鷺鷥潭山,Lusitanshan,24.9333377,121.6120131,,,,,
12468294160,summit_board,鸞山,鸞山,Luanshan,22.9053004,121.1539102,210.00,,,,
12468295299,summit_board,鹽山頂,鹽山頂,Salt Mountain,23.1542147,120.1001216,,,,,
12468291993,summit_board,鹽草林山,鹽草林山,Yancaolinshan,24.8704363,121.801748,388.85,,,Q31611448,
12468291731,summit_board,鹿仔望峰,鹿仔望峰,Luzaiwangfeng,24.4009356,120.8357276,796,,,Q31618594,
12468294399,summit_board,鹿坑山,鹿坑山,Lukengshan,24.5229569,121.0669584,2040.00,,,,
12468294098,summit_board,鹿坪山,鹿坪山,Lupingshan,23.2936959,120.4829685,443.58,,,Q31600815,
12468293891,summit_board,鹿堀坪山,鹿堀坪山,Mt. Lukuping (鹿堀坪),25.1686373,121.6130463,644.55,,,,
12468294436,summit_board,鹿場大山北峰,鹿場大山北峰,Luchangdashanbeifeng,24.4995173,121.0712976,2590.00,,,,
12468293652,summit_board,鹿寮坑山,鹿寮坑山,Luliaokengshan,24.7374843,121.135343,305.09,,,,
12468291759,summit_board,鹿寮山,鹿寮山,Luliaoshan,25.1139615,121.6585368,,,,,
12468292764,summit_board,鹿寮山,鹿寮山,Luliaoshan,23.6760148,120.739851,1228,,,Q31600976,
12468294537,summit_board,鹿寮山,鹿寮山,Luliaoshan,22.9502015,121.0863408,1232.59,,,,
12468292741,summit_board,鹿寮東山,鹿寮東山,Luliaodongshan,22.9271246,121.1628717,299,,,Q31391565,
12468295131,summit_board,鹿屈山,鹿屈山,Luqushan,23.6011326,120.789729,2293,,,Q31600990,
12468295130,summit_board,鹿屈山前峰,鹿屈山前峰,Luqushanqianfeng,23.6156614,120.7875484,2213,,,,
12468292706,summit_board,鹿山,,,24.5319843,121.0535316,1547,,,,
12468294473,summit_board,鹿山,鹿山,Lushan,23.4506319,120.9886093,2980.76,,,Q38242288,
12468293713,summit_board,鹿廚坑山,鹿廚坑山,Luchukengshan,24.6483048,120.8953576,101.73,,,,
12468295110,summit_board,鹿林前山,鹿林前山,Lulinqianshan,23.4686508,120.8732531,2862,,,Q31621433,
12468295109,summit_board,鹿林山,鹿林山,Lulinshan,23.4677044,120.8806606,2845,,,,
12468292886,summit_board,鹿母潭山,鹿母潭山,Lumutanshan,24.9065717,121.4747467,604,,,,
12468293474,summit_board,鹿滿山,鹿滿山,Lumanshan,23.4933963,120.5287686,129.88,,,,
12468294948,summit_board,鹿皮山,鹿皮山,Lupishan,24.4882556,121.7277945,1666.38,,,Q31600803,
12468295081,summit_board,鹿窟尖,鹿窟尖,Lukujian,24.88999,121.3938568,643,,,Q31595219,
12468293577,summit_board,鹿窟尾尖,鹿窟尾尖,Lukuweijian,24.9641967,121.8829522,552.72,,,,
12468293496,summit_board,鹿蒿山,鹿蒿山,Luhaoshan,23.9247829,120.9318695,790.00,,,,
12468293102,summit_board,鹿角坑山,鹿角坑山,Lujiaokengshan,25.1952596,121.5660671,467.00,,,,
12468291860,summit_board,鹿角山,鹿角山,Lujiaoshan,23.9716586,120.8612555,678.66,,,Q31601018,
12468295051,summit_board,鹿陶洋山,鹿陶洋山,Lutaoyangshan,23.1553704,120.4984741,263.67,,,Q31391558,
12468292257,summit_board,鹿鳴山,鹿鳴山,Lumingshan,23.3168281,121.2425531,842,,,,
12468291828,summit_board,鹿鵠崙,鹿鵠崙,Luhulun,24.9019979,121.5142313,781,,,,
12468291533,summit_board,麒麟山,,,24.9161506,121.4566599,430,,,,
12468293079,summit_board,麗山峰,麗山峰,Lishan Peak,25.0295383,121.5972991,155.00,,,,
12468295108,summit_board,麟趾山,麟趾山,Linzhishan,23.4755484,120.8924163,2854,,,Q31621613,
12468291843,summit_board,麥巴來山,麥巴來山,Maibalaishan,24.5907805,121.1788827,2113.29,,,Q31600712,
12468294432,summit_board,麥巴來山西北峰,麥巴來山西北峰,Maibalaishanxibeifeng,24.6097661,121.1607195,1260.00,,,,
12468294431,summit_board,麥巴來山西峰,麥巴來山西峰,Maibalaishanxifeng,24.5982063,121.1546121,1330.00,,,,
12468292026,summit_board,麥樹仁山,麥樹仁山,Maishurenshan,24.7177075,121.1986774,758.27,,,Q31600686,
12468291484,summit_board,"麥樹仁山南峰,707m",,,24.7150967,121.1979739,,,,,
12468294510,summit_board,麻乾於巒山,麻乾於巒山,Maqianyuluanshan,23.1374854,120.896094,2872.74,,,Q31614304,
12468294665,summit_board,麻加蘭山,麻加蘭山,Majialanshan,24.3792968,121.6213645,1240.12,,,Q31624347,
12468293592,summit_board,麻園山,麻園山,Mayuanshan,24.5856116,120.7829071,107.58,,,,
12468293748,summit_board,麻埔山,麻埔山,Mapushan,25.1173812,121.3136772,119.80,,,,
12468294570,summit_board,麻留貿山,麻留貿山,Maliumaoshan,22.8013607,120.7601816,2287.67,,,Q31602183,
12468293782,summit_board,麻竹坑山,麻竹坑山,Mazhukengshan,25.0282104,121.8458729,113.43,,,,
12468294289,summit_board,麻竹湖山,麻竹湖山,Mazhuhushan,23.1726379,120.5396782,468.53,,,,
12468294996,summit_board,麻荖漏山,麻荖漏山,Malaoloushan,23.1396775,121.3222268,1682.26,,,Q31602987,
12468292978,summit_board,麻須保留,麻須保留,Maxubaoliu,23.2083,120.97797,2178,,,,
12468292568,summit_board,黃土山,黃土山,Huangtushan,24.460671,120.6672744,,,,,
12468293724,summit_board,黃子坑頭,黃子坑頭,Huangzikengtou,25.0431771,121.4111664,230.97,,,,
12468293762,summit_board,黃櫸皮寮山,黃櫸皮寮山,Huangjupiliaoshan,24.9394054,121.685772,441.11,,,Q31615903,
12468291578,summit_board,黃當擴山,黃當擴山,Huangdangkuoshan,23.5468888,121.068295,,,,,
12468291571,summit_board,黃當擴山中峰,黃當擴山中峰,Huangdangkuoshanzhongfeng,23.533999,121.0753253,3163,,,Q31623698,
12468291740,summit_board,黃金台,黃金台,Huangjintai,25.1073364,121.8683911,,,,,
12468293530,summit_board,黃麻園山,黃麻園山,Huangmayuanshan,24.4142263,120.8328994,653.35,,,,
12468292892,summit_board,黃麻山,黃麻山,Huangmashan,23.3397016,121.2074177,1288,,,Q31614882,
12468293395,summit_board,黎子坑山,黎子坑山,Lizikengshan,22.961598,120.4998741,157.09,,,,
12468291656,summit_board,黑山,,Hei mountain,24.1695088,120.8028113,794,,,,
12468291807,summit_board,黑山北峰,黑山北峰,Heishanbeifeng,24.1724934,120.8020233,823,,,,
12468292511,summit_board,黑岩山,黑岩山,Heiyanshan,24.1934973,121.3562496,2960,,,Q31603684,
12468294865,summit_board,黑田山,黑田山,Heitianshan,24.1405678,120.8939109,1064.46,,,Q31603698,
12468291456,summit_board,黑田山南峰,,,24.1256774,120.8938687,774,,,,
12468291449,summit_board,黑田山東南峰,,,24.1342808,120.8993869,730,,,,
12805988391,summit_board,黑石崁山,,,23.3342171,120.5430329,1122,,,,
12468291468,summit_board,黑黑谷山,,,23.7798666,120.9798048,1266,,,,
12468291467,summit_board,黑黑谷山北,,,23.7815454,120.9799662,1218,,,,
12468291470,summit_board,黑黑谷山南,,,23.7762138,120.9803987,1265,,,,
13316121451,summit_board,黑黑谷山西北峰,,,23.7862821,120.9761632,1112,,,,
12468292987,summit_board,鼻頭山,鼻頭山,Bitoushan,25.1234219,121.9195466,117.65,,,Q31392199,
12468294251,summit_board,鼻頭山,鼻頭山,Bitoushan,22.1012484,120.8906288,257.00,,,,
12468291728,summit_board,龍女岩,龍女岩,Longnvyan,25.1294596,121.4250257,421,,,,
13326171820,summit_board,龍岡山,,,24.9878666,121.9005498,429,,,,
12468294568,summit_board,龍母拜山,龍母拜山,Longmubaishan,22.8422535,120.6521161,732.45,,,Q31620826,
12468293169,summit_board,龍母拜山南峰,龍母拜山南峰,Longmubaishannanfeng,22.8271946,120.6448133,432.24,,,,
12468292966,summit_board,龍潭山,龍潭山,Longtanshan,25.1117618,121.8215376,199,,,Q31392201,
12468291738,summit_board,龍牙岩,龍牙岩,Longyayan,25.1098856,121.8750025,,,,,
12468291960,summit_board,龍船子,龍船子,Longchuanzi,24.4443797,120.8442909,654.76,,,,
12468292848,summit_board,龍船山,龍船山,Longchuanshan,22.9521401,120.4322368,350,,,,
12468293449,summit_board,龍船窩山,龍船窩山,LongchuanwoShan,22.9609973,120.4366941,354,,,,
10016552139,summit_board,龍虎山,,,22.723272,120.3822645,113,,,,
12468292355,summit_board,龍門山,龍門山,Longmenshan,25.0830406,121.7594954,377,,,,
13319324592,summit_board,龍門山,龍門山,Longmenshan,25.0829244,121.7596078,377,,,,
12468293664,summit_board,龍頂山,龍頂山,Longdingshan,24.6606412,121.0130074,311.88,,,,
12468292842,summit_board,龍頭山,龍頭山,Dragon's Head Mountain,22.9112619,120.6861257,,,,Q31620911,
12468292133,summit_board,龍鳳山,龍鳳山,Longfengshan,23.6549778,120.7816166,1716,,,,
12468293243,summit_board,龍鳳山,龍鳳山,Longfengshan,25.146918,121.7318345,143.00,,,,
12480568452,summit_board,龍鳳山,,,25.1036514,121.7145551,92,,,,
12468292131,summit_board,龍鳳峽山,龍鳳峽山,Longfengxiashan,23.6555085,120.7792638,1760,,,,
12468293465,summit_board,龜丹山,龜丹山,Guidanshan,23.1308626,120.5025524,179.00,,,Q31391592,
12468293464,summit_board,龜丹東山,龜丹東山,Guidandongshan,23.1309038,120.5209146,327.05,,,Q31610584,
12468291689,summit_board,龜公山,龜公山,Guigongshan,24.9628522,121.3666492,205,,,,
12468294020,summit_board,龜呵吠山,龜呵吠山,Guihefeishan,21.9658461,120.8076414,276.20,,,,
12468293516,summit_board,龜子坑山,龜子坑山,Guizikengshan,23.831442,120.8952951,674.36,,,,
12468295252,summit_board,龜子山,龜子山,Guizishan,23.237324,120.4674665,255.125,,,Q31392536,
12468294234,summit_board,龜子角山,龜子角山,Guizijiaoshan,21.9848033,120.8433116,20.00,,,,
12809317843,summit_board,龜子頭坑山,,,23.1929237,120.5776628,1067,,,,
12468292926,summit_board,龜子頭山,龜子頭山,Guizitoushan,24.0083333,120.8335,700.83,,,,
12468292623,summit_board,龜山,龜山,Guishan,24.6935773,121.035302,,,,Q31392047,
12468292963,summit_board,龜山,龜山,Guishan,24.4095734,120.7756532,,,,Q31618500,
12468292996,summit_board,龜山,龜山,Guishan,22.6789204,120.291144,,,,,
12468293024,summit_board,龜山,龜山,Guishan,24.4198133,120.8646538,,,,,
12468293978,summit_board,龜山,龜山,Guishan,23.5651923,119.5140955,55.87,,,,
12468294817,summit_board,龜山,龜山,Guishan,24.4559315,121.8173184,182.28,,,Q31391594,
12468295018,summit_board,龜山,龜山,Guishan,22.0519148,120.7010493,81,,,Q31391598,
12468295200,summit_board,龜山島,龜山島,Guishandao,24.841557,121.9531251,398,,,,
12468293563,summit_board,龜山頭山,龜山頭山,Guishantoushan,24.8366621,121.9620479,244.34,,,,
12468293729,summit_board,龜崙口,龜崙口,Guilunkou,25.0047329,121.3375619,224.19,,,Q31392516,
12828483104,summit_board,龜形山,,,23.281262,120.5166631,721,,,,
12468293356,summit_board,龜窟山,龜窟山,Guikushan,24.8903261,121.6793055,550.00,,,,
12468293548,summit_board,龜舌子山,龜舌子山,Guishezishan,24.1206345,120.7610204,317.40,,,,
12468291546,summit_board,龜頭山,龜頭山,Guitoushan,25.2136512,121.6974702,,,,Q31619922,
